<?xml version="1.0" encoding="UTF-8"?>
<osm version="0.6" generator="openstreetmap-cgimap 2.1.0 (2942777 spike-08.openstreetmap.org)" copyright="OpenStreetMap and contributors" attribution="http://www.openstreetmap.org/copyright" license="http://opendatacommons.org/licenses/odbl/1-0/">
 <bounds minlat="43.0500000" minlon="-76.1545000" maxlat="43.0520000" maxlon="-76.1520000"/>
 <node id="212787778" visible="true" version="4" changeset="152000152" timestamp="2024-05-29T17:35:05Z" user="glitterbery" uid="21402285" lat="43.0509120" lon="-76.1493260"/>
 <node id="212794758" visible="true" version="2" changeset="3077568" timestamp="2009-11-09T20:55:28Z" user="woodpeck_fixbot" uid="147510" lat="43.0509030" lon="-76.1521750"/>
 <node id="212794761" visible="true" version="7" changeset="185308195" timestamp="2026-07-08T01:20:01Z" user="OnionLord" uid="24274445" lat="43.0505431" lon="-76.1521820">
  <tag k="button_operated" v="yes"/>
  <tag k="crossing" v="traffic_signals"/>
  <tag k="highway" v="traffic_signals"/>
  <tag k="source" v="survey"/>
 </node>
 <node id="212794763" visible="true" version="2" changeset="2149632" timestamp="2009-08-15T06:17:05Z" user="woodpeck_fixbot" uid="147510" lat="43.0498280" lon="-76.1522000"/>
 <node id="212794765" visible="true" version="6" changeset="19176166" timestamp="2013-11-29T10:51:27Z" user="DTHG" uid="463044" lat="43.0495938" lon="-76.1522030">
  <tag k="crossing" v="traffic_signals"/>
  <tag k="highway" v="traffic_signals"/>
  <tag k="source" v="survey"/>
 </node>
 <node id="212795424" visible="true" version="4" changeset="11077289" timestamp="2012-03-23T19:09:22Z" user="user_599436" uid="599436" lat="43.0505334" lon="-76.1518114"/>
 <node id="212795427" visible="true" version="3" changeset="11706878" timestamp="2012-05-26T13:56:56Z" user="user_599436" uid="599436" lat="43.0505090" lon="-76.1507650">
  <tag k="highway" v="traffic_signals"/>
 </node>
 <node id="212796093" visible="true" version="5" changeset="16146564" timestamp="2013-05-16T01:38:33Z" user="DTHG" uid="463044" lat="43.0512690" lon="-76.1521710">
  <tag k="crossing" v="traffic_signals"/>
  <tag k="highway" v="traffic_signals"/>
  <tag k="source" v="survey"/>
 </node>
 <node id="212796097" visible="true" version="4" changeset="16146564" timestamp="2013-05-16T01:38:33Z" user="DTHG" uid="463044" lat="43.0523690" lon="-76.1521600">
  <tag k="crossing" v="traffic_signals"/>
  <tag k="highway" v="traffic_signals"/>
  <tag k="source" v="survey"/>
 </node>
 <node id="212796100" visible="true" version="4" changeset="16146564" timestamp="2013-05-16T01:38:34Z" user="DTHG" uid="463044" lat="43.0533120" lon="-76.1521390">
  <tag k="crossing" v="traffic_signals"/>
  <tag k="highway" v="traffic_signals"/>
  <tag k="source" v="survey"/>
 </node>
 <node id="212811386" visible="true" version="2" changeset="3242284" timestamp="2009-11-29T04:52:02Z" user="woodpeck_fixbot" uid="147510" lat="43.0508990" lon="-76.1493680"/>
 <node id="212811389" visible="true" version="2" changeset="2826434" timestamp="2009-10-12T15:32:14Z" user="woodpeck_fixbot" uid="147510" lat="43.0508900" lon="-76.1494450"/>
 <node id="212811391" visible="true" version="2" changeset="3077568" timestamp="2009-11-09T20:56:10Z" user="woodpeck_fixbot" uid="147510" lat="43.0508760" lon="-76.1500160"/>
 <node id="212811393" visible="true" version="3" changeset="11706878" timestamp="2012-05-26T13:56:57Z" user="user_599436" uid="599436" lat="43.0508860" lon="-76.1507580">
  <tag k="highway" v="traffic_signals"/>
 </node>
 <node id="212819209" visible="true" version="2" changeset="3077568" timestamp="2009-11-09T20:56:31Z" user="woodpeck_fixbot" uid="147510" lat="43.0509060" lon="-76.1535290"/>
 <node id="212850475" visible="true" version="2" changeset="3242284" timestamp="2009-11-29T04:53:36Z" user="woodpeck_fixbot" uid="147510" lat="43.0533310" lon="-76.1534550"/>
 <node id="212865597" visible="true" version="3" changeset="12538966" timestamp="2012-07-29T18:57:12Z" user="RussNelson" uid="3962" lat="43.0505420" lon="-76.1535390">
  <tag k="highway" v="traffic_signals"/>
 </node>
 <node id="212865601" visible="true" version="5" changeset="19176166" timestamp="2013-11-29T10:51:29Z" user="DTHG" uid="463044" lat="43.0496020" lon="-76.1535580">
  <tag k="crossing" v="traffic_signals"/>
  <tag k="highway" v="traffic_signals"/>
  <tag k="source" v="survey"/>
 </node>
 <node id="212871712" visible="true" version="6" changeset="170532801" timestamp="2025-08-16T17:09:37Z" user="bartpio" uid="21420437" lat="43.0519602" lon="-76.1550739">
  <tag k="crossing" v="traffic_signals"/>
  <tag k="highway" v="traffic_signals"/>
  <tag k="tactile_paving" v="yes"/>
 </node>
 <node id="212871716" visible="true" version="2" changeset="2826434" timestamp="2009-10-12T15:42:25Z" user="woodpeck_fixbot" uid="147510" lat="43.0517400" lon="-76.1545510"/>
 <node id="212871719" visible="true" version="3" changeset="14361222" timestamp="2012-12-22T00:57:34Z" user="DTHG" uid="463044" lat="43.0512960" lon="-76.1535200">
  <tag k="highway" v="traffic_signals"/>
 </node>
 <node id="212947683" visible="true" version="2" changeset="2826434" timestamp="2009-10-12T15:57:01Z" user="woodpeck_fixbot" uid="147510" lat="43.0512590" lon="-76.1508580"/>
 <node id="212947687" visible="true" version="4" changeset="15976764" timestamp="2013-05-04T20:35:50Z" user="DTHG" uid="463044" lat="43.0512780" lon="-76.1507530">
  <tag k="crossing" v="traffic_signals"/>
  <tag k="highway" v="traffic_signals"/>
 </node>
 <node id="212982173" visible="true" version="2" changeset="2826434" timestamp="2009-10-12T16:04:09Z" user="woodpeck_fixbot" uid="147510" lat="43.0505640" lon="-76.1554840"/>
 <node id="213032914" visible="true" version="3" changeset="13448965" timestamp="2012-10-11T01:31:04Z" user="user_599436" uid="599436" lat="43.0524020" lon="-76.1549010">
  <tag k="highway" v="traffic_signals"/>
 </node>
 <node id="213077663" visible="true" version="2" changeset="2149632" timestamp="2009-08-15T06:37:11Z" user="woodpeck_fixbot" uid="147510" lat="43.0523870" lon="-76.1534720"/>
 <node id="213112040" visible="true" version="4" changeset="150244418" timestamp="2024-04-20T00:27:30Z" user="andrewpmk" uid="1679" lat="43.0505713" lon="-76.1553503">
  <tag k="direction" v="forward"/>
  <tag k="highway" v="stop"/>
 </node>
 <node id="1687543199" visible="true" version="2" changeset="23401785" timestamp="2014-06-30T22:46:26Z" user="user_599436" uid="599436" lat="43.0507386" lon="-76.1526273"/>
 <node id="1687543202" visible="true" version="2" changeset="23401785" timestamp="2014-06-30T22:46:26Z" user="user_599436" uid="599436" lat="43.0507437" lon="-76.1531893"/>
 <node id="1687543204" visible="true" version="2" changeset="23401785" timestamp="2014-06-30T22:46:26Z" user="user_599436" uid="599436" lat="43.0508197" lon="-76.1525197"/>
 <node id="1687543206" visible="true" version="2" changeset="23401785" timestamp="2014-06-30T22:46:26Z" user="user_599436" uid="599436" lat="43.0508207" lon="-76.1526259"/>
 <node id="1687543207" visible="true" version="2" changeset="23401785" timestamp="2014-06-30T22:46:26Z" user="user_599436" uid="599436" lat="43.0508307" lon="-76.1531879"/>
 <node id="1687543208" visible="true" version="2" changeset="23401785" timestamp="2014-06-30T22:46:26Z" user="user_599436" uid="599436" lat="43.0508315" lon="-76.1532793"/>
 <node id="1687543210" visible="true" version="2" changeset="23401785" timestamp="2014-06-30T22:46:26Z" user="user_599436" uid="599436" lat="43.0509778" lon="-76.1525171"/>
 <node id="1687543211" visible="true" version="2" changeset="23401785" timestamp="2014-06-30T22:46:26Z" user="user_599436" uid="599436" lat="43.0509847" lon="-76.1532767"/>
 <node id="1687543212" visible="true" version="3" changeset="23401785" timestamp="2014-06-30T22:46:26Z" user="user_599436" uid="599436" lat="43.0510727" lon="-76.1528606"/>
 <node id="1687543213" visible="true" version="3" changeset="23401785" timestamp="2014-06-30T22:46:26Z" user="user_599436" uid="599436" lat="43.0510725" lon="-76.1529427"/>
 <node id="1687543214" visible="true" version="3" changeset="23401785" timestamp="2014-06-30T22:46:26Z" user="user_599436" uid="599436" lat="43.0511267" lon="-76.1528608"/>
 <node id="1687543216" visible="true" version="3" changeset="23401785" timestamp="2014-06-30T22:46:26Z" user="user_599436" uid="599436" lat="43.0511265" lon="-76.1529429"/>
 <node id="1689836364" visible="true" version="2" changeset="81689036" timestamp="2020-03-02T16:21:28Z" user="hofoen" uid="52797" lat="43.0510084" lon="-76.1515561"/>
 <node id="1689836366" visible="true" version="2" changeset="81689036" timestamp="2020-03-02T16:21:28Z" user="hofoen" uid="52797" lat="43.0510158" lon="-76.1520448"/>
 <node id="1689836367" visible="true" version="2" changeset="81689036" timestamp="2020-03-02T16:21:28Z" user="hofoen" uid="52797" lat="43.0511849" lon="-76.1515511"/>
 <node id="1689836368" visible="true" version="2" changeset="81689036" timestamp="2020-03-02T16:21:28Z" user="hofoen" uid="52797" lat="43.0511924" lon="-76.1520398"/>
 <node id="1701465670" visible="true" version="3" changeset="110868414" timestamp="2021-09-07T16:06:41Z" user="bncrain" uid="7208213" lat="43.0506616" lon="-76.1540870"/>
 <node id="1701465672" visible="true" version="3" changeset="110868414" timestamp="2021-09-07T16:06:41Z" user="bncrain" uid="7208213" lat="43.0506659" lon="-76.1545389"/>
 <node id="1701465683" visible="true" version="3" changeset="110868414" timestamp="2021-09-07T16:06:41Z" user="bncrain" uid="7208213" lat="43.0507299" lon="-76.1545378"/>
 <node id="1701465686" visible="true" version="3" changeset="110868414" timestamp="2021-09-07T16:06:41Z" user="bncrain" uid="7208213" lat="43.0507303" lon="-76.1545726"/>
 <node id="1701465688" visible="true" version="3" changeset="110868414" timestamp="2021-09-07T16:06:41Z" user="bncrain" uid="7208213" lat="43.0507860" lon="-76.1545369"/>
 <node id="1701465690" visible="true" version="3" changeset="110868414" timestamp="2021-09-07T16:06:41Z" user="bncrain" uid="7208213" lat="43.0507864" lon="-76.1545716"/>
 <node id="1701465692" visible="true" version="3" changeset="110868414" timestamp="2021-09-07T16:06:41Z" user="bncrain" uid="7208213" lat="43.0508177" lon="-76.1540842"/>
 <node id="1701465694" visible="true" version="3" changeset="110868414" timestamp="2021-09-07T16:06:41Z" user="bncrain" uid="7208213" lat="43.0508220" lon="-76.1545362"/>
 <node id="1711828868" visible="true" version="2" changeset="110345526" timestamp="2021-08-27T14:25:03Z" user="bncrain" uid="7208213" lat="43.0496992" lon="-76.1523508"/>
 <node id="1711828869" visible="true" version="2" changeset="110345526" timestamp="2021-08-27T14:25:03Z" user="bncrain" uid="7208213" lat="43.0496992" lon="-76.1529799"/>
 <node id="1711828870" visible="true" version="1" changeset="11269181" timestamp="2012-04-11T19:27:06Z" user="user_599436" uid="599436" lat="43.0497010" lon="-76.1534245"/>
 <node id="1711828871" visible="true" version="2" changeset="110345526" timestamp="2021-08-27T14:25:03Z" user="bncrain" uid="7208213" lat="43.0497874" lon="-76.1523508"/>
 <node id="1711828872" visible="true" version="1" changeset="11269181" timestamp="2012-04-11T19:27:06Z" user="user_599436" uid="599436" lat="43.0499005" lon="-76.1528223"/>
 <node id="1711828873" visible="true" version="1" changeset="11269181" timestamp="2012-04-11T19:27:06Z" user="user_599436" uid="599436" lat="43.0499005" lon="-76.1529659"/>
 <node id="1711828874" visible="true" version="1" changeset="11269181" timestamp="2012-04-11T19:27:06Z" user="user_599436" uid="599436" lat="43.0500714" lon="-76.1528223"/>
 <node id="1711828875" visible="true" version="1" changeset="11269181" timestamp="2012-04-11T19:27:06Z" user="user_599436" uid="599436" lat="43.0500714" lon="-76.1529659"/>
 <node id="1711828876" visible="true" version="2" changeset="110345526" timestamp="2021-08-27T14:25:03Z" user="bncrain" uid="7208213" lat="43.0501477" lon="-76.1523508"/>
 <node id="1711828877" visible="true" version="2" changeset="110345526" timestamp="2021-08-27T14:25:03Z" user="bncrain" uid="7208213" lat="43.0501477" lon="-76.1524342"/>
 <node id="1711828878" visible="true" version="2" changeset="110345526" timestamp="2021-08-27T14:25:03Z" user="bncrain" uid="7208213" lat="43.0501485" lon="-76.1529800"/>
 <node id="1711828879" visible="true" version="2" changeset="110345526" timestamp="2021-08-27T14:25:03Z" user="bncrain" uid="7208213" lat="43.0501485" lon="-76.1531987"/>
 <node id="1711828880" visible="true" version="1" changeset="11269181" timestamp="2012-04-11T19:27:06Z" user="user_599436" uid="599436" lat="43.0501503" lon="-76.1534245"/>
 <node id="1711828889" visible="true" version="2" changeset="110345526" timestamp="2021-08-27T14:25:03Z" user="bncrain" uid="7208213" lat="43.0503531" lon="-76.1523912"/>
 <node id="1711828890" visible="true" version="2" changeset="110345526" timestamp="2021-08-27T14:25:03Z" user="bncrain" uid="7208213" lat="43.0503531" lon="-76.1524343"/>
 <node id="1711828891" visible="true" version="2" changeset="110345526" timestamp="2021-08-27T14:25:03Z" user="bncrain" uid="7208213" lat="43.0503769" lon="-76.1528621"/>
 <node id="1711828892" visible="true" version="2" changeset="110345526" timestamp="2021-08-27T14:25:03Z" user="bncrain" uid="7208213" lat="43.0503769" lon="-76.1530781"/>
 <node id="1711828893" visible="true" version="2" changeset="110345526" timestamp="2021-08-27T14:25:03Z" user="bncrain" uid="7208213" lat="43.0503991" lon="-76.1530781"/>
 <node id="1711828894" visible="true" version="2" changeset="110345526" timestamp="2021-08-27T14:25:03Z" user="bncrain" uid="7208213" lat="43.0503991" lon="-76.1531987"/>
 <node id="1711828895" visible="true" version="2" changeset="110345526" timestamp="2021-08-27T14:25:03Z" user="bncrain" uid="7208213" lat="43.0504313" lon="-76.1523912"/>
 <node id="1711828896" visible="true" version="2" changeset="110345526" timestamp="2021-08-27T14:25:03Z" user="bncrain" uid="7208213" lat="43.0504313" lon="-76.1528621"/>
 <node id="1711828921" visible="true" version="1" changeset="11269181" timestamp="2012-04-11T19:27:08Z" user="user_599436" uid="599436" lat="43.0512852" lon="-76.1534803"/>
 <node id="1711828923" visible="true" version="1" changeset="11269181" timestamp="2012-04-11T19:27:08Z" user="user_599436" uid="599436" lat="43.0512856" lon="-76.1535190"/>
 <node id="1739184550" visible="true" version="1" changeset="11488141" timestamp="2012-05-03T12:06:22Z" user="user_599436" uid="599436" lat="43.0507411" lon="-76.1533080">
  <tag k="historic" v="memorial"/>
  <tag k="name" v="Jerry Rescue Monument"/>
 </node>
 <node id="1756178185" visible="true" version="1" changeset="11623701" timestamp="2012-05-17T14:00:06Z" user="user_599436" uid="599436" lat="43.0497806" lon="-76.1530863"/>
 <node id="1756178186" visible="true" version="1" changeset="11623701" timestamp="2012-05-17T14:00:06Z" user="user_599436" uid="599436" lat="43.0497811" lon="-76.1532255"/>
 <node id="1756178187" visible="true" version="1" changeset="11623701" timestamp="2012-05-17T14:00:06Z" user="user_599436" uid="599436" lat="43.0497815" lon="-76.1533170"/>
 <node id="1756178191" visible="true" version="1" changeset="11623701" timestamp="2012-05-17T14:00:07Z" user="user_599436" uid="599436" lat="43.0500712" lon="-76.1530843"/>
 <node id="1756178192" visible="true" version="1" changeset="11623701" timestamp="2012-05-17T14:00:07Z" user="user_599436" uid="599436" lat="43.0500720" lon="-76.1533151"/>
 <node id="1756178198" visible="true" version="1" changeset="11623701" timestamp="2012-05-17T14:00:07Z" user="user_599436" uid="599436" lat="43.0505475" lon="-76.1539005"/>
 <node id="1756178199" visible="true" version="1" changeset="11623701" timestamp="2012-05-17T14:00:07Z" user="user_599436" uid="599436" lat="43.0505585" lon="-76.1546162"/>
 <node id="1756178200" visible="true" version="1" changeset="11623701" timestamp="2012-05-17T14:00:07Z" user="user_599436" uid="599436" lat="43.0505681" lon="-76.1552450"/>
 <node id="1756178211" visible="true" version="1" changeset="11623701" timestamp="2012-05-17T14:00:08Z" user="user_599436" uid="599436" lat="43.0508124" lon="-76.1529125">
  <tag k="amenity" v="fountain"/>
 </node>
 <node id="1756178212" visible="true" version="1" changeset="11623701" timestamp="2012-05-17T14:00:08Z" user="user_599436" uid="599436" lat="43.0508932" lon="-76.1513605"/>
 <node id="1756178241" visible="true" version="1" changeset="11623701" timestamp="2012-05-17T14:00:08Z" user="user_599436" uid="599436" lat="43.0512628" lon="-76.1513506"/>
 <node id="1772631718" visible="true" version="1" changeset="11767362" timestamp="2012-06-01T12:45:42Z" user="user_599436" uid="599436" lat="43.0496971" lon="-76.1520757"/>
 <node id="1772631719" visible="true" version="1" changeset="11767362" timestamp="2012-06-01T12:45:43Z" user="user_599436" uid="599436" lat="43.0496972" lon="-76.1518118"/>
 <node id="1772631735" visible="true" version="1" changeset="11767362" timestamp="2012-06-01T12:45:43Z" user="user_599436" uid="599436" lat="43.0501010" lon="-76.1517073"/>
 <node id="1772631737" visible="true" version="1" changeset="11767362" timestamp="2012-06-01T12:45:43Z" user="user_599436" uid="599436" lat="43.0501321" lon="-76.1517760"/>
 <node id="1772631738" visible="true" version="1" changeset="11767362" timestamp="2012-06-01T12:45:43Z" user="user_599436" uid="599436" lat="43.0501322" lon="-76.1518032"/>
 <node id="1772631739" visible="true" version="1" changeset="11767362" timestamp="2012-06-01T12:45:43Z" user="user_599436" uid="599436" lat="43.0501329" lon="-76.1520759"/>
 <node id="1772631742" visible="true" version="1" changeset="11767362" timestamp="2012-06-01T12:45:43Z" user="user_599436" uid="599436" lat="43.0502040" lon="-76.1518749"/>
 <node id="1772631743" visible="true" version="1" changeset="11767362" timestamp="2012-06-01T12:45:44Z" user="user_599436" uid="599436" lat="43.0502044" lon="-76.1518566"/>
 <node id="1772631745" visible="true" version="1" changeset="11767362" timestamp="2012-06-01T12:45:44Z" user="user_599436" uid="599436" lat="43.0502917" lon="-76.1515573"/>
 <node id="1772631746" visible="true" version="1" changeset="11767362" timestamp="2012-06-01T12:45:44Z" user="user_599436" uid="599436" lat="43.0503662" lon="-76.1517344"/>
 <node id="1772631747" visible="true" version="1" changeset="11767362" timestamp="2012-06-01T12:45:44Z" user="user_599436" uid="599436" lat="43.0504230" lon="-76.1520761"/>
 <node id="1772631748" visible="true" version="1" changeset="11767362" timestamp="2012-06-01T12:45:44Z" user="user_599436" uid="599436" lat="43.0504231" lon="-76.1518699"/>
 <node id="1845299470" visible="true" version="2" changeset="28987899" timestamp="2015-02-20T22:08:15Z" user="user_599436" uid="599436" lat="43.0498130" lon="-76.1544361"/>
 <node id="1845299471" visible="true" version="2" changeset="28987899" timestamp="2015-02-20T22:08:16Z" user="user_599436" uid="599436" lat="43.0498150" lon="-76.1547870"/>
 <node id="1845299472" visible="true" version="2" changeset="28987899" timestamp="2015-02-20T22:08:16Z" user="user_599436" uid="599436" lat="43.0499899" lon="-76.1544343"/>
 <node id="1845299473" visible="true" version="2" changeset="28987899" timestamp="2015-02-20T22:08:16Z" user="user_599436" uid="599436" lat="43.0499899" lon="-76.1544430"/>
 <node id="1845299474" visible="true" version="2" changeset="28987899" timestamp="2015-02-20T22:08:16Z" user="user_599436" uid="599436" lat="43.0499917" lon="-76.1547668"/>
 <node id="1845299475" visible="true" version="2" changeset="28987899" timestamp="2015-02-20T22:08:16Z" user="user_599436" uid="599436" lat="43.0499918" lon="-76.1547852"/>
 <node id="1845299476" visible="true" version="3" changeset="28987899" timestamp="2015-02-20T22:08:16Z" user="user_599436" uid="599436" lat="43.0500875" lon="-76.1537094"/>
 <node id="1845299477" visible="true" version="2" changeset="28987899" timestamp="2015-02-20T22:08:16Z" user="user_599436" uid="599436" lat="43.0500905" lon="-76.1542472"/>
 <node id="1845299478" visible="true" version="2" changeset="28987899" timestamp="2015-02-20T22:08:16Z" user="user_599436" uid="599436" lat="43.0501058" lon="-76.1543225"/>
 <node id="1845299479" visible="true" version="2" changeset="28987899" timestamp="2015-02-20T22:08:16Z" user="user_599436" uid="599436" lat="43.0501064" lon="-76.1544418"/>
 <node id="1845299480" visible="true" version="2" changeset="28987899" timestamp="2015-02-20T22:08:16Z" user="user_599436" uid="599436" lat="43.0501082" lon="-76.1547656"/>
 <node id="1845299481" visible="true" version="2" changeset="28987899" timestamp="2015-02-20T22:08:16Z" user="user_599436" uid="599436" lat="43.0501089" lon="-76.1548984"/>
 <node id="1845299482" visible="true" version="2" changeset="28987899" timestamp="2015-02-20T22:08:16Z" user="user_599436" uid="599436" lat="43.0501105" lon="-76.1542470"/>
 <node id="1845299484" visible="true" version="2" changeset="28987899" timestamp="2015-02-20T22:08:16Z" user="user_599436" uid="599436" lat="43.0501389" lon="-76.1542467"/>
 <node id="1845299486" visible="true" version="2" changeset="28987899" timestamp="2015-02-20T22:08:16Z" user="user_599436" uid="599436" lat="43.0502855" lon="-76.1543206"/>
 <node id="1845299487" visible="true" version="2" changeset="28987899" timestamp="2015-02-20T22:08:16Z" user="user_599436" uid="599436" lat="43.0502886" lon="-76.1548965"/>
 <node id="1845299488" visible="true" version="2" changeset="28987899" timestamp="2015-02-20T22:08:16Z" user="user_599436" uid="599436" lat="43.0503756" lon="-76.1537064"/>
 <node id="1845299489" visible="true" version="2" changeset="28987899" timestamp="2015-02-20T22:08:16Z" user="user_599436" uid="599436" lat="43.0503785" lon="-76.1542442"/>
 <node id="1845299490" visible="true" version="2" changeset="110881059" timestamp="2021-09-07T21:58:48Z" user="bncrain" uid="7208213" lat="43.0514529" lon="-76.1525896"/>
 <node id="1845299491" visible="true" version="1" changeset="12561050" timestamp="2012-07-31T13:04:17Z" user="user_599436" uid="599436" lat="43.0514657" lon="-76.1533779"/>
 <node id="1845299492" visible="true" version="2" changeset="110881059" timestamp="2021-09-07T21:58:48Z" user="bncrain" uid="7208213" lat="43.0516824" lon="-76.1523683"/>
 <node id="1845299493" visible="true" version="2" changeset="110881059" timestamp="2021-09-07T21:58:48Z" user="bncrain" uid="7208213" lat="43.0516858" lon="-76.1525826"/>
 <node id="1845299494" visible="true" version="2" changeset="110881059" timestamp="2021-09-07T21:58:48Z" user="bncrain" uid="7208213" lat="43.0518230" lon="-76.1523644"/>
 <node id="1845299495" visible="true" version="2" changeset="110881059" timestamp="2021-09-07T21:58:48Z" user="bncrain" uid="7208213" lat="43.0518239" lon="-76.1523931"/>
 <node id="1845299496" visible="true" version="1" changeset="12561050" timestamp="2012-07-31T13:04:17Z" user="user_599436" uid="599436" lat="43.0524197" lon="-76.1530404"/>
 <node id="1845299497" visible="true" version="1" changeset="12561050" timestamp="2012-07-31T13:04:17Z" user="user_599436" uid="599436" lat="43.0524247" lon="-76.1533486"/>
 <node id="1845299498" visible="true" version="2" changeset="110881059" timestamp="2021-09-07T21:58:48Z" user="bncrain" uid="7208213" lat="43.0524350" lon="-76.1523744"/>
 <node id="1845299499" visible="true" version="1" changeset="12561050" timestamp="2012-07-31T13:04:17Z" user="user_599436" uid="599436" lat="43.0524362" lon="-76.1524615"/>
 <node id="1845299500" visible="true" version="1" changeset="12561050" timestamp="2012-07-31T13:04:17Z" user="user_599436" uid="599436" lat="43.0524572" lon="-76.1530067"/>
 <node id="1845299501" visible="true" version="1" changeset="12561050" timestamp="2012-07-31T13:04:17Z" user="user_599436" uid="599436" lat="43.0524577" lon="-76.1530393"/>
 <node id="1845299502" visible="true" version="1" changeset="12561050" timestamp="2012-07-31T13:04:18Z" user="user_599436" uid="599436" lat="43.0525624" lon="-76.1523600"/>
 <node id="1845299503" visible="true" version="1" changeset="12561050" timestamp="2012-07-31T13:04:18Z" user="user_599436" uid="599436" lat="43.0525640" lon="-76.1524576"/>
 <node id="1845299504" visible="true" version="1" changeset="12561050" timestamp="2012-07-31T13:04:18Z" user="user_599436" uid="599436" lat="43.0526045" lon="-76.1530022"/>
 <node id="1845299505" visible="true" version="1" changeset="12561050" timestamp="2012-07-31T13:04:18Z" user="user_599436" uid="599436" lat="43.0526050" lon="-76.1530348"/>
 <node id="1845299506" visible="true" version="2" changeset="12564225" timestamp="2012-07-31T17:21:56Z" user="user_599436" uid="599436" lat="43.0526495" lon="-76.1529541"/>
 <node id="1845299507" visible="true" version="1" changeset="12561050" timestamp="2012-07-31T13:04:18Z" user="user_599436" uid="599436" lat="43.0526505" lon="-76.1530334"/>
 <node id="1845299508" visible="true" version="1" changeset="12561050" timestamp="2012-07-31T13:04:18Z" user="user_599436" uid="599436" lat="43.0527887" lon="-76.1523531"/>
 <node id="1845299509" visible="true" version="1" changeset="12561050" timestamp="2012-07-31T13:04:18Z" user="user_599436" uid="599436" lat="43.0527988" lon="-76.1529673"/>
 <node id="1870423350" visible="true" version="1" changeset="12765490" timestamp="2012-08-17T18:22:05Z" user="user_599436" uid="599436" lat="43.0497156" lon="-76.1542868">
  <tag k="barrier" v="bollard"/>
 </node>
 <node id="1870423356" visible="true" version="2" changeset="186239965" timestamp="2026-07-23T15:00:05Z" user="nopeinomicon" uid="21426053" lat="43.0497936" lon="-76.1537014"/>
 <node id="1870423363" visible="true" version="1" changeset="12765490" timestamp="2012-08-17T18:22:05Z" user="user_599436" uid="599436" lat="43.0497963" lon="-76.1542866"/>
 <node id="1870423447" visible="true" version="2" changeset="186239965" timestamp="2026-07-23T15:00:05Z" user="nopeinomicon" uid="21426053" lat="43.0500347" lon="-76.1536972"/>
 <node id="1870423449" visible="true" version="1" changeset="12765490" timestamp="2012-08-17T18:22:07Z" user="user_599436" uid="599436" lat="43.0500339" lon="-76.1537422">
  <tag k="barrier" v="bollard"/>
 </node>
 <node id="1870423453" visible="true" version="2" changeset="28987899" timestamp="2015-02-20T22:08:17Z" user="user_599436" uid="599436" lat="43.0500352" lon="-76.1542860"/>
 <node id="1870423467" visible="true" version="1" changeset="12765490" timestamp="2012-08-17T18:22:07Z" user="user_599436" uid="599436" lat="43.0504340" lon="-76.1542849">
  <tag k="barrier" v="bollard"/>
 </node>
 <node id="1870423471" visible="true" version="1" changeset="12765490" timestamp="2012-08-17T18:22:07Z" user="user_599436" uid="599436" lat="43.0505534" lon="-76.1542846"/>
 <node id="1953893308" visible="true" version="1" changeset="13420648" timestamp="2012-10-09T01:08:40Z" user="user_599436" uid="599436" lat="43.0506029" lon="-76.1523831"/>
 <node id="1953893309" visible="true" version="1" changeset="13420648" timestamp="2012-10-09T01:08:40Z" user="user_599436" uid="599436" lat="43.0506059" lon="-76.1526362"/>
 <node id="1953893310" visible="true" version="1" changeset="13420648" timestamp="2012-10-09T01:08:40Z" user="user_599436" uid="599436" lat="43.0506141" lon="-76.1532173"/>
 <node id="1953893311" visible="true" version="1" changeset="13420648" timestamp="2012-10-09T01:08:40Z" user="user_599436" uid="599436" lat="43.0506150" lon="-76.1533316"/>
 <node id="1953893312" visible="true" version="1" changeset="13420648" timestamp="2012-10-09T01:08:40Z" user="user_599436" uid="599436" lat="43.0506156" lon="-76.1531913"/>
 <node id="1953893313" visible="true" version="1" changeset="13420648" timestamp="2012-10-09T01:08:40Z" user="user_599436" uid="599436" lat="43.0506224" lon="-76.1526655"/>
 <node id="1953893314" visible="true" version="1" changeset="13420648" timestamp="2012-10-09T01:08:40Z" user="user_599436" uid="599436" lat="43.0506269" lon="-76.1531668"/>
 <node id="1953893315" visible="true" version="1" changeset="13420648" timestamp="2012-10-09T01:08:40Z" user="user_599436" uid="599436" lat="43.0506338" lon="-76.1523825"/>
 <node id="1953893316" visible="true" version="1" changeset="13420648" timestamp="2012-10-09T01:08:40Z" user="user_599436" uid="599436" lat="43.0506408" lon="-76.1532959"/>
 <node id="1953893317" visible="true" version="1" changeset="13420648" timestamp="2012-10-09T01:08:40Z" user="user_599436" uid="599436" lat="43.0506408" lon="-76.1533328"/>
 <node id="1953893318" visible="true" version="1" changeset="13420648" timestamp="2012-10-09T01:08:40Z" user="user_599436" uid="599436" lat="43.0506438" lon="-76.1526839"/>
 <node id="1953893320" visible="true" version="1" changeset="13420648" timestamp="2012-10-09T01:08:40Z" user="user_599436" uid="599436" lat="43.0506470" lon="-76.1531475"/>
 <node id="1953893322" visible="true" version="1" changeset="13420648" timestamp="2012-10-09T01:08:40Z" user="user_599436" uid="599436" lat="43.0506565" lon="-76.1524305"/>
 <node id="1953893324" visible="true" version="1" changeset="13420648" timestamp="2012-10-09T01:08:40Z" user="user_599436" uid="599436" lat="43.0506588" lon="-76.1524939"/>
 <node id="1953893325" visible="true" version="1" changeset="13420648" timestamp="2012-10-09T01:08:40Z" user="user_599436" uid="599436" lat="43.0506620" lon="-76.1531433"/>
 <node id="1953893326" visible="true" version="1" changeset="13420648" timestamp="2012-10-09T01:08:40Z" user="user_599436" uid="599436" lat="43.0506806" lon="-76.1523238"/>
 <node id="1953893327" visible="true" version="1" changeset="13420648" timestamp="2012-10-09T01:08:40Z" user="user_599436" uid="599436" lat="43.0506811" lon="-76.1523762"/>
 <node id="1953893328" visible="true" version="1" changeset="13420648" timestamp="2012-10-09T01:08:40Z" user="user_599436" uid="599436" lat="43.0506860" lon="-76.1524926"/>
 <node id="1953893329" visible="true" version="1" changeset="13420648" timestamp="2012-10-09T01:08:40Z" user="user_599436" uid="599436" lat="43.0507109" lon="-76.1525451"/>
 <node id="1953893340" visible="true" version="1" changeset="13420648" timestamp="2012-10-09T01:08:41Z" user="user_599436" uid="599436" lat="43.0507125" lon="-76.1526824"/>
 <node id="1953893342" visible="true" version="1" changeset="13420648" timestamp="2012-10-09T01:08:41Z" user="user_599436" uid="599436" lat="43.0507144" lon="-76.1524553"/>
 <node id="1953893345" visible="true" version="1" changeset="13420648" timestamp="2012-10-09T01:08:41Z" user="user_599436" uid="599436" lat="43.0507173" lon="-76.1531436"/>
 <node id="1953893346" visible="true" version="1" changeset="13420648" timestamp="2012-10-09T01:08:41Z" user="user_599436" uid="599436" lat="43.0507173" lon="-76.1531871"/>
 <node id="1953893347" visible="true" version="1" changeset="13420648" timestamp="2012-10-09T01:08:41Z" user="user_599436" uid="599436" lat="43.0508072" lon="-76.1523215"/>
 <node id="1953893348" visible="true" version="1" changeset="13420648" timestamp="2012-10-09T01:08:41Z" user="user_599436" uid="599436" lat="43.0508084" lon="-76.1524536"/>
 <node id="1953893350" visible="true" version="1" changeset="13420648" timestamp="2012-10-09T01:08:41Z" user="user_599436" uid="599436" lat="43.0510133" lon="-76.1523109"/>
 <node id="1953893351" visible="true" version="1" changeset="13420648" timestamp="2012-10-09T01:08:41Z" user="user_599436" uid="599436" lat="43.0510162" lon="-76.1527034"/>
 <node id="1953893352" visible="true" version="1" changeset="13420648" timestamp="2012-10-09T01:08:41Z" user="user_599436" uid="599436" lat="43.0510193" lon="-76.1531050"/>
 <node id="1953893353" visible="true" version="1" changeset="13420648" timestamp="2012-10-09T01:08:41Z" user="user_599436" uid="599436" lat="43.0510212" lon="-76.1534121"/>
 <node id="1953893354" visible="true" version="1" changeset="13420648" timestamp="2012-10-09T01:08:41Z" user="user_599436" uid="599436" lat="43.0510778" lon="-76.1523100"/>
 <node id="1953893355" visible="true" version="1" changeset="13420648" timestamp="2012-10-09T01:08:41Z" user="user_599436" uid="599436" lat="43.0510781" lon="-76.1523506"/>
 <node id="1953893356" visible="true" version="1" changeset="13420648" timestamp="2012-10-09T01:08:41Z" user="user_599436" uid="599436" lat="43.0510900" lon="-76.1533820"/>
 <node id="1953893358" visible="true" version="1" changeset="13420648" timestamp="2012-10-09T01:08:41Z" user="user_599436" uid="599436" lat="43.0510902" lon="-76.1534113"/>
 <node id="1953893360" visible="true" version="1" changeset="13420648" timestamp="2012-10-09T01:08:41Z" user="user_599436" uid="599436" lat="43.0510931" lon="-76.1523643"/>
 <node id="1953893362" visible="true" version="1" changeset="13420648" timestamp="2012-10-09T01:08:41Z" user="user_599436" uid="599436" lat="43.0510993" lon="-76.1533670"/>
 <node id="1953893364" visible="true" version="1" changeset="13420648" timestamp="2012-10-09T01:08:41Z" user="user_599436" uid="599436" lat="43.0511090" lon="-76.1523095"/>
 <node id="1953893367" visible="true" version="1" changeset="13420648" timestamp="2012-10-09T01:08:41Z" user="user_599436" uid="599436" lat="43.0511094" lon="-76.1523506"/>
 <node id="1953893370" visible="true" version="1" changeset="13420648" timestamp="2012-10-09T01:08:41Z" user="user_599436" uid="599436" lat="43.0511109" lon="-76.1533669"/>
 <node id="1953893373" visible="true" version="1" changeset="13420648" timestamp="2012-10-09T01:08:41Z" user="user_599436" uid="599436" lat="43.0511210" lon="-76.1533799"/>
 <node id="1953893386" visible="true" version="1" changeset="13420648" timestamp="2012-10-09T01:08:41Z" user="user_599436" uid="599436" lat="43.0511212" lon="-76.1534109"/>
 <node id="1953893388" visible="true" version="1" changeset="13420648" timestamp="2012-10-09T01:08:41Z" user="user_599436" uid="599436" lat="43.0511568" lon="-76.1533820"/>
 <node id="1953893390" visible="true" version="1" changeset="13420648" timestamp="2012-10-09T01:08:41Z" user="user_599436" uid="599436" lat="43.0511570" lon="-76.1534105"/>
 <node id="1953893391" visible="true" version="1" changeset="13420648" timestamp="2012-10-09T01:08:42Z" user="user_599436" uid="599436" lat="43.0511623" lon="-76.1533655"/>
 <node id="1953893392" visible="true" version="1" changeset="13420648" timestamp="2012-10-09T01:08:42Z" user="user_599436" uid="599436" lat="43.0511661" lon="-76.1523087"/>
 <node id="1953893393" visible="true" version="1" changeset="13420648" timestamp="2012-10-09T01:08:42Z" user="user_599436" uid="599436" lat="43.0511666" lon="-76.1523754"/>
 <node id="1953893394" visible="true" version="1" changeset="13420648" timestamp="2012-10-09T01:08:42Z" user="user_599436" uid="599436" lat="43.0511718" lon="-76.1533576"/>
 <node id="1953893395" visible="true" version="1" changeset="13420648" timestamp="2012-10-09T01:08:42Z" user="user_599436" uid="599436" lat="43.0511950" lon="-76.1523750"/>
 <node id="1953893396" visible="true" version="1" changeset="13420648" timestamp="2012-10-09T01:08:42Z" user="user_599436" uid="599436" lat="43.0511975" lon="-76.1527008"/>
 <node id="1953893397" visible="true" version="1" changeset="13420648" timestamp="2012-10-09T01:08:42Z" user="user_599436" uid="599436" lat="43.0512037" lon="-76.1531028"/>
 <node id="1953893398" visible="true" version="1" changeset="13420648" timestamp="2012-10-09T01:08:42Z" user="user_599436" uid="599436" lat="43.0512052" lon="-76.1533572"/>
 <node id="1957757576" visible="true" version="1" changeset="13448965" timestamp="2012-10-11T01:30:56Z" user="user_599436" uid="599436" lat="43.0511560" lon="-76.1538537">
  <tag k="man_made" v="flagpole"/>
 </node>
 <node id="1957757585" visible="true" version="1" changeset="13448965" timestamp="2012-10-11T01:30:57Z" user="user_599436" uid="599436" lat="43.0527464" lon="-76.1534655"/>
 <node id="1959904869" visible="true" version="1" changeset="13461529" timestamp="2012-10-12T01:07:28Z" user="user_599436" uid="599436" lat="43.0515826" lon="-76.1538129"/>
 <node id="1959904870" visible="true" version="1" changeset="13461529" timestamp="2012-10-12T01:07:28Z" user="user_599436" uid="599436" lat="43.0516308" lon="-76.1539315"/>
 <node id="1959904871" visible="true" version="1" changeset="13461529" timestamp="2012-10-12T01:07:28Z" user="user_599436" uid="599436" lat="43.0516696" lon="-76.1540270"/>
 <node id="1959904872" visible="true" version="1" changeset="13461529" timestamp="2012-10-12T01:07:28Z" user="user_599436" uid="599436" lat="43.0516800" lon="-76.1537387"/>
 <node id="1959904873" visible="true" version="1" changeset="13461529" timestamp="2012-10-12T01:07:28Z" user="user_599436" uid="599436" lat="43.0517235" lon="-76.1539860"/>
 <node id="1959904874" visible="true" version="1" changeset="13461529" timestamp="2012-10-12T01:07:28Z" user="user_599436" uid="599436" lat="43.0517282" lon="-76.1538573"/>
 <node id="1959904875" visible="true" version="1" changeset="13461529" timestamp="2012-10-12T01:07:28Z" user="user_599436" uid="599436" lat="43.0517389" lon="-76.1540239"/>
 <node id="1959904876" visible="true" version="1" changeset="13461529" timestamp="2012-10-12T01:07:28Z" user="user_599436" uid="599436" lat="43.0517855" lon="-76.1543122"/>
 <node id="1959904877" visible="true" version="1" changeset="13461529" timestamp="2012-10-12T01:07:28Z" user="user_599436" uid="599436" lat="43.0517982" lon="-76.1543356"/>
 <node id="1959904878" visible="true" version="1" changeset="13461529" timestamp="2012-10-12T01:07:28Z" user="user_599436" uid="599436" lat="43.0518200" lon="-76.1536322"/>
 <node id="1959904879" visible="true" version="1" changeset="13461529" timestamp="2012-10-12T01:07:28Z" user="user_599436" uid="599436" lat="43.0518682" lon="-76.1537508"/>
 <node id="1959904880" visible="true" version="1" changeset="13461529" timestamp="2012-10-12T01:07:28Z" user="user_599436" uid="599436" lat="43.0518888" lon="-76.1545476"/>
 <node id="1959904881" visible="true" version="1" changeset="13461529" timestamp="2012-10-12T01:07:28Z" user="user_599436" uid="599436" lat="43.0518895" lon="-76.1536494"/>
 <node id="1959904882" visible="true" version="1" changeset="13461529" timestamp="2012-10-12T01:07:28Z" user="user_599436" uid="599436" lat="43.0518901" lon="-76.1534939"/>
 <node id="1959904883" visible="true" version="1" changeset="13461529" timestamp="2012-10-12T01:07:28Z" user="user_599436" uid="599436" lat="43.0519070" lon="-76.1538463"/>
 <node id="1959904884" visible="true" version="1" changeset="13461529" timestamp="2012-10-12T01:07:28Z" user="user_599436" uid="599436" lat="43.0519298" lon="-76.1536412"/>
 <node id="1959904885" visible="true" version="1" changeset="13461529" timestamp="2012-10-12T01:07:28Z" user="user_599436" uid="599436" lat="43.0519451" lon="-76.1546809"/>
 <node id="1959904886" visible="true" version="1" changeset="13461529" timestamp="2012-10-12T01:07:28Z" user="user_599436" uid="599436" lat="43.0519519" lon="-76.1538618"/>
 <node id="1959904887" visible="true" version="1" changeset="13461529" timestamp="2012-10-12T01:07:28Z" user="user_599436" uid="599436" lat="43.0519535" lon="-76.1542114"/>
 <node id="1959904889" visible="true" version="1" changeset="13461529" timestamp="2012-10-12T01:07:29Z" user="user_599436" uid="599436" lat="43.0520321" lon="-76.1540591"/>
 <node id="1959904890" visible="true" version="1" changeset="13461529" timestamp="2012-10-12T01:07:29Z" user="user_599436" uid="599436" lat="43.0520399" lon="-76.1540061"/>
 <node id="1959904891" visible="true" version="1" changeset="13461529" timestamp="2012-10-12T01:07:29Z" user="user_599436" uid="599436" lat="43.0520441" lon="-76.1544233"/>
 <node id="1959904892" visible="true" version="1" changeset="13461529" timestamp="2012-10-12T01:07:29Z" user="user_599436" uid="599436" lat="43.0520443" lon="-76.1540499"/>
 <node id="1959904893" visible="true" version="1" changeset="13461529" timestamp="2012-10-12T01:07:29Z" user="user_599436" uid="599436" lat="43.0520492" lon="-76.1540461"/>
 <node id="1959904894" visible="true" version="1" changeset="13461529" timestamp="2012-10-12T01:07:29Z" user="user_599436" uid="599436" lat="43.0520561" lon="-76.1540631"/>
 <node id="1959904896" visible="true" version="1" changeset="13461529" timestamp="2012-10-12T01:07:29Z" user="user_599436" uid="599436" lat="43.0520787" lon="-76.1539920"/>
 <node id="1959904897" visible="true" version="1" changeset="13461529" timestamp="2012-10-12T01:07:29Z" user="user_599436" uid="599436" lat="43.0520815" lon="-76.1540437"/>
 <node id="1959904898" visible="true" version="1" changeset="13461529" timestamp="2012-10-12T01:07:29Z" user="user_599436" uid="599436" lat="43.0520949" lon="-76.1540767"/>
 <node id="1959904900" visible="true" version="1" changeset="13461529" timestamp="2012-10-12T01:07:29Z" user="user_599436" uid="599436" lat="43.0521066" lon="-76.1545542"/>
 <node id="1959904901" visible="true" version="1" changeset="13461529" timestamp="2012-10-12T01:07:29Z" user="user_599436" uid="599436" lat="43.0521072" lon="-76.1540897"/>
 <node id="1959904902" visible="true" version="1" changeset="13461529" timestamp="2012-10-12T01:07:29Z" user="user_599436" uid="599436" lat="43.0521080" lon="-76.1536395"/>
 <node id="1959904903" visible="true" version="1" changeset="13461529" timestamp="2012-10-12T01:07:29Z" user="user_599436" uid="599436" lat="43.0521089" lon="-76.1537759"/>
 <node id="1959904904" visible="true" version="1" changeset="13461529" timestamp="2012-10-12T01:07:29Z" user="user_599436" uid="599436" lat="43.0521169" lon="-76.1540820"/>
 <node id="1959904905" visible="true" version="1" changeset="13461529" timestamp="2012-10-12T01:07:29Z" user="user_599436" uid="599436" lat="43.0521587" lon="-76.1542112"/>
 <node id="1959904908" visible="true" version="1" changeset="13461529" timestamp="2012-10-12T01:07:29Z" user="user_599436" uid="599436" lat="43.0521638" lon="-76.1546840"/>
 <node id="1959904925" visible="true" version="1" changeset="13461529" timestamp="2012-10-12T01:07:29Z" user="user_599436" uid="599436" lat="43.0521964" lon="-76.1543001"/>
 <node id="1959904929" visible="true" version="1" changeset="13461529" timestamp="2012-10-12T01:07:30Z" user="user_599436" uid="599436" lat="43.0522549" lon="-76.1544378"/>
 <node id="1959904930" visible="true" version="1" changeset="13461529" timestamp="2012-10-12T01:07:30Z" user="user_599436" uid="599436" lat="43.0522596" lon="-76.1539686"/>
 <node id="1959904931" visible="true" version="1" changeset="13461529" timestamp="2012-10-12T01:07:30Z" user="user_599436" uid="599436" lat="43.0522668" lon="-76.1545985"/>
 <node id="1959904932" visible="true" version="1" changeset="13461529" timestamp="2012-10-12T01:07:30Z" user="user_599436" uid="599436" lat="43.0522820" lon="-76.1545864"/>
 <node id="1959904934" visible="true" version="1" changeset="13461529" timestamp="2012-10-12T01:07:30Z" user="user_599436" uid="599436" lat="43.0523026" lon="-76.1537739"/>
 <node id="1959904936" visible="true" version="1" changeset="13461529" timestamp="2012-10-12T01:07:30Z" user="user_599436" uid="599436" lat="43.0523072" lon="-76.1539661"/>
 <node id="1959904937" visible="true" version="1" changeset="13461529" timestamp="2012-10-12T01:07:30Z" user="user_599436" uid="599436" lat="43.0523094" lon="-76.1540915"/>
 <node id="1962002671" visible="true" version="2" changeset="172977916" timestamp="2025-10-07T21:06:38Z" user="RunningDroid" uid="362108" lat="43.0512630" lon="-76.1513772"/>
 <node id="1962002722" visible="true" version="1" changeset="13473850" timestamp="2012-10-13T00:28:04Z" user="user_599436" uid="599436" lat="43.0518344" lon="-76.1514474"/>
 <node id="1962002728" visible="true" version="1" changeset="13473850" timestamp="2012-10-13T00:28:04Z" user="user_599436" uid="599436" lat="43.0518523" lon="-76.1521652"/>
 <node id="1974563782" visible="true" version="1" changeset="13563468" timestamp="2012-10-20T03:08:19Z" user="user_599436" uid="599436" lat="43.0510400" lon="-76.1539948"/>
 <node id="1974563784" visible="true" version="1" changeset="13563468" timestamp="2012-10-20T03:08:19Z" user="user_599436" uid="599436" lat="43.0510513" lon="-76.1550661"/>
 <node id="1974563790" visible="true" version="1" changeset="13563468" timestamp="2012-10-20T03:08:19Z" user="user_599436" uid="599436" lat="43.0510867" lon="-76.1539958"/>
 <node id="1974563792" visible="true" version="1" changeset="13563468" timestamp="2012-10-20T03:08:19Z" user="user_599436" uid="599436" lat="43.0511257" lon="-76.1550632"/>
 <node id="1974563793" visible="true" version="1" changeset="13563468" timestamp="2012-10-20T03:08:19Z" user="user_599436" uid="599436" lat="43.0511476" lon="-76.1539880"/>
 <node id="1974563797" visible="true" version="1" changeset="13563468" timestamp="2012-10-20T03:08:20Z" user="user_599436" uid="599436" lat="43.0512057" lon="-76.1539686"/>
 <node id="1974563799" visible="true" version="1" changeset="13563468" timestamp="2012-10-20T03:08:20Z" user="user_599436" uid="599436" lat="43.0512291" lon="-76.1550535"/>
 <node id="1974563805" visible="true" version="1" changeset="13563468" timestamp="2012-10-20T03:08:20Z" user="user_599436" uid="599436" lat="43.0512525" lon="-76.1539434"/>
 <node id="1974563818" visible="true" version="1" changeset="13563468" timestamp="2012-10-20T03:08:20Z" user="user_599436" uid="599436" lat="43.0513099" lon="-76.1539036"/>
 <node id="1974563819" visible="true" version="1" changeset="13563468" timestamp="2012-10-20T03:08:20Z" user="user_599436" uid="599436" lat="43.0513226" lon="-76.1550331"/>
 <node id="1974563821" visible="true" version="2" changeset="168056462" timestamp="2025-06-24T16:03:08Z" user="guilfordclose" uid="23020052" lat="43.0513665" lon="-76.1516877"/>
 <node id="1974563822" visible="true" version="2" changeset="168056462" timestamp="2025-06-24T16:03:08Z" user="guilfordclose" uid="23020052" lat="43.0513688" lon="-76.1520067"/>
 <node id="1974563825" visible="true" version="1" changeset="13563468" timestamp="2012-10-20T03:08:20Z" user="user_599436" uid="599436" lat="43.0514048" lon="-76.1550041"/>
 <node id="1974563832" visible="true" version="2" changeset="168056462" timestamp="2025-06-24T16:03:08Z" user="guilfordclose" uid="23020052" lat="43.0514822" lon="-76.1516862"/>
 <node id="1974563834" visible="true" version="2" changeset="168056462" timestamp="2025-06-24T16:03:08Z" user="guilfordclose" uid="23020052" lat="43.0514845" lon="-76.1520051"/>
 <node id="1974563836" visible="true" version="1" changeset="13563468" timestamp="2012-10-20T03:08:20Z" user="user_599436" uid="599436" lat="43.0515083" lon="-76.1549556"/>
 <node id="1974563838" visible="true" version="1" changeset="13563468" timestamp="2012-10-20T03:08:20Z" user="user_599436" uid="599436" lat="43.0515919" lon="-76.1549032"/>
 <node id="1974563840" visible="true" version="2" changeset="168056462" timestamp="2025-06-24T16:03:08Z" user="guilfordclose" uid="23020052" lat="43.0516065" lon="-76.1516845"/>
 <node id="1974563842" visible="true" version="2" changeset="168056462" timestamp="2025-06-24T16:03:08Z" user="guilfordclose" uid="23020052" lat="43.0516088" lon="-76.1520034"/>
 <node id="1974563844" visible="true" version="1" changeset="13563468" timestamp="2012-10-20T03:08:20Z" user="user_599436" uid="599436" lat="43.0516995" lon="-76.1548208"/>
 <node id="1974563855" visible="true" version="2" changeset="168056462" timestamp="2025-06-24T16:03:08Z" user="guilfordclose" uid="23020052" lat="43.0517277" lon="-76.1516829"/>
 <node id="1974563856" visible="true" version="2" changeset="168056462" timestamp="2025-06-24T16:03:08Z" user="guilfordclose" uid="23020052" lat="43.0517278" lon="-76.1516966"/>
 <node id="1974563857" visible="true" version="2" changeset="168056462" timestamp="2025-06-24T16:03:08Z" user="guilfordclose" uid="23020052" lat="43.0517300" lon="-76.1520018"/>
 <node id="1974563858" visible="true" version="2" changeset="168056462" timestamp="2025-06-24T16:03:08Z" user="guilfordclose" uid="23020052" lat="43.0518009" lon="-76.1516956"/>
 <node id="1974563859" visible="true" version="2" changeset="168056462" timestamp="2025-06-24T16:03:08Z" user="guilfordclose" uid="23020052" lat="43.0518031" lon="-76.1520008"/>
 <node id="2337636667" visible="true" version="1" changeset="16475071" timestamp="2013-06-08T21:50:47Z" user="user_599436" uid="599436" lat="43.0505990" lon="-76.1527961">
  <tag k="man_made" v="flagpole"/>
 </node>
 <node id="2337636671" visible="true" version="1" changeset="16475071" timestamp="2013-06-08T21:50:47Z" user="user_599436" uid="599436" lat="43.0505992" lon="-76.1528238">
  <tag k="man_made" v="flagpole"/>
 </node>
 <node id="2337636674" visible="true" version="1" changeset="16475071" timestamp="2013-06-08T21:50:47Z" user="user_599436" uid="599436" lat="43.0505993" lon="-76.1528491">
  <tag k="man_made" v="flagpole"/>
 </node>
 <node id="2337636678" visible="true" version="1" changeset="16475071" timestamp="2013-06-08T21:50:47Z" user="user_599436" uid="599436" lat="43.0505994" lon="-76.1528759">
  <tag k="man_made" v="flagpole"/>
 </node>
 <node id="2337636683" visible="true" version="1" changeset="16475071" timestamp="2013-06-08T21:50:47Z" user="user_599436" uid="599436" lat="43.0505995" lon="-76.1529015">
  <tag k="man_made" v="flagpole"/>
 </node>
 <node id="2337636688" visible="true" version="1" changeset="16475071" timestamp="2013-06-08T21:50:47Z" user="user_599436" uid="599436" lat="43.0505996" lon="-76.1529284">
  <tag k="man_made" v="flagpole"/>
 </node>
 <node id="2337636692" visible="true" version="1" changeset="16475071" timestamp="2013-06-08T21:50:47Z" user="user_599436" uid="599436" lat="43.0505998" lon="-76.1529540">
  <tag k="man_made" v="flagpole"/>
 </node>
 <node id="2337636696" visible="true" version="1" changeset="16475071" timestamp="2013-06-08T21:50:47Z" user="user_599436" uid="599436" lat="43.0505999" lon="-76.1529814">
  <tag k="man_made" v="flagpole"/>
 </node>
 <node id="2337636700" visible="true" version="1" changeset="16475071" timestamp="2013-06-08T21:50:47Z" user="user_599436" uid="599436" lat="43.0506000" lon="-76.1530094">
  <tag k="man_made" v="flagpole"/>
 </node>
 <node id="2337636704" visible="true" version="1" changeset="16475071" timestamp="2013-06-08T21:50:48Z" user="user_599436" uid="599436" lat="43.0506001" lon="-76.1530335">
  <tag k="man_made" v="flagpole"/>
 </node>
 <node id="2344494175" visible="true" version="2" changeset="110726775" timestamp="2021-09-04T18:13:25Z" user="bncrain" uid="7208213" lat="43.0515164" lon="-76.1536646"/>
 <node id="2397496097" visible="true" version="2" changeset="28987899" timestamp="2015-02-20T22:08:17Z" user="user_599436" uid="599436" lat="43.0500372" lon="-76.1544425">
  <tag k="entrance" v="main"/>
 </node>
 <node id="2397496098" visible="true" version="1" changeset="17103844" timestamp="2013-07-26T16:20:20Z" user="user_599436" uid="599436" lat="43.0503011" lon="-76.1543229"/>
 <node id="2397496099" visible="true" version="1" changeset="17103844" timestamp="2013-07-26T16:20:20Z" user="user_599436" uid="599436" lat="43.0503049" lon="-76.1547584"/>
 <node id="2397496100" visible="true" version="1" changeset="17103844" timestamp="2013-07-26T16:20:20Z" user="user_599436" uid="599436" lat="43.0503985" lon="-76.1543214"/>
 <node id="2397496101" visible="true" version="1" changeset="17103844" timestamp="2013-07-26T16:20:20Z" user="user_599436" uid="599436" lat="43.0504023" lon="-76.1547568"/>
 <node id="2559983220" visible="true" version="1" changeset="19212869" timestamp="2013-12-01T15:45:16Z" user="user_599436" uid="599436" lat="43.0506242" lon="-76.1531821">
  <tag k="natural" v="tree"/>
 </node>
 <node id="2559983225" visible="true" version="1" changeset="19212869" timestamp="2013-12-01T15:45:16Z" user="user_599436" uid="599436" lat="43.0506245" lon="-76.1525257">
  <tag k="natural" v="tree"/>
 </node>
 <node id="2559983229" visible="true" version="1" changeset="19212869" timestamp="2013-12-01T15:45:16Z" user="user_599436" uid="599436" lat="43.0506297" lon="-76.1526211">
  <tag k="natural" v="tree"/>
 </node>
 <node id="2559983232" visible="true" version="1" changeset="19212869" timestamp="2013-12-01T15:45:16Z" user="user_599436" uid="599436" lat="43.0506297" lon="-76.1532784">
  <tag k="natural" v="tree"/>
 </node>
 <node id="2559983234" visible="true" version="1" changeset="19212869" timestamp="2013-12-01T15:45:16Z" user="user_599436" uid="599436" lat="43.0506707" lon="-76.1525307">
  <tag k="natural" v="tree"/>
 </node>
 <node id="2559983237" visible="true" version="1" changeset="19212869" timestamp="2013-12-01T15:45:16Z" user="user_599436" uid="599436" lat="43.0506716" lon="-76.1526186">
  <tag k="natural" v="tree"/>
 </node>
 <node id="2559983238" visible="true" version="1" changeset="19212869" timestamp="2013-12-01T15:45:16Z" user="user_599436" uid="599436" lat="43.0506750" lon="-76.1531732">
  <tag k="natural" v="tree"/>
 </node>
 <node id="2937729609" visible="true" version="2" changeset="150244477" timestamp="2024-04-20T00:33:32Z" user="andrewpmk" uid="1679" lat="43.0509101" lon="-76.1537277">
  <tag k="direction" v="backward"/>
  <tag k="highway" v="stop"/>
  <tag k="source" v="survey, bing"/>
 </node>
 <node id="2941239122" visible="true" version="1" changeset="23401785" timestamp="2014-06-30T22:46:19Z" user="user_599436" uid="599436" lat="43.0504797" lon="-76.1524219"/>
 <node id="2941239123" visible="true" version="1" changeset="23401785" timestamp="2014-06-30T22:46:19Z" user="user_599436" uid="599436" lat="43.0504817" lon="-76.1531415"/>
 <node id="2941239127" visible="true" version="1" changeset="23401785" timestamp="2014-06-30T22:46:19Z" user="user_599436" uid="599436" lat="43.0505423" lon="-76.1532275"/>
 <node id="2941239129" visible="true" version="1" changeset="23401785" timestamp="2014-06-30T22:46:19Z" user="user_599436" uid="599436" lat="43.0505430" lon="-76.1523343">
  <tag k="highway" v="crossing"/>
 </node>
 <node id="2941239131" visible="true" version="1" changeset="23401785" timestamp="2014-06-30T22:46:19Z" user="user_599436" uid="599436" lat="43.0505430" lon="-76.1523588"/>
 <node id="2941239132" visible="true" version="1" changeset="23401785" timestamp="2014-06-30T22:46:19Z" user="user_599436" uid="599436" lat="43.0505771" lon="-76.1523174"/>
 <node id="2941239135" visible="true" version="2" changeset="27989848" timestamp="2015-01-08T04:11:48Z" user="user_599436" uid="599436" lat="43.0505875" lon="-76.1534152"/>
 <node id="2941239139" visible="true" version="1" changeset="23401785" timestamp="2014-06-30T22:46:19Z" user="user_599436" uid="599436" lat="43.0506289" lon="-76.1522563"/>
 <node id="2941239140" visible="true" version="1" changeset="23401785" timestamp="2014-06-30T22:46:19Z" user="user_599436" uid="599436" lat="43.0506372" lon="-76.1521802">
  <tag k="highway" v="crossing"/>
 </node>
 <node id="2941239146" visible="true" version="1" changeset="23401785" timestamp="2014-06-30T22:46:19Z" user="user_599436" uid="599436" lat="43.0506639" lon="-76.1534086"/>
 <node id="2941239147" visible="true" version="1" changeset="23401785" timestamp="2014-06-30T22:46:19Z" user="user_599436" uid="599436" lat="43.0506641" lon="-76.1533726"/>
 <node id="2941239148" visible="true" version="1" changeset="23401785" timestamp="2014-06-30T22:46:19Z" user="user_599436" uid="599436" lat="43.0506655" lon="-76.1533673"/>
 <node id="2941239149" visible="true" version="1" changeset="23401785" timestamp="2014-06-30T22:46:19Z" user="user_599436" uid="599436" lat="43.0506683" lon="-76.1534147"/>
 <node id="2941239150" visible="true" version="1" changeset="23401785" timestamp="2014-06-30T22:46:19Z" user="user_599436" uid="599436" lat="43.0506695" lon="-76.1533625"/>
 <node id="2941239151" visible="true" version="1" changeset="23401785" timestamp="2014-06-30T22:46:19Z" user="user_599436" uid="599436" lat="43.0506916" lon="-76.1533637"/>
 <node id="2941239152" visible="true" version="1" changeset="23401785" timestamp="2014-06-30T22:46:19Z" user="user_599436" uid="599436" lat="43.0507053" lon="-76.1534147"/>
 <node id="2941239153" visible="true" version="1" changeset="23401785" timestamp="2014-06-30T22:46:19Z" user="user_599436" uid="599436" lat="43.0507100" lon="-76.1534104"/>
 <node id="2941239154" visible="true" version="1" changeset="23401785" timestamp="2014-06-30T22:46:19Z" user="user_599436" uid="599436" lat="43.0507109" lon="-76.1533919"/>
 <node id="2941239155" visible="true" version="1" changeset="23401785" timestamp="2014-06-30T22:46:19Z" user="user_599436" uid="599436" lat="43.0507109" lon="-76.1534078"/>
 <node id="2941239156" visible="true" version="1" changeset="23401785" timestamp="2014-06-30T22:46:19Z" user="user_599436" uid="599436" lat="43.0507666" lon="-76.1534091"/>
 <node id="2941239157" visible="true" version="1" changeset="23401785" timestamp="2014-06-30T22:46:19Z" user="user_599436" uid="599436" lat="43.0507671" lon="-76.1533831"/>
 <node id="2941239158" visible="true" version="1" changeset="23401785" timestamp="2014-06-30T22:46:19Z" user="user_599436" uid="599436" lat="43.0507740" lon="-76.1534176"/>
 <node id="2941239159" visible="true" version="1" changeset="23401785" timestamp="2014-06-30T22:46:19Z" user="user_599436" uid="599436" lat="43.0507752" lon="-76.1533665"/>
 <node id="2941239160" visible="true" version="1" changeset="23401785" timestamp="2014-06-30T22:46:19Z" user="user_599436" uid="599436" lat="43.0507785" lon="-76.1533624"/>
 <node id="2941239161" visible="true" version="1" changeset="23401785" timestamp="2014-06-30T22:46:19Z" user="user_599436" uid="599436" lat="43.0508121" lon="-76.1533832"/>
 <node id="2941239162" visible="true" version="1" changeset="23401785" timestamp="2014-06-30T22:46:19Z" user="user_599436" uid="599436" lat="43.0508180" lon="-76.1534178"/>
 <node id="2941239163" visible="true" version="1" changeset="23401785" timestamp="2014-06-30T22:46:19Z" user="user_599436" uid="599436" lat="43.0508193" lon="-76.1533901"/>
 <node id="2941239164" visible="true" version="1" changeset="23401785" timestamp="2014-06-30T22:46:19Z" user="user_599436" uid="599436" lat="43.0508200" lon="-76.1534049"/>
 <node id="2941239165" visible="true" version="1" changeset="23401785" timestamp="2014-06-30T22:46:19Z" user="user_599436" uid="599436" lat="43.0509925" lon="-76.1521740"/>
 <node id="2941239166" visible="true" version="1" changeset="23401785" timestamp="2014-06-30T22:46:19Z" user="user_599436" uid="599436" lat="43.0509934" lon="-76.1522539"/>
 <node id="2941239167" visible="true" version="1" changeset="23401785" timestamp="2014-06-30T22:46:19Z" user="user_599436" uid="599436" lat="43.0510077" lon="-76.1534620"/>
 <node id="2941239168" visible="true" version="1" changeset="23401785" timestamp="2014-06-30T22:46:19Z" user="user_599436" uid="599436" lat="43.0510085" lon="-76.1535263"/>
 <node id="2941239171" visible="true" version="2" changeset="181339426" timestamp="2026-04-14T19:51:37Z" user="RunningDroid" uid="362108" lat="43.0511730" lon="-76.1521720">
  <tag k="crossing:markings" v="lines;surface"/>
  <tag k="highway" v="crossing"/>
 </node>
 <node id="2941239172" visible="true" version="1" changeset="23401785" timestamp="2014-06-30T22:46:20Z" user="user_599436" uid="599436" lat="43.0511762" lon="-76.1534600"/>
 <node id="2941239175" visible="true" version="1" changeset="23401785" timestamp="2014-06-30T22:46:20Z" user="user_599436" uid="599436" lat="43.0511876" lon="-76.1522526"/>
 <node id="2941239176" visible="true" version="5" changeset="183456196" timestamp="2026-05-31T16:17:40Z" user="DTHG" uid="463044" lat="43.0511901" lon="-76.1535215">
  <tag k="button_operated" v="yes"/>
  <tag k="crossing:signals" v="yes"/>
  <tag k="highway" v="crossing"/>
  <tag k="tactile_paving" v="yes"/>
  <tag k="traffic_signals:sound" v="yes"/>
 </node>
 <node id="2941239179" visible="true" version="1" changeset="23401785" timestamp="2014-06-30T22:46:20Z" user="user_599436" uid="599436" lat="43.0512183" lon="-76.1534094"/>
 <node id="2941239180" visible="true" version="2" changeset="27989848" timestamp="2015-01-08T04:11:48Z" user="user_599436" uid="599436" lat="43.0512172" lon="-76.1523115"/>
 <node id="2941239184" visible="true" version="2" changeset="181339426" timestamp="2026-04-14T19:51:29Z" user="RunningDroid" uid="362108" lat="43.0512711" lon="-76.1523441">
  <tag k="crossing:markings" v="lines;surface"/>
  <tag k="highway" v="crossing"/>
 </node>
 <node id="2941239187" visible="true" version="1" changeset="23401785" timestamp="2014-06-30T22:46:20Z" user="user_599436" uid="599436" lat="43.0512841" lon="-76.1533910">
  <tag k="highway" v="crossing"/>
 </node>
 <node id="2996608427" visible="true" version="1" changeset="24543717" timestamp="2014-08-04T20:39:30Z" user="user_599436" uid="599436" lat="43.0509167" lon="-76.1540495"/>
 <node id="2996608428" visible="true" version="1" changeset="24543717" timestamp="2014-08-04T20:39:30Z" user="user_599436" uid="599436" lat="43.0509369" lon="-76.1550349"/>
 <node id="2996608429" visible="true" version="1" changeset="24543717" timestamp="2014-08-04T20:39:30Z" user="user_599436" uid="599436" lat="43.0512765" lon="-76.1527812"/>
 <node id="2996608430" visible="true" version="1" changeset="24543717" timestamp="2014-08-04T20:39:30Z" user="user_599436" uid="599436" lat="43.0512788" lon="-76.1529618"/>
 <node id="2996608431" visible="true" version="1" changeset="24543717" timestamp="2014-08-04T20:39:30Z" user="user_599436" uid="599436" lat="43.0516907" lon="-76.1535027"/>
 <node id="3003199033" visible="true" version="1" changeset="24600998" timestamp="2014-08-07T18:08:07Z" user="user_599436" uid="599436" lat="43.0500877" lon="-76.1537084">
  <tag k="camera:mount" v="wall"/>
  <tag k="camera:type" v="dome"/>
  <tag k="height" v="6"/>
  <tag k="man_made" v="surveillance"/>
  <tag k="surveillance" v="outdoor"/>
  <tag k="surveillance:type" v="camera"/>
 </node>
 <node id="3137141395" visible="true" version="1" changeset="26174301" timestamp="2014-10-18T17:06:59Z" user="user_599436" uid="599436" lat="43.0503755" lon="-76.1537064">
  <tag k="camera:mount" v="wall"/>
  <tag k="camera:type" v="dome"/>
  <tag k="height" v="3"/>
  <tag k="man_made" v="surveillance"/>
  <tag k="surveillance" v="outdoor"/>
  <tag k="surveillance:type" v="camera"/>
 </node>
 <node id="3276101258" visible="true" version="2" changeset="174412137" timestamp="2025-11-09T11:19:32Z" user="confusedbuffalo" uid="242345" lat="43.0508629" lon="-76.1529062">
  <tag k="contact:phone" v="+1-315-423-0129"/>
  <tag k="contact:website" v="http://www.syracuse.ny.us/parks/clintonsquarerink.html"/>
  <tag k="leisure" v="ice_rink"/>
  <tag k="name" v="Clinton Square Ice Rink (Seasonal)"/>
  <tag k="opening_hours" v="Mo-Th 11:00-20:00; Fr 11:00-20:30; Sa 10:00-20:30; Su 10:00-20:00 || &quot;Late November to mid March&quot;"/>
  <tag k="seasonal" v="winter"/>
  <tag k="sport" v="ice_skating"/>
 </node>
 <node id="3276101259" visible="true" version="1" changeset="27989848" timestamp="2015-01-08T04:11:45Z" user="user_599436" uid="599436" lat="43.0505772" lon="-76.1523346"/>
 <node id="3276101260" visible="true" version="1" changeset="27989848" timestamp="2015-01-08T04:11:45Z" user="user_599436" uid="599436" lat="43.0505873" lon="-76.1533888"/>
 <node id="3276101361" visible="true" version="1" changeset="27989848" timestamp="2015-01-08T04:11:45Z" user="user_599436" uid="599436" lat="43.0506280" lon="-76.1534687"/>
 <node id="3276101362" visible="true" version="1" changeset="27989848" timestamp="2015-01-08T04:11:45Z" user="user_599436" uid="599436" lat="43.0506383" lon="-76.1522563"/>
 <node id="3276101363" visible="true" version="1" changeset="27989848" timestamp="2015-01-08T04:11:45Z" user="user_599436" uid="599436" lat="43.0506414" lon="-76.1534696"/>
 <node id="3276101364" visible="true" version="1" changeset="27989848" timestamp="2015-01-08T04:11:45Z" user="user_599436" uid="599436" lat="43.0511733" lon="-76.1522527"/>
 <node id="3276101365" visible="true" version="1" changeset="27989848" timestamp="2015-01-08T04:11:45Z" user="user_599436" uid="599436" lat="43.0511897" lon="-76.1534507"/>
 <node id="3276101366" visible="true" version="1" changeset="27989848" timestamp="2015-01-08T04:11:45Z" user="user_599436" uid="599436" lat="43.0512170" lon="-76.1523454"/>
 <node id="3276101367" visible="true" version="1" changeset="27989848" timestamp="2015-01-08T04:11:45Z" user="user_599436" uid="599436" lat="43.0512216" lon="-76.1533916"/>
 <node id="3340971936" visible="true" version="1" changeset="28742279" timestamp="2015-02-10T02:20:37Z" user="DTHG" uid="463044" lat="43.0517784" lon="-76.1546450"/>
 <node id="3362433657" visible="true" version="1" changeset="28987899" timestamp="2015-02-20T22:08:14Z" user="user_599436" uid="599436" lat="43.0497195" lon="-76.1538519">
  <tag k="barrier" v="bollard"/>
 </node>
 <node id="3362433661" visible="true" version="1" changeset="28987899" timestamp="2015-02-20T22:08:14Z" user="user_599436" uid="599436" lat="43.0500342" lon="-76.1538489"/>
 <node id="3362433662" visible="true" version="1" changeset="28987899" timestamp="2015-02-20T22:08:14Z" user="user_599436" uid="599436" lat="43.0500883" lon="-76.1538484"/>
 <node id="3362433663" visible="true" version="1" changeset="28987899" timestamp="2015-02-20T22:08:14Z" user="user_599436" uid="599436" lat="43.0501110" lon="-76.1543224"/>
 <node id="3362433664" visible="true" version="1" changeset="28987899" timestamp="2015-02-20T22:08:14Z" user="user_599436" uid="599436" lat="43.0501393" lon="-76.1543221"/>
 <node id="3362433665" visible="true" version="1" changeset="28987899" timestamp="2015-02-20T22:08:14Z" user="user_599436" uid="599436" lat="43.0503240" lon="-76.1538462"/>
 <node id="3362433666" visible="true" version="1" changeset="28987899" timestamp="2015-02-20T22:08:14Z" user="user_599436" uid="599436" lat="43.0503260" lon="-76.1542448"/>
 <node id="3362433667" visible="true" version="1" changeset="28987899" timestamp="2015-02-20T22:08:14Z" user="user_599436" uid="599436" lat="43.0503262" lon="-76.1542852"/>
 <node id="3362433668" visible="true" version="1" changeset="28987899" timestamp="2015-02-20T22:08:14Z" user="user_599436" uid="599436" lat="43.0503763" lon="-76.1538457"/>
 <node id="3362433669" visible="true" version="1" changeset="28987899" timestamp="2015-02-20T22:08:14Z" user="user_599436" uid="599436" lat="43.0505466" lon="-76.1538441"/>
 <node id="3457377493" visible="true" version="1" changeset="30236542" timestamp="2015-04-15T12:53:13Z" user="user_599436" uid="599436" lat="43.0497935" lon="-76.1538512"/>
 <node id="3616166670" visible="true" version="1" changeset="32192801" timestamp="2015-06-24T21:04:26Z" user="user_599436" uid="599436" lat="43.0506815" lon="-76.1524838">
  <tag k="amenity" v="drinking_water"/>
 </node>
 <node id="3630185074" visible="true" version="2" changeset="180975528" timestamp="2026-04-07T02:36:25Z" user="lizzyd710" uid="11896050" lat="43.0504674" lon="-76.1534210">
  <tag k="camera:mount" v="pole"/>
  <tag k="camera:type" v="dome"/>
  <tag k="man_made" v="surveillance"/>
  <tag k="operator" v="Syracuse Police Department"/>
  <tag k="operator:wikidata" v="Q134509534"/>
  <tag k="start_date" v="2015"/>
  <tag k="surveillance" v="public"/>
  <tag k="surveillance:type" v="camera"/>
 </node>
 <node id="3941868616" visible="true" version="1" changeset="36531196" timestamp="2016-01-12T15:25:11Z" user="user_599436" uid="599436" lat="43.0511291" lon="-76.1542311"/>
 <node id="3941868617" visible="true" version="1" changeset="36531196" timestamp="2016-01-12T15:25:11Z" user="user_599436" uid="599436" lat="43.0511310" lon="-76.1544516"/>
 <node id="3941868618" visible="true" version="1" changeset="36531196" timestamp="2016-01-12T15:25:11Z" user="user_599436" uid="599436" lat="43.0511322" lon="-76.1545933"/>
 <node id="3941868619" visible="true" version="1" changeset="36531196" timestamp="2016-01-12T15:25:11Z" user="user_599436" uid="599436" lat="43.0511341" lon="-76.1548188"/>
 <node id="3941868620" visible="true" version="1" changeset="36531196" timestamp="2016-01-12T15:25:11Z" user="user_599436" uid="599436" lat="43.0511843" lon="-76.1542778"/>
 <node id="3941868621" visible="true" version="1" changeset="36531196" timestamp="2016-01-12T15:25:11Z" user="user_599436" uid="599436" lat="43.0511908" lon="-76.1542065"/>
 <node id="3941868622" visible="true" version="1" changeset="36531196" timestamp="2016-01-12T15:25:11Z" user="user_599436" uid="599436" lat="43.0512066" lon="-76.1542691"/>
 <node id="3941868623" visible="true" version="1" changeset="36531196" timestamp="2016-01-12T15:25:11Z" user="user_599436" uid="599436" lat="43.0512201" lon="-76.1544515"/>
 <node id="3941868624" visible="true" version="1" changeset="36531196" timestamp="2016-01-12T15:25:11Z" user="user_599436" uid="599436" lat="43.0512417" lon="-76.1548142"/>
 <node id="3941868625" visible="true" version="1" changeset="36531196" timestamp="2016-01-12T15:25:11Z" user="user_599436" uid="599436" lat="43.0512492" lon="-76.1545926"/>
 <node id="3941868626" visible="true" version="1" changeset="36531196" timestamp="2016-01-12T15:25:11Z" user="user_599436" uid="599436" lat="43.0512535" lon="-76.1541816"/>
 <node id="3941868627" visible="true" version="1" changeset="36531196" timestamp="2016-01-12T15:25:11Z" user="user_599436" uid="599436" lat="43.0512574" lon="-76.1546320"/>
 <node id="3941868628" visible="true" version="1" changeset="36531196" timestamp="2016-01-12T15:25:11Z" user="user_599436" uid="599436" lat="43.0512690" lon="-76.1542450"/>
 <node id="3941868629" visible="true" version="1" changeset="36531196" timestamp="2016-01-12T15:25:11Z" user="user_599436" uid="599436" lat="43.0512914" lon="-76.1542364"/>
 <node id="3941868630" visible="true" version="1" changeset="36531196" timestamp="2016-01-12T15:25:11Z" user="user_599436" uid="599436" lat="43.0513184" lon="-76.1541557"/>
 <node id="3941868631" visible="true" version="1" changeset="36531196" timestamp="2016-01-12T15:25:11Z" user="user_599436" uid="599436" lat="43.0513274" lon="-76.1544110"/>
 <node id="3941868632" visible="true" version="1" changeset="36531196" timestamp="2016-01-12T15:25:11Z" user="user_599436" uid="599436" lat="43.0513567" lon="-76.1545531"/>
 <node id="3941868633" visible="true" version="1" changeset="36531196" timestamp="2016-01-12T15:25:11Z" user="user_599436" uid="599436" lat="43.0513645" lon="-76.1545906"/>
 <node id="3941868634" visible="true" version="1" changeset="36531196" timestamp="2016-01-12T15:25:11Z" user="user_599436" uid="599436" lat="43.0514028" lon="-76.1543501"/>
 <node id="3941868635" visible="true" version="1" changeset="36531196" timestamp="2016-01-12T15:25:11Z" user="user_599436" uid="599436" lat="43.0514543" lon="-76.1547320"/>
 <node id="3941868636" visible="true" version="1" changeset="36531196" timestamp="2016-01-12T15:25:11Z" user="user_599436" uid="599436" lat="43.0514566" lon="-76.1544738"/>
 <node id="3941868637" visible="true" version="1" changeset="36531196" timestamp="2016-01-12T15:25:11Z" user="user_599436" uid="599436" lat="43.0515385" lon="-76.1546624"/>
 <node id="4455830137" visible="true" version="1" changeset="43022402" timestamp="2016-10-19T23:48:32Z" user="user_599436" uid="599436" lat="43.0508989" lon="-76.1524283">
  <tag k="xmas:feature" v="tree"/>
  <tag k="xmas:location" v="Clinton Square"/>
 </node>
 <node id="4707599509" visible="true" version="2" changeset="188470781" timestamp="2026-09-03T12:58:11Z" user="Lanmou" uid="21988617" lat="43.0505964" lon="-76.1525268">
  <tag k="amenity" v="marketplace"/>
  <tag k="check_date" v="2026-09-03"/>
  <tag k="contact:website" v="http://www.downtownsyracuse.com/farmersmarket"/>
  <tag k="name" v="Downtown Farmers Market"/>
  <tag k="opening_hours" v="Jun-Oct Tu 07:00-15:00"/>
 </node>
 <node id="5034649620" visible="true" version="2" changeset="180975528" timestamp="2026-04-07T02:36:25Z" user="lizzyd710" uid="11896050" lat="43.0504498" lon="-76.1523654">
  <tag k="camera:mount" v="pole"/>
  <tag k="camera:type" v="dome"/>
  <tag k="man_made" v="surveillance"/>
  <tag k="operator" v="Syracuse Police Department"/>
  <tag k="operator:wikidata" v="Q134509534"/>
  <tag k="surveillance" v="public"/>
  <tag k="surveillance:type" v="camera"/>
 </node>
 <node id="5034650221" visible="true" version="1" changeset="51111550" timestamp="2017-08-14T13:34:27Z" user="bikerdude722" uid="6481346" lat="43.0513726" lon="-76.1520539">
  <tag k="camera:mount" v="pole"/>
  <tag k="camera:type" v="dome"/>
  <tag k="man_made" v="surveillance"/>
  <tag k="operator" v="Syracuse Police Department"/>
  <tag k="surveillance" v="public"/>
  <tag k="surveillance:type" v="camera"/>
 </node>
 <node id="5034650222" visible="true" version="2" changeset="181028403" timestamp="2026-04-08T04:00:54Z" user="lizzyd710" uid="11896050" lat="43.0512608" lon="-76.1536829">
  <tag k="camera:mount" v="pole"/>
  <tag k="camera:type" v="dome"/>
  <tag k="man_made" v="surveillance"/>
  <tag k="operator" v="Syracuse Police Department"/>
  <tag k="operator:wikidata" v="Q134509534"/>
  <tag k="surveillance" v="public"/>
  <tag k="surveillance:type" v="camera"/>
 </node>
 <node id="5534790930" visible="true" version="1" changeset="57879932" timestamp="2018-04-06T22:37:32Z" user="rushcreek" uid="8076278" lat="43.0507389" lon="-76.1536869">
  <tag k="amenity" v="ice_cream"/>
  <tag k="facebook" v="https://www.facebook.com/theicecreamstandsyr/"/>
  <tag k="name" v="The Ice Cream Stand"/>
 </node>
 <node id="5827929285" visible="true" version="1" changeset="61600729" timestamp="2018-08-12T21:15:39Z" user="Happy Hobo" uid="4203306" lat="43.0518187" lon="-76.1536506">
  <tag k="amenity" v="cafe"/>
  <tag k="name" v="Glazed and Confused"/>
 </node>
 <node id="7554198876" visible="true" version="1" changeset="85687348" timestamp="2020-05-24T16:05:46Z" user="Stupefacient" uid="11197688" lat="43.0508855" lon="-76.1496289">
  <tag k="highway" v="traffic_signals"/>
  <tag k="traffic_signals" v="signal"/>
  <tag k="traffic_signals:direction" v="forward"/>
 </node>
 <node id="7554198879" visible="true" version="2" changeset="181028403" timestamp="2026-04-08T04:00:54Z" user="lizzyd710" uid="11896050" lat="43.0508877" lon="-76.1495369">
  <tag k="crossing" v="marked"/>
  <tag k="crossing:markings" v="ladder"/>
  <tag k="highway" v="crossing"/>
 </node>
 <node id="7554198884" visible="true" version="2" changeset="181485163" timestamp="2026-04-18T06:39:38Z" user="wambag" uid="326503" lat="43.0506388" lon="-76.1297439"/>
 <node id="8503845326" visible="true" version="1" changeset="100784588" timestamp="2021-03-10T14:10:33Z" user="srmudava" uid="10145794" lat="43.0533242" lon="-76.1529842"/>
 <node id="8787449478" visible="true" version="2" changeset="110868414" timestamp="2021-09-07T16:06:41Z" user="bncrain" uid="7208213" lat="43.0506810" lon="-76.1541249">
  <tag k="addr:city" v="Syracuse"/>
  <tag k="addr:housenumber" v="208"/>
  <tag k="addr:postcode" v="13202"/>
  <tag k="addr:state" v="NY"/>
  <tag k="addr:street" v="West Water Street"/>
  <tag k="nysgissam:nysaddresspointid" v="ONON246614"/>
  <tag k="nysgissam:review" v="repeat address"/>
 </node>
 <node id="8787453375" visible="true" version="1" changeset="105648005" timestamp="2021-06-01T00:18:32Z" user="nysgissam_dead10ck" uid="12470629" lat="43.0516113" lon="-76.1537234">
  <tag k="addr:city" v="Syracuse"/>
  <tag k="addr:housenumber" v="204"/>
  <tag k="addr:postcode" v="13202"/>
  <tag k="addr:state" v="NY"/>
  <tag k="addr:street" v="West Genesee Street"/>
  <tag k="nysgissam:nysaddresspointid" v="ONON025360"/>
 </node>
 <node id="8787470650" visible="true" version="2" changeset="110868414" timestamp="2021-09-07T16:06:41Z" user="bncrain" uid="7208213" lat="43.0506788" lon="-76.1540444">
  <tag k="addr:city" v="Syracuse"/>
  <tag k="addr:housenumber" v="206"/>
  <tag k="addr:postcode" v="13202"/>
  <tag k="addr:state" v="NY"/>
  <tag k="addr:street" v="West Water Street"/>
  <tag k="nysgissam:nysaddresspointid" v="ONON122076"/>
 </node>
 <node id="8787485872" visible="true" version="1" changeset="105648017" timestamp="2021-06-01T00:18:59Z" user="nysgissam_dead10ck" uid="12470629" lat="43.0507197" lon="-76.1528847">
  <tag k="addr:city" v="Syracuse"/>
  <tag k="addr:housenumber" v="98"/>
  <tag k="addr:postcode" v="13202"/>
  <tag k="addr:state" v="NY"/>
  <tag k="addr:street" v="South Salina Street"/>
  <tag k="nysgissam:nysaddresspointid" v="ONON023012"/>
 </node>
 <node id="8787488929" visible="true" version="1" changeset="105648019" timestamp="2021-06-01T00:19:08Z" user="nysgissam_dead10ck" uid="12470629" lat="43.0516113" lon="-76.1537234">
  <tag k="addr:city" v="Syracuse"/>
  <tag k="addr:housenumber" v="206"/>
  <tag k="addr:postcode" v="13202"/>
  <tag k="addr:state" v="NY"/>
  <tag k="addr:street" v="West Genesee Street"/>
  <tag k="nysgissam:nysaddresspointid" v="ONON150116"/>
 </node>
 <node id="8787514696" visible="true" version="1" changeset="105648024" timestamp="2021-06-01T00:19:31Z" user="nysgissam_dead10ck" uid="12470629" lat="43.0507823" lon="-76.1541573">
  <tag k="addr:city" v="Syracuse"/>
  <tag k="addr:floor" v="Floor 1"/>
  <tag k="addr:housenumber" v="208"/>
  <tag k="addr:postcode" v="13202"/>
  <tag k="addr:state" v="NY"/>
  <tag k="addr:street" v="West Water Street"/>
  <tag k="nysgissam:nysaddresspointid" v="ONON245701"/>
 </node>
 <node id="8787514705" visible="true" version="1" changeset="105648024" timestamp="2021-06-01T00:19:31Z" user="nysgissam_dead10ck" uid="12470629" lat="43.0516236" lon="-76.1538148">
  <tag k="addr:city" v="Syracuse"/>
  <tag k="addr:flats" v="A;D"/>
  <tag k="addr:housenumber" v="208"/>
  <tag k="addr:postcode" v="13202"/>
  <tag k="addr:state" v="NY"/>
  <tag k="addr:street" v="West Genesee Street"/>
  <tag k="nysgissam:nysaddresspointid" v="ONON199600;ONON021424;ONON199582"/>
 </node>
 <node id="8787515221" visible="true" version="1" changeset="105648024" timestamp="2021-06-01T00:19:31Z" user="nysgissam_dead10ck" uid="12470629" lat="43.0517881" lon="-76.1536771">
  <tag k="addr:city" v="Syracuse"/>
  <tag k="addr:housenumber" v="207"/>
  <tag k="addr:postcode" v="13202"/>
  <tag k="addr:state" v="NY"/>
  <tag k="addr:street" v="North Clinton Street"/>
  <tag k="nysgissam:nysaddresspointid" v="ONON008228"/>
 </node>
 <node id="8787515617" visible="true" version="1" changeset="105648024" timestamp="2021-06-01T00:19:31Z" user="nysgissam_dead10ck" uid="12470629" lat="43.0519688" lon="-76.1536660">
  <tag k="addr:city" v="Syracuse"/>
  <tag k="addr:housenumber" v="221"/>
  <tag k="addr:postcode" v="13202"/>
  <tag k="addr:state" v="NY"/>
  <tag k="addr:street" v="North Clinton Street"/>
  <tag k="nysgissam:nysaddresspointid" v="ONON050448"/>
 </node>
 <node id="8787516037" visible="true" version="1" changeset="105648024" timestamp="2021-06-01T00:19:31Z" user="nysgissam_dead10ck" uid="12470629" lat="43.0517881" lon="-76.1536771">
  <tag k="addr:city" v="Syracuse"/>
  <tag k="addr:housenumber" v="211"/>
  <tag k="addr:postcode" v="13202"/>
  <tag k="addr:state" v="NY"/>
  <tag k="addr:street" v="North Clinton Street"/>
  <tag k="nysgissam:nysaddresspointid" v="ONON146672"/>
 </node>
 <node id="8787516807" visible="true" version="1" changeset="105648031" timestamp="2021-06-01T00:19:41Z" user="nysgissam_dead10ck" uid="12470629" lat="43.0518794" lon="-76.1544356">
  <tag k="addr:city" v="Syracuse"/>
  <tag k="addr:housenumber" v="236"/>
  <tag k="addr:postcode" v="13202"/>
  <tag k="addr:state" v="NY"/>
  <tag k="addr:street" v="West Genesee Street"/>
  <tag k="nysgissam:nysaddresspointid" v="ONON050803"/>
 </node>
 <node id="8787518328" visible="true" version="1" changeset="105648031" timestamp="2021-06-01T00:19:41Z" user="nysgissam_dead10ck" uid="12470629" lat="43.0518003" lon="-76.1538559">
  <tag k="addr:city" v="Syracuse"/>
  <tag k="addr:housenumber" v="218"/>
  <tag k="addr:postcode" v="13202"/>
  <tag k="addr:state" v="NY"/>
  <tag k="addr:street" v="West Genesee Street"/>
  <tag k="nysgissam:nysaddresspointid" v="ONON189070"/>
 </node>
 <node id="8787519700" visible="true" version="1" changeset="105648031" timestamp="2021-06-01T00:19:41Z" user="nysgissam_dead10ck" uid="12470629" lat="43.0507848" lon="-76.1540457">
  <tag k="addr:city" v="Syracuse"/>
  <tag k="addr:housenumber" v="204"/>
  <tag k="addr:postcode" v="13202"/>
  <tag k="addr:state" v="NY"/>
  <tag k="addr:street" v="West Water Street"/>
  <tag k="nysgissam:nysaddresspointid" v="ONON026532"/>
 </node>
 <node id="8787520574" visible="true" version="1" changeset="105648031" timestamp="2021-06-01T00:19:41Z" user="nysgissam_dead10ck" uid="12470629" lat="43.0519956" lon="-76.1536568">
  <tag k="addr:city" v="Syracuse"/>
  <tag k="addr:housenumber" v="223"/>
  <tag k="addr:postcode" v="13202"/>
  <tag k="addr:state" v="NY"/>
  <tag k="addr:street" v="North Clinton Street"/>
  <tag k="addr:unit" v="1"/>
  <tag k="nysgissam:nysaddresspointid" v="ONON124531;ONON200895"/>
 </node>
 <node id="8787521672" visible="true" version="1" changeset="105648031" timestamp="2021-06-01T00:19:41Z" user="nysgissam_dead10ck" uid="12470629" lat="43.0500877" lon="-76.1524290">
  <tag k="addr:city" v="Syracuse"/>
  <tag k="addr:flats" v="120;215"/>
  <tag k="addr:housenumber" v="100"/>
  <tag k="addr:postcode" v="13202"/>
  <tag k="addr:state" v="NY"/>
  <tag k="addr:street" v="South Salina Street"/>
  <tag k="nysgissam:nysaddresspointid" v="ONON189519;ONON172874;ONON189549"/>
 </node>
 <node id="8787522140" visible="true" version="1" changeset="105648031" timestamp="2021-06-01T00:19:41Z" user="nysgissam_dead10ck" uid="12470629" lat="43.0518090" lon="-76.1538765">
  <tag k="addr:city" v="Syracuse"/>
  <tag k="addr:housenumber" v="218"/>
  <tag k="addr:postcode" v="13202"/>
  <tag k="addr:state" v="NY"/>
  <tag k="addr:street" v="West Genesee Street"/>
  <tag k="addr:unit" v="4C"/>
  <tag k="nysgissam:nysaddresspointid" v="ONON200648"/>
 </node>
 <node id="8787522376" visible="true" version="1" changeset="105648031" timestamp="2021-06-01T00:19:41Z" user="nysgissam_dead10ck" uid="12470629" lat="43.0518515" lon="-76.1543424">
  <tag k="addr:city" v="Syracuse"/>
  <tag k="addr:housenumber" v="234"/>
  <tag k="addr:postcode" v="13202"/>
  <tag k="addr:state" v="NY"/>
  <tag k="addr:street" v="West Genesee Street"/>
  <tag k="nysgissam:nysaddresspointid" v="ONON094743"/>
 </node>
 <node id="8787523212" visible="true" version="1" changeset="105648031" timestamp="2021-06-01T00:19:41Z" user="nysgissam_dead10ck" uid="12470629" lat="43.0516425" lon="-76.1538701">
  <tag k="addr:city" v="Syracuse"/>
  <tag k="addr:housenumber" v="210"/>
  <tag k="addr:postcode" v="13202"/>
  <tag k="addr:state" v="NY"/>
  <tag k="addr:street" v="West Genesee Street"/>
  <tag k="nysgissam:nysaddresspointid" v="ONON014368"/>
 </node>
 <node id="8787529483" visible="true" version="1" changeset="105648044" timestamp="2021-06-01T00:20:32Z" user="nysgissam_dead10ck" uid="12470629" lat="43.0512383" lon="-76.1542774">
  <tag k="addr:city" v="Syracuse"/>
  <tag k="addr:housenumber" v="101"/>
  <tag k="addr:postcode" v="13202"/>
  <tag k="addr:state" v="NY"/>
  <tag k="addr:street" v="North Clinton Street"/>
  <tag k="addr:unit" v="102"/>
  <tag k="nysgissam:nysaddresspointid" v="ONON075151;ONON189727"/>
  <tag k="nysgissam:review" v="multipolygon"/>
 </node>
 <node id="8787531996" visible="true" version="2" changeset="110868414" timestamp="2021-09-07T16:06:41Z" user="bncrain" uid="7208213" lat="43.0506874" lon="-76.1542833">
  <tag k="addr:city" v="Syracuse"/>
  <tag k="addr:housenumber" v="210"/>
  <tag k="addr:postcode" v="13202"/>
  <tag k="addr:state" v="NY"/>
  <tag k="addr:street" v="West Water Street"/>
  <tag k="nysgissam:nysaddresspointid" v="ONON244570"/>
 </node>
 <node id="8787550984" visible="true" version="1" changeset="105648061" timestamp="2021-06-01T00:21:10Z" user="nysgissam_dead10ck" uid="12470629" lat="43.0517506" lon="-76.1539917">
  <tag k="addr:city" v="Syracuse"/>
  <tag k="addr:housenumber" v="216"/>
  <tag k="addr:postcode" v="13202"/>
  <tag k="addr:state" v="NY"/>
  <tag k="addr:street" v="West Genesee Street"/>
  <tag k="nysgissam:nysaddresspointid" v="ONON016120"/>
 </node>
 <node id="8787574301" visible="true" version="1" changeset="105648071" timestamp="2021-06-01T00:21:39Z" user="nysgissam_dead10ck" uid="12470629" lat="43.0515633" lon="-76.1536655">
  <tag k="addr:city" v="Syracuse"/>
  <tag k="addr:housenumber" v="202"/>
  <tag k="addr:postcode" v="13202"/>
  <tag k="addr:state" v="NY"/>
  <tag k="addr:street" v="West Genesee Street"/>
  <tag k="nysgissam:nysaddresspointid" v="ONON113874"/>
 </node>
 <node id="8787578971" visible="true" version="2" changeset="110868414" timestamp="2021-09-07T16:06:41Z" user="bncrain" uid="7208213" lat="43.0506873" lon="-76.1544524">
  <tag k="addr:city" v="Syracuse"/>
  <tag k="addr:housenumber" v="214"/>
  <tag k="addr:postcode" v="13202"/>
  <tag k="addr:state" v="NY"/>
  <tag k="addr:street" v="West Water Street"/>
  <tag k="nysgissam:nysaddresspointid" v="ONON062056"/>
 </node>
 <node id="8787582733" visible="true" version="2" changeset="110868414" timestamp="2021-09-07T16:06:41Z" user="bncrain" uid="7208213" lat="43.0506855" lon="-76.1542086">
  <tag k="addr:city" v="Syracuse"/>
  <tag k="addr:housenumber" v="208"/>
  <tag k="addr:postcode" v="13202"/>
  <tag k="addr:state" v="NY"/>
  <tag k="addr:street" v="West Water Street"/>
  <tag k="nysgissam:nysaddresspointid" v="ONON134815"/>
  <tag k="nysgissam:review" v="repeat address"/>
 </node>
 <node id="8787587052" visible="true" version="1" changeset="105648076" timestamp="2021-06-01T00:21:48Z" user="nysgissam_dead10ck" uid="12470629" lat="43.0515633" lon="-76.1536655">
  <tag k="addr:city" v="Syracuse"/>
  <tag k="addr:housenumber" v="200"/>
  <tag k="addr:postcode" v="13202"/>
  <tag k="addr:state" v="NY"/>
  <tag k="addr:street" v="West Genesee Street"/>
  <tag k="nysgissam:nysaddresspointid" v="ONON004206"/>
 </node>
 <node id="9062848216" visible="true" version="1" changeset="110726775" timestamp="2021-09-04T18:13:25Z" user="bncrain" uid="7208213" lat="43.0515416" lon="-76.1536301"/>
 <node id="9071077310" visible="true" version="1" changeset="110868414" timestamp="2021-09-07T16:06:41Z" user="bncrain" uid="7208213" lat="43.0508121" lon="-76.1536584"/>
 <node id="9071077311" visible="true" version="1" changeset="110868414" timestamp="2021-09-07T16:06:41Z" user="bncrain" uid="7208213" lat="43.0507862" lon="-76.1536590"/>
 <node id="9071077312" visible="true" version="1" changeset="110868414" timestamp="2021-09-07T16:06:41Z" user="bncrain" uid="7208213" lat="43.0507861" lon="-76.1536545"/>
 <node id="9071077313" visible="true" version="1" changeset="110868414" timestamp="2021-09-07T16:06:41Z" user="bncrain" uid="7208213" lat="43.0507489" lon="-76.1536553"/>
 <node id="9071077314" visible="true" version="1" changeset="110868414" timestamp="2021-09-07T16:06:41Z" user="bncrain" uid="7208213" lat="43.0507488" lon="-76.1536440"/>
 <node id="9071077315" visible="true" version="1" changeset="110868414" timestamp="2021-09-07T16:06:41Z" user="bncrain" uid="7208213" lat="43.0506986" lon="-76.1536451"/>
 <node id="9071077316" visible="true" version="1" changeset="110868414" timestamp="2021-09-07T16:06:41Z" user="bncrain" uid="7208213" lat="43.0506988" lon="-76.1536582"/>
 <node id="9071077317" visible="true" version="1" changeset="110868414" timestamp="2021-09-07T16:06:41Z" user="bncrain" uid="7208213" lat="43.0506543" lon="-76.1536592"/>
 <node id="9071077318" visible="true" version="1" changeset="110868414" timestamp="2021-09-07T16:06:41Z" user="bncrain" uid="7208213" lat="43.0506553" lon="-76.1537422"/>
 <node id="9071077319" visible="true" version="1" changeset="110868414" timestamp="2021-09-07T16:06:41Z" user="bncrain" uid="7208213" lat="43.0506414" lon="-76.1537425"/>
 <node id="9071077320" visible="true" version="1" changeset="110868414" timestamp="2021-09-07T16:06:41Z" user="bncrain" uid="7208213" lat="43.0506449" lon="-76.1540270"/>
 <node id="9071077321" visible="true" version="1" changeset="110868414" timestamp="2021-09-07T16:06:41Z" user="bncrain" uid="7208213" lat="43.0506619" lon="-76.1540267"/>
 <node id="9072143682" visible="true" version="1" changeset="110881059" timestamp="2021-09-07T21:58:48Z" user="bncrain" uid="7208213" lat="43.0514495" lon="-76.1523752"/>
 <node id="9072143683" visible="true" version="1" changeset="110881059" timestamp="2021-09-07T21:58:48Z" user="bncrain" uid="7208213" lat="43.0514514" lon="-76.1524921"/>
 <node id="9072143684" visible="true" version="1" changeset="110881059" timestamp="2021-09-07T21:58:48Z" user="bncrain" uid="7208213" lat="43.0516082" lon="-76.1523705"/>
 <node id="10920899461" visible="true" version="3" changeset="188010747" timestamp="2026-08-25T20:32:55Z" user="RunningDroid" uid="362108" lat="43.0523379" lon="-76.1549219">
  <tag k="crossing" v="uncontrolled"/>
  <tag k="crossing:markings" v="ladder"/>
  <tag k="highway" v="crossing"/>
  <tag k="tactile_paving" v="yes"/>
 </node>
 <node id="10920899493" visible="true" version="3" changeset="188010747" timestamp="2026-08-25T20:32:15Z" user="RunningDroid" uid="362108" lat="43.0520545" lon="-76.1550359">
  <tag k="crossing" v="uncontrolled"/>
  <tag k="crossing:markings" v="ladder"/>
  <tag k="highway" v="crossing"/>
  <tag k="tactile_paving" v="yes"/>
 </node>
 <node id="10920899499" visible="true" version="1" changeset="136437254" timestamp="2023-05-23T04:25:25Z" user="CurlingMan13" uid="6641970" lat="43.0504986" lon="-76.1553628"/>
 <node id="10920899501" visible="true" version="2" changeset="150244418" timestamp="2024-04-20T00:27:30Z" user="andrewpmk" uid="1679" lat="43.0505694" lon="-76.1553847">
  <tag k="crossing" v="uncontrolled"/>
  <tag k="crossing:markings" v="ladder"/>
  <tag k="highway" v="crossing"/>
 </node>
 <node id="10920899512" visible="true" version="2" changeset="186239965" timestamp="2026-07-23T15:00:05Z" user="nopeinomicon" uid="21426053" lat="43.0504576" lon="-76.1536695"/>
 <node id="10920899513" visible="true" version="2" changeset="147860847" timestamp="2024-02-24T15:51:07Z" user="pkoby" uid="999995" lat="43.0504496" lon="-76.1537330"/>
 <node id="10920899514" visible="true" version="2" changeset="147860847" timestamp="2024-02-24T15:51:07Z" user="pkoby" uid="999995" lat="43.0504633" lon="-76.1553276"/>
 <node id="10920899515" visible="true" version="2" changeset="147860847" timestamp="2024-02-24T15:51:07Z" user="pkoby" uid="999995" lat="43.0504486" lon="-76.1538450"/>
 <node id="10920899516" visible="true" version="2" changeset="147860847" timestamp="2024-02-24T15:51:07Z" user="pkoby" uid="999995" lat="43.0504564" lon="-76.1542849"/>
 <node id="10920899517" visible="true" version="2" changeset="186239965" timestamp="2026-07-23T15:00:05Z" user="nopeinomicon" uid="21426053" lat="43.0504556" lon="-76.1534607"/>
 <node id="11049526889" visible="true" version="1" changeset="138582599" timestamp="2023-07-16T15:02:38Z" user="they" uid="448442" lat="43.0512961" lon="-76.1536966"/>
 <node id="11049526890" visible="true" version="1" changeset="138582599" timestamp="2023-07-16T15:02:38Z" user="they" uid="448442" lat="43.0512525" lon="-76.1536113"/>
 <node id="11049526891" visible="true" version="1" changeset="138582599" timestamp="2023-07-16T15:02:38Z" user="they" uid="448442" lat="43.0512054" lon="-76.1535942"/>
 <node id="11049526892" visible="true" version="1" changeset="138582599" timestamp="2023-07-16T15:02:38Z" user="they" uid="448442" lat="43.0510446" lon="-76.1535904"/>
 <node id="11049526893" visible="true" version="1" changeset="138582599" timestamp="2023-07-16T15:02:38Z" user="they" uid="448442" lat="43.0510037" lon="-76.1536189"/>
 <node id="11049526894" visible="true" version="1" changeset="138582599" timestamp="2023-07-16T15:02:38Z" user="they" uid="448442" lat="43.0509885" lon="-76.1536871"/>
 <node id="11049526895" visible="true" version="1" changeset="138582599" timestamp="2023-07-16T15:02:38Z" user="they" uid="448442" lat="43.0510072" lon="-76.1553040"/>
 <node id="11049526896" visible="true" version="1" changeset="138582599" timestamp="2023-07-16T15:02:38Z" user="they" uid="448442" lat="43.0510365" lon="-76.1553664"/>
 <node id="11049526897" visible="true" version="1" changeset="138582599" timestamp="2023-07-16T15:02:38Z" user="they" uid="448442" lat="43.0510640" lon="-76.1553818"/>
 <node id="11049526898" visible="true" version="1" changeset="138582599" timestamp="2023-07-16T15:02:38Z" user="they" uid="448442" lat="43.0512754" lon="-76.1553780"/>
 <node id="11049526899" visible="true" version="1" changeset="138582599" timestamp="2023-07-16T15:02:38Z" user="they" uid="448442" lat="43.0513433" lon="-76.1553495"/>
 <node id="11049526900" visible="true" version="1" changeset="138582599" timestamp="2023-07-16T15:02:38Z" user="they" uid="448442" lat="43.0517355" lon="-76.1550897"/>
 <node id="11049526901" visible="true" version="1" changeset="138582599" timestamp="2023-07-16T15:02:38Z" user="they" uid="448442" lat="43.0518138" lon="-76.1550461"/>
 <node id="11049526902" visible="true" version="1" changeset="138582599" timestamp="2023-07-16T15:02:38Z" user="they" uid="448442" lat="43.0518311" lon="-76.1550224"/>
 <node id="11049526903" visible="true" version="1" changeset="138582599" timestamp="2023-07-16T15:02:38Z" user="they" uid="448442" lat="43.0518394" lon="-76.1549730"/>
 <node id="11659981034" visible="true" version="1" changeset="147863211" timestamp="2024-02-24T16:53:45Z" user="pkoby" uid="999995" lat="43.0506017" lon="-76.1520097"/>
 <node id="11659981035" visible="true" version="1" changeset="147863211" timestamp="2024-02-24T16:53:45Z" user="pkoby" uid="999995" lat="43.0505738" lon="-76.1509208"/>
 <node id="11659981037" visible="true" version="1" changeset="147863211" timestamp="2024-02-24T16:53:45Z" user="pkoby" uid="999995" lat="43.0517977" lon="-76.1521657"/>
 <node id="12230253175" visible="true" version="1" changeset="157554478" timestamp="2024-10-06T19:08:11Z" user="DeceptionEntwiner" uid="20188411" lat="43.0507849" lon="-76.1529058">
  <tag k="amenity" v="fountain"/>
 </node>
 <node id="12666353197" visible="true" version="1" changeset="163641205" timestamp="2025-03-15T09:03:10Z" user="grawat_Lyft" uid="18783549" lat="43.0512682" lon="-76.1520645"/>
 <node id="12850189303" visible="true" version="1" changeset="166505836" timestamp="2025-05-20T05:36:59Z" user="amitshrivastava_lyft" uid="21019370" lat="43.0500892" lon="-76.1521934"/>
 <node id="12868575116" visible="true" version="1" changeset="166838648" timestamp="2025-05-27T18:11:32Z" user="thompsondt" uid="16054598" lat="43.0517268" lon="-76.1541678">
  <tag k="addr:city" v="Syracuse"/>
  <tag k="addr:state" v="NY"/>
  <tag k="check_date" v="2025-05-27"/>
  <tag k="description" v="Juice Bar"/>
  <tag k="entrance" v="main"/>
  <tag k="name" v="Soul Society"/>
  <tag k="source" v="survey"/>
 </node>
 <node id="12949839921" visible="true" version="1" changeset="168056462" timestamp="2025-06-24T16:03:08Z" user="guilfordclose" uid="23020052" lat="43.0518030" lon="-76.1519428"/>
 <node id="12949839924" visible="true" version="1" changeset="168056462" timestamp="2025-06-24T16:03:08Z" user="guilfordclose" uid="23020052" lat="43.0518008" lon="-76.1518147"/>
 <node id="13248701327" visible="true" version="1" changeset="173601099" timestamp="2025-10-21T20:43:04Z" user="RunningDroid" uid="362108" lat="43.0519808" lon="-76.1520069">
  <tag k="natural" v="tree"/>
 </node>
 <node id="13461008218" visible="true" version="1" changeset="177312261" timestamp="2026-01-16T18:52:21Z" user="VLD082" uid="9191862" lat="43.0505119" lon="-76.1508914">
  <tag k="crossing" v="traffic_signals"/>
  <tag k="crossing:markings" v="ladder"/>
  <tag k="crossing:signals" v="yes"/>
  <tag k="highway" v="crossing"/>
 </node>
 <node id="13461008219" visible="true" version="1" changeset="177312261" timestamp="2026-01-16T18:52:21Z" user="VLD082" uid="9191862" lat="43.0505558" lon="-76.1508775">
  <tag k="highway" v="crossing"/>
 </node>
 <node id="13996611028" visible="true" version="2" changeset="185308376" timestamp="2026-07-08T01:17:52Z" user="OnionLord" uid="24274445" lat="43.0511162" lon="-76.1528841">
  <tag k="historic" v="memorial"/>
  <tag k="memorial" v="war_memorial"/>
 </node>
 <node id="14041652973" visible="true" version="1" changeset="186239965" timestamp="2026-07-23T15:00:05Z" user="nopeinomicon" uid="21426053" lat="43.0497016" lon="-76.1535560">
  <tag k="crossing" v="traffic_signals"/>
  <tag k="crossing:markings" v="ladder"/>
  <tag k="highway" v="crossing"/>
 </node>
 <node id="14041652976" visible="true" version="1" changeset="186239965" timestamp="2026-07-23T15:00:05Z" user="nopeinomicon" uid="21426053" lat="43.0496983" lon="-76.1538522"/>
 <node id="14041652977" visible="true" version="1" changeset="186239965" timestamp="2026-07-23T15:00:05Z" user="nopeinomicon" uid="21426053" lat="43.0496988" lon="-76.1542871"/>
 <node id="14041652985" visible="true" version="1" changeset="186239965" timestamp="2026-07-23T15:00:05Z" user="nopeinomicon" uid="21426053" lat="43.0497916" lon="-76.1535542"/>
 <node id="14041652986" visible="true" version="1" changeset="186239965" timestamp="2026-07-23T15:00:05Z" user="nopeinomicon" uid="21426053" lat="43.0500325" lon="-76.1535493"/>
 <node id="14041652987" visible="true" version="1" changeset="186239965" timestamp="2026-07-23T15:00:05Z" user="nopeinomicon" uid="21426053" lat="43.0497187" lon="-76.1537027"/>
 <node id="14041652988" visible="true" version="1" changeset="186239965" timestamp="2026-07-23T15:00:05Z" user="nopeinomicon" uid="21426053" lat="43.0504567" lon="-76.1536874"/>
 <node id="14041652989" visible="true" version="1" changeset="186239965" timestamp="2026-07-23T15:00:05Z" user="nopeinomicon" uid="21426053" lat="43.0496871" lon="-76.1534705"/>
 <node id="14041652990" visible="true" version="1" changeset="186239965" timestamp="2026-07-23T15:00:05Z" user="nopeinomicon" uid="21426053" lat="43.0496959" lon="-76.1534380"/>
 <node id="14041652991" visible="true" version="1" changeset="186239965" timestamp="2026-07-23T15:00:05Z" user="nopeinomicon" uid="21426053" lat="43.0504555" lon="-76.1534375"/>
 <node id="14041652992" visible="true" version="1" changeset="186239965" timestamp="2026-07-23T15:00:05Z" user="nopeinomicon" uid="21426053" lat="43.0506150" lon="-76.1536815"/>
 <node id="14041652993" visible="true" version="1" changeset="186239965" timestamp="2026-07-23T15:00:05Z" user="nopeinomicon" uid="21426053" lat="43.0504575" lon="-76.1536590"/>
 <node id="14041652994" visible="true" version="1" changeset="186239965" timestamp="2026-07-23T15:00:05Z" user="nopeinomicon" uid="21426053" lat="43.0506469" lon="-76.1536192"/>
 <node id="14041652995" visible="true" version="1" changeset="186239965" timestamp="2026-07-23T15:00:05Z" user="nopeinomicon" uid="21426053" lat="43.0506440" lon="-76.1534634"/>
 <node id="14041652996" visible="true" version="1" changeset="186239965" timestamp="2026-07-23T15:00:05Z" user="nopeinomicon" uid="21426053" lat="43.0505304" lon="-76.1533948"/>
 <node id="14041652997" visible="true" version="1" changeset="186239965" timestamp="2026-07-23T15:00:05Z" user="nopeinomicon" uid="21426053" lat="43.0505951" lon="-76.1533960"/>
 <node id="14041652998" visible="true" version="1" changeset="186239965" timestamp="2026-07-23T15:00:05Z" user="nopeinomicon" uid="21426053" lat="43.0506441" lon="-76.1534422"/>
 <node id="14041652999" visible="true" version="1" changeset="186239965" timestamp="2026-07-23T15:00:05Z" user="nopeinomicon" uid="21426053" lat="43.0506124" lon="-76.1533972"/>
 <node id="14041653000" visible="true" version="1" changeset="186239965" timestamp="2026-07-23T15:00:05Z" user="nopeinomicon" uid="21426053" lat="43.0506474" lon="-76.1536411"/>
 <node id="14041669801" visible="true" version="1" changeset="186239965" timestamp="2026-07-23T15:00:05Z" user="nopeinomicon" uid="21426053" lat="43.0506356" lon="-76.1536510"/>
 <node id="14041669802" visible="true" version="1" changeset="186239965" timestamp="2026-07-23T15:00:05Z" user="nopeinomicon" uid="21426053" lat="43.0506284" lon="-76.1536695"/>
 <node id="14041669803" visible="true" version="1" changeset="186239965" timestamp="2026-07-23T15:00:05Z" user="nopeinomicon" uid="21426053" lat="43.0506272" lon="-76.1536845"/>
 <node id="14041669804" visible="true" version="1" changeset="186239965" timestamp="2026-07-23T15:00:05Z" user="nopeinomicon" uid="21426053" lat="43.0504905" lon="-76.1534363"/>
 <node id="14041669805" visible="true" version="1" changeset="186239965" timestamp="2026-07-23T15:00:05Z" user="nopeinomicon" uid="21426053" lat="43.0505083" lon="-76.1534217"/>
 <node id="14041669806" visible="true" version="1" changeset="186239965" timestamp="2026-07-23T15:00:05Z" user="nopeinomicon" uid="21426053" lat="43.0505149" lon="-76.1533953"/>
 <node id="14041669807" visible="true" version="1" changeset="186239965" timestamp="2026-07-23T15:00:05Z" user="nopeinomicon" uid="21426053" lat="43.0506454" lon="-76.1535362">
  <tag k="crossing" v="traffic_signals"/>
  <tag k="crossing:markings" v="lines"/>
  <tag k="highway" v="crossing"/>
 </node>
 <node id="14041669808" visible="true" version="1" changeset="186239965" timestamp="2026-07-23T15:00:05Z" user="nopeinomicon" uid="21426053" lat="43.0505440" lon="-76.1536714">
  <tag k="crossing" v="traffic_signals"/>
  <tag k="crossing:markings" v="lines"/>
  <tag k="highway" v="crossing"/>
 </node>
 <node id="14041669809" visible="true" version="1" changeset="186239965" timestamp="2026-07-23T15:00:05Z" user="nopeinomicon" uid="21426053" lat="43.0504563" lon="-76.1535407">
  <tag k="crossing" v="traffic_signals"/>
  <tag k="crossing:markings" v="lines"/>
  <tag k="highway" v="crossing"/>
 </node>
 <node id="14041669810" visible="true" version="1" changeset="186239965" timestamp="2026-07-23T15:00:05Z" user="nopeinomicon" uid="21426053" lat="43.0505421" lon="-76.1533950">
  <tag k="crossing" v="traffic_signals"/>
  <tag k="crossing:markings" v="lines"/>
  <tag k="highway" v="crossing"/>
 </node>
 <node id="14084733226" visible="true" version="1" changeset="187208301" timestamp="2026-08-10T03:30:15Z" user="NovaTheCanine" uid="23493820" lat="43.0504859" lon="-76.1523048">
  <tag k="camera:type" v="fixed"/>
  <tag k="direction" v="0;77;149;220;291"/>
  <tag k="man_made" v="surveillance"/>
  <tag k="operator" v="Syracuse Police Department"/>
  <tag k="surveillance" v="public"/>
  <tag k="surveillance:type" v="ALPR"/>
  <tag k="surveillance:zone" v="public"/>
 </node>
 <way id="20125607" visible="true" version="24" changeset="184592018" timestamp="2026-06-25T15:51:57Z" user="ExcitedBanjo932" uid="23316782">
  <nd ref="212794758"/>
  <nd ref="2941239140"/>
  <nd ref="212794761"/>
  <tag k="cycleway" v="shared_lane"/>
  <tag k="cycleway:both" v="shared_lane"/>
  <tag k="cycleway:both:lane" v="pictogram"/>
  <tag k="cycleway:lane" v="pictogram"/>
  <tag k="highway" v="secondary"/>
  <tag k="lanes" v="2"/>
  <tag k="name" v="South Salina Street"/>
  <tag k="sidewalk" v="both"/>
 </way>
 <way id="20125680" visible="true" version="15" changeset="184592018" timestamp="2026-06-25T15:51:57Z" user="ExcitedBanjo932" uid="23316782">
  <nd ref="212794761"/>
  <nd ref="212795424"/>
  <nd ref="13461008218"/>
  <nd ref="212795427"/>
  <tag k="cycleway:left" v="separate"/>
  <tag k="cycleway:right" v="shared_lane"/>
  <tag k="cycleway:right:lane" v="pictogram"/>
  <tag k="highway" v="unclassified"/>
  <tag k="name" v="East Water Street"/>
  <tag k="oneway" v="yes"/>
  <tag k="oneway:bicycle" v="no"/>
  <tag k="sidewalk" v="both"/>
  <tag k="surface" v="asphalt"/>
 </way>
 <way id="20125746" visible="true" version="22" changeset="184592018" timestamp="2026-06-25T15:51:57Z" user="ExcitedBanjo932" uid="23316782">
  <nd ref="212796093"/>
  <nd ref="2941239171"/>
  <nd ref="2941239165"/>
  <nd ref="212794758"/>
  <tag k="cycleway" v="shared_lane"/>
  <tag k="cycleway:both" v="shared_lane"/>
  <tag k="cycleway:both:lane" v="pictogram"/>
  <tag k="cycleway:lane" v="pictogram"/>
  <tag k="highway" v="secondary"/>
  <tag k="name" v="North Salina Street"/>
  <tag k="sidewalk" v="both"/>
 </way>
 <way id="20131941" visible="true" version="16" changeset="186239965" timestamp="2026-07-23T15:00:05Z" user="nopeinomicon" uid="21426053">
  <nd ref="212819209"/>
  <nd ref="14041669807"/>
  <nd ref="212865597"/>
  <tag k="highway" v="tertiary"/>
  <tag k="lanes" v="3"/>
  <tag k="name" v="South Clinton Street"/>
  <tag k="oneway" v="yes"/>
  <tag k="tiger:cfcc" v="A41"/>
  <tag k="tiger:county" v="Onondaga, NY"/>
  <tag k="tiger:name_base" v="Clinton"/>
  <tag k="tiger:name_direction_prefix" v="S"/>
  <tag k="tiger:name_type" v="St"/>
  <tag k="tiger:reviewed" v="no"/>
  <tag k="tiger:zip_left" v="13202"/>
  <tag k="tiger:zip_right" v="13202"/>
 </way>
 <way id="20138806" visible="true" version="12" changeset="172977916" timestamp="2025-10-07T21:06:38Z" user="RunningDroid" uid="362108">
  <nd ref="212796093"/>
  <nd ref="12666353197"/>
  <nd ref="1962002671"/>
  <nd ref="1756178241"/>
  <nd ref="212947683"/>
  <nd ref="212947687"/>
  <tag k="highway" v="primary"/>
  <tag k="lanes" v="4"/>
  <tag k="maxspeed" v="30 mph"/>
  <tag k="name" v="James Street"/>
  <tag k="ref" v="NY 5"/>
  <tag k="tiger:cfcc" v="A41"/>
  <tag k="tiger:county" v="Onondaga, NY"/>
  <tag k="tiger:name_base" v="James"/>
  <tag k="tiger:name_type" v="St"/>
  <tag k="tiger:reviewed" v="no"/>
  <tag k="tiger:zip_left" v="13057"/>
  <tag k="tiger:zip_right" v="13057"/>
 </way>
 <way id="20150664" visible="true" version="18" changeset="186239965" timestamp="2026-07-23T15:00:05Z" user="nopeinomicon" uid="21426053">
  <nd ref="212865597"/>
  <nd ref="14041669810"/>
  <nd ref="2941239127"/>
  <nd ref="2941239131"/>
  <nd ref="2941239129"/>
  <nd ref="212794761"/>
  <tag k="bicycle" v="dismount"/>
  <tag k="cycleway:left" v="lane"/>
  <tag k="cycleway:left:buffer" v="no"/>
  <tag k="cycleway:left:oneway" v="-1"/>
  <tag k="cycleway:right" v="shared_lane"/>
  <tag k="cycleway:right:lane" v="pictogram"/>
  <tag k="highway" v="unclassified"/>
  <tag k="lanes" v="1"/>
  <tag k="motor_vehicle" v="no"/>
  <tag k="name" v="West Water Street"/>
  <tag k="oneway" v="yes"/>
  <tag k="oneway:bicycle" v="no"/>
  <tag k="surface" v="paving_stones"/>
 </way>
 <way id="44873074" visible="true" version="8" changeset="85687348" timestamp="2020-05-24T16:05:46Z" user="Stupefacient" uid="11197688">
  <nd ref="212794758"/>
  <nd ref="1756178212"/>
  <nd ref="212811393"/>
  <nd ref="212811391"/>
  <nd ref="7554198876"/>
  <nd ref="7554198879"/>
  <nd ref="212811389"/>
  <nd ref="212811386"/>
  <nd ref="212787778"/>
  <tag k="highway" v="unclassified"/>
  <tag k="lanes" v="1"/>
  <tag k="name" v="Erie Boulevard East"/>
  <tag k="oneway" v="yes"/>
  <tag k="tiger:cfcc" v="A35"/>
  <tag k="tiger:county" v="Onondaga, NY"/>
  <tag k="tiger:name_base" v="Erie"/>
  <tag k="tiger:name_direction_suffix" v="E"/>
  <tag k="tiger:name_type" v="Blvd"/>
  <tag k="tiger:zip_right" v="13202"/>
 </way>
 <way id="108263019" visible="true" version="9" changeset="110345526" timestamp="2021-08-27T14:25:03Z" user="bncrain" uid="7208213">
  <nd ref="2941239135"/>
  <nd ref="3276101260"/>
  <nd ref="3276101259"/>
  <nd ref="2941239132"/>
  <nd ref="2941239139"/>
  <nd ref="3276101362"/>
  <nd ref="2941239166"/>
  <nd ref="3276101364"/>
  <nd ref="2941239175"/>
  <nd ref="2941239180"/>
  <nd ref="3276101366"/>
  <nd ref="3276101367"/>
  <nd ref="2941239179"/>
  <nd ref="3276101365"/>
  <nd ref="2941239172"/>
  <nd ref="2941239167"/>
  <nd ref="3276101363"/>
  <nd ref="3276101361"/>
  <nd ref="2941239135"/>
 </way>
 <way id="108285051" visible="true" version="12" changeset="157317584" timestamp="2024-09-30T23:52:51Z" user="TheMonroeMapper" uid="13294859">
  <nd ref="212819209"/>
  <nd ref="2937729609"/>
  <nd ref="2996608427"/>
  <tag k="abandoned:waterway" v="canal"/>
  <tag k="highway" v="tertiary"/>
  <tag k="lanes" v="3"/>
  <tag k="lanes:forward" v="2"/>
  <tag k="maxspeed" v="30 mph"/>
  <tag k="name" v="Erie Boulevard West"/>
  <tag k="source:maxspeed" v="survey"/>
  <tag k="tiger:cfcc" v="A41"/>
  <tag k="tiger:county" v="Onondaga, NY"/>
  <tag k="tiger:name_base" v="Erie"/>
  <tag k="tiger:name_direction_suffix" v="W"/>
  <tag k="tiger:name_type" v="Blvd"/>
  <tag k="tiger:zip_left" v="13204"/>
  <tag k="tiger:zip_right" v="13204"/>
  <tag k="turn:lanes:backward" v="right"/>
 </way>
 <way id="156514658" visible="true" version="1" changeset="11077149" timestamp="2012-03-23T18:57:14Z" user="user_599436" uid="599436">
  <nd ref="1687543214"/>
  <nd ref="1687543216"/>
  <nd ref="1687543213"/>
  <nd ref="1687543212"/>
  <nd ref="1687543214"/>
  <tag k="historic" v="monument"/>
  <tag k="name" v="Soldiers' and Sailors' Monument"/>
 </way>
 <way id="156514659" visible="true" version="3" changeset="27989848" timestamp="2015-01-08T04:11:46Z" user="user_599436" uid="599436">
  <nd ref="1687543211"/>
  <nd ref="1687543210"/>
  <nd ref="1687543204"/>
  <nd ref="1687543206"/>
  <nd ref="1687543199"/>
  <nd ref="1687543202"/>
  <nd ref="1687543207"/>
  <nd ref="1687543208"/>
  <nd ref="1687543211"/>
  <tag k="natural" v="water"/>
 </way>
 <way id="156745605" visible="true" version="7" changeset="139114771" timestamp="2023-07-28T03:55:15Z" user="CurlingMan13" uid="6641970">
  <nd ref="1689836367"/>
  <nd ref="1689836364"/>
  <nd ref="1689836366"/>
  <nd ref="1689836368"/>
  <nd ref="1689836367"/>
  <tag k="building" v="yes"/>
  <tag k="building:levels" v="6"/>
  <tag k="heritage" v="2"/>
  <tag k="heritage:operator" v="nrhp"/>
  <tag k="name" v="Syracuse Savings Bank Building"/>
  <tag k="wikidata" v="Q7663056"/>
  <tag k="wikipedia" v="en:Syracuse Savings Bank Building"/>
 </way>
 <way id="157804462" visible="true" version="14" changeset="186239965" timestamp="2026-07-23T15:00:05Z" user="nopeinomicon" uid="21426053">
  <nd ref="212865597"/>
  <nd ref="14041669808"/>
  <nd ref="3362433669"/>
  <nd ref="1756178198"/>
  <nd ref="1870423471"/>
  <nd ref="1756178199"/>
  <nd ref="1756178200"/>
  <nd ref="213112040"/>
  <nd ref="10920899501"/>
  <nd ref="212982173"/>
  <tag k="cycleway:left" v="separate"/>
  <tag k="cycleway:left:oneway" v="-1"/>
  <tag k="cycleway:right" v="lane"/>
  <tag k="cycleway:right:buffer" v="no"/>
  <tag k="highway" v="unclassified"/>
  <tag k="lanes" v="1"/>
  <tag k="name" v="West Water Street"/>
  <tag k="oneway" v="yes"/>
  <tag k="oneway:bicycle" v="no"/>
  <tag k="surface" v="asphalt"/>
 </way>
 <way id="157915784" visible="true" version="2" changeset="110868414" timestamp="2021-09-07T16:06:41Z" user="bncrain" uid="7208213">
  <nd ref="1701465694"/>
  <nd ref="1701465692"/>
  <nd ref="1701465670"/>
  <nd ref="1701465672"/>
  <nd ref="1701465683"/>
  <nd ref="1701465686"/>
  <nd ref="1701465690"/>
  <nd ref="1701465688"/>
  <nd ref="1701465694"/>
  <tag k="building" v="yes"/>
  <tag k="building:levels" v="4"/>
  <tag k="name" v="Amos Block"/>
 </way>
 <way id="159083836" visible="true" version="1" changeset="11269181" timestamp="2012-04-11T19:27:08Z" user="user_599436" uid="599436">
  <nd ref="1711828869"/>
  <nd ref="1711828878"/>
  <nd ref="1711828879"/>
  <nd ref="1711828894"/>
  <nd ref="1711828893"/>
  <nd ref="1711828892"/>
  <nd ref="1711828891"/>
  <nd ref="1711828896"/>
  <nd ref="1711828895"/>
  <nd ref="1711828889"/>
  <nd ref="1711828890"/>
  <nd ref="1711828877"/>
  <nd ref="1711828876"/>
  <nd ref="1711828871"/>
  <nd ref="1711828868"/>
  <nd ref="1711828869"/>
  <tag k="building" v="yes"/>
  <tag k="building:levels" v="3"/>
  <tag k="name" v="The Atrium"/>
 </way>
 <way id="159083848" visible="true" version="1" changeset="11269181" timestamp="2012-04-11T19:27:11Z" user="user_599436" uid="599436">
  <nd ref="1711828875"/>
  <nd ref="1711828874"/>
  <nd ref="1711828872"/>
  <nd ref="1711828873"/>
  <nd ref="1711828875"/>
  <tag k="building:levels" v="4"/>
  <tag k="building:min_level" v="3"/>
  <tag k="building:part" v="yes"/>
 </way>
 <way id="159083850" visible="true" version="1" changeset="11269181" timestamp="2012-04-11T19:27:11Z" user="user_599436" uid="599436">
  <nd ref="1711828878"/>
  <nd ref="1711828869"/>
  <nd ref="1711828870"/>
  <nd ref="1711828880"/>
  <nd ref="1711828879"/>
  <nd ref="1711828878"/>
  <tag k="amenity" v="parking"/>
  <tag k="parking" v="surface"/>
 </way>
 <way id="163960788" visible="true" version="1" changeset="11623701" timestamp="2012-05-17T14:00:12Z" user="user_599436" uid="599436">
  <nd ref="1756178192"/>
  <nd ref="1756178191"/>
  <nd ref="1756178185"/>
  <nd ref="1756178186"/>
  <nd ref="1756178187"/>
  <nd ref="1756178192"/>
  <tag k="highway" v="service"/>
  <tag k="service" v="parking_aisle"/>
 </way>
 <way id="165723491" visible="true" version="8" changeset="169176364" timestamp="2025-07-20T01:55:56Z" user="guilfordclose" uid="23020052">
  <nd ref="1772631745"/>
  <nd ref="1772631735"/>
  <nd ref="1772631737"/>
  <nd ref="1772631738"/>
  <nd ref="1772631739"/>
  <nd ref="1772631747"/>
  <nd ref="1772631748"/>
  <nd ref="1772631746"/>
  <nd ref="1772631745"/>
  <tag k="addr:city" v="Syracuse"/>
  <tag k="addr:country" v="US"/>
  <tag k="addr:housename" v="Onondaga County Savings Bank Building"/>
  <tag k="addr:housenumber" v="120"/>
  <tag k="addr:postcode" v="13202"/>
  <tag k="addr:state" v="NY"/>
  <tag k="addr:street" v="East Washington Street"/>
  <tag k="building" v="yes"/>
  <tag k="building:levels" v="4"/>
  <tag k="heritage" v="2"/>
  <tag k="heritage:operator" v="nrhp"/>
  <tag k="wikipedia" v="en:Onondaga County Savings Bank"/>
 </way>
 <way id="165723494" visible="true" version="5" changeset="140991173" timestamp="2023-09-08T15:03:16Z" user="-J-B-" uid="6601534">
  <nd ref="1772631739"/>
  <nd ref="1772631738"/>
  <nd ref="1772631737"/>
  <nd ref="1772631735"/>
  <nd ref="1772631745"/>
  <nd ref="1772631746"/>
  <nd ref="1772631743"/>
  <nd ref="1772631742"/>
  <nd ref="1772631748"/>
  <nd ref="1772631747"/>
  <nd ref="1772631739"/>
  <tag k="building:levels" v="4"/>
  <tag k="building:min_level" v="4"/>
  <tag k="building:part" v="yes"/>
  <tag k="height" v="131'"/>
 </way>
 <way id="165723495" visible="true" version="1" changeset="11767362" timestamp="2012-06-01T12:45:44Z" user="user_599436" uid="599436">
  <nd ref="1772631739"/>
  <nd ref="1772631718"/>
  <nd ref="1772631719"/>
  <nd ref="1772631738"/>
  <nd ref="1772631739"/>
  <tag k="building" v="yes"/>
  <tag k="building:levels" v="9"/>
 </way>
 <way id="173773637" visible="true" version="8" changeset="105648038" timestamp="2021-06-01T00:20:16Z" user="nysgissam_dead10ck" uid="12470629">
  <nd ref="1845299478"/>
  <nd ref="1845299479"/>
  <nd ref="2397496097"/>
  <nd ref="1845299473"/>
  <nd ref="1845299472"/>
  <nd ref="1845299470"/>
  <nd ref="1845299471"/>
  <nd ref="1845299475"/>
  <nd ref="1845299474"/>
  <nd ref="1845299480"/>
  <nd ref="1845299481"/>
  <nd ref="1845299487"/>
  <nd ref="1845299486"/>
  <nd ref="3362433664"/>
  <nd ref="3362433663"/>
  <nd ref="1845299478"/>
  <tag k="addr:city" v="Syracuse"/>
  <tag k="addr:country" v="US"/>
  <tag k="addr:housenumber" v="100"/>
  <tag k="addr:postcode" v="13202"/>
  <tag k="addr:state" v="NY"/>
  <tag k="addr:street" v="South Clinton Street"/>
  <tag k="addr:unit" v="525"/>
  <tag k="amenity" v="courthouse"/>
  <tag k="building" v="yes"/>
  <tag k="building:colour" v="cornsilk"/>
  <tag k="building:levels" v="13"/>
  <tag k="name" v="James M. Hanley Courthouse &amp; Federal Building"/>
  <tag k="nysgissam:nysaddresspointid" v="ONON184851;ONON187836"/>
  <tag k="roof:colour" v="silver"/>
 </way>
 <way id="173773640" visible="true" version="4" changeset="165284935" timestamp="2025-04-22T13:01:12Z" user="jiojoiph5" uid="22074639">
  <nd ref="1845299491"/>
  <nd ref="1845299497"/>
  <nd ref="1845299496"/>
  <nd ref="1845299501"/>
  <nd ref="1845299500"/>
  <nd ref="1845299504"/>
  <nd ref="1845299505"/>
  <nd ref="1845299507"/>
  <nd ref="1845299506"/>
  <nd ref="1845299509"/>
  <nd ref="1845299508"/>
  <nd ref="1845299502"/>
  <nd ref="1845299503"/>
  <nd ref="1845299499"/>
  <nd ref="1845299498"/>
  <nd ref="1845299495"/>
  <nd ref="1845299494"/>
  <nd ref="1845299492"/>
  <nd ref="1845299493"/>
  <nd ref="1845299490"/>
  <nd ref="1845299491"/>
  <tag k="addr:city" v="Syracuse"/>
  <tag k="addr:housename" v="The Post"/>
  <tag k="addr:housenumber" v="101"/>
  <tag k="addr:postcode" v="13202"/>
  <tag k="addr:state" v="NY"/>
  <tag k="addr:street" v="North Salina Street"/>
  <tag k="building" v="yes"/>
  <tag k="building:levels" v="2"/>
  <tag k="website" v="https://thepostdevelopment.com"/>
 </way>
 <way id="173773643" visible="true" version="4" changeset="28987899" timestamp="2015-02-20T22:08:15Z" user="user_599436" uid="599436">
  <nd ref="3362433664"/>
  <nd ref="1845299484"/>
  <nd ref="1845299482"/>
  <nd ref="3362433663"/>
  <nd ref="3362433664"/>
  <tag k="building" v="yes"/>
  <tag k="building:colour" v="cornsilk"/>
  <tag k="building:levels" v="3"/>
  <tag k="building:min_level" v="2"/>
  <tag k="layer" v="1"/>
  <tag k="roof:colour" v="silver"/>
 </way>
 <way id="173773645" visible="true" version="3" changeset="28987899" timestamp="2015-02-20T22:08:15Z" user="user_599436" uid="599436">
  <nd ref="1845299489"/>
  <nd ref="3362433668"/>
  <nd ref="1845299488"/>
  <nd ref="1845299476"/>
  <nd ref="3362433662"/>
  <nd ref="1845299477"/>
  <nd ref="1845299482"/>
  <nd ref="1845299484"/>
  <nd ref="3362433666"/>
  <nd ref="1845299489"/>
  <tag k="building" v="yes"/>
  <tag k="building:colour" v="cornsilk"/>
  <tag k="building:levels" v="4"/>
  <tag k="roof:colour" v="black"/>
 </way>
 <way id="173773672" visible="true" version="3" changeset="17103844" timestamp="2013-07-26T16:20:21Z" user="user_599436" uid="599436">
  <nd ref="1845299480"/>
  <nd ref="1845299479"/>
  <nd ref="2397496097"/>
  <nd ref="1845299473"/>
  <nd ref="1845299474"/>
  <nd ref="1845299480"/>
  <tag k="building:colour" v="cornsilk"/>
  <tag k="building:levels" v="17"/>
  <tag k="building:part" v="yes"/>
  <tag k="roof:colour" v="white"/>
 </way>
 <way id="173773673" visible="true" version="3" changeset="28987899" timestamp="2015-02-20T22:08:14Z" user="user_599436" uid="599436">
  <nd ref="1845299487"/>
  <nd ref="1845299486"/>
  <nd ref="3362433664"/>
  <nd ref="3362433663"/>
  <nd ref="1845299478"/>
  <nd ref="1845299479"/>
  <nd ref="1845299480"/>
  <nd ref="1845299481"/>
  <nd ref="1845299487"/>
  <tag k="building:colour" v="cornsilk"/>
  <tag k="building:levels" v="15"/>
  <tag k="building:part" v="yes"/>
  <tag k="roof:colour" v="silver"/>
 </way>
 <way id="176535044" visible="true" version="2" changeset="28987899" timestamp="2015-02-20T22:08:15Z" user="user_599436" uid="599436">
  <nd ref="1870423447"/>
  <nd ref="1870423449"/>
  <nd ref="3362433661"/>
  <nd ref="1870423453"/>
  <nd ref="2397496097"/>
  <tag k="highway" v="footway"/>
 </way>
 <way id="176535046" visible="true" version="4" changeset="186239965" timestamp="2026-07-23T15:00:05Z" user="nopeinomicon" uid="21426053">
  <nd ref="1870423471"/>
  <nd ref="10920899516"/>
  <nd ref="1870423467"/>
  <nd ref="3362433667"/>
  <nd ref="1870423453"/>
  <nd ref="1870423363"/>
  <nd ref="1870423350"/>
  <nd ref="14041652977"/>
  <tag k="highway" v="footway"/>
 </way>
 <way id="184849498" visible="true" version="1" changeset="13420648" timestamp="2012-10-09T01:08:42Z" user="user_599436" uid="599436">
  <nd ref="1953893317"/>
  <nd ref="1953893316"/>
  <nd ref="1953893346"/>
  <nd ref="1953893345"/>
  <nd ref="1953893325"/>
  <nd ref="1953893320"/>
  <nd ref="1953893314"/>
  <nd ref="1953893312"/>
  <nd ref="1953893310"/>
  <nd ref="1953893311"/>
  <nd ref="1953893317"/>
  <tag k="landuse" v="grass"/>
 </way>
 <way id="184849500" visible="true" version="1" changeset="13420648" timestamp="2012-10-09T01:08:42Z" user="user_599436" uid="599436">
  <nd ref="1953893315"/>
  <nd ref="1953893308"/>
  <nd ref="1953893309"/>
  <nd ref="1953893313"/>
  <nd ref="1953893318"/>
  <nd ref="1953893340"/>
  <nd ref="1953893329"/>
  <nd ref="1953893328"/>
  <nd ref="1953893324"/>
  <nd ref="1953893322"/>
  <nd ref="1953893315"/>
  <tag k="landuse" v="grass"/>
 </way>
 <way id="184849505" visible="true" version="1" changeset="13420648" timestamp="2012-10-09T01:08:42Z" user="user_599436" uid="599436">
  <nd ref="1953893396"/>
  <nd ref="1953893395"/>
  <nd ref="1953893393"/>
  <nd ref="1953893392"/>
  <nd ref="1953893364"/>
  <nd ref="1953893367"/>
  <nd ref="1953893360"/>
  <nd ref="1953893355"/>
  <nd ref="1953893354"/>
  <nd ref="1953893350"/>
  <nd ref="1953893351"/>
  <nd ref="1953893396"/>
  <tag k="landuse" v="grass"/>
 </way>
 <way id="184849506" visible="true" version="1" changeset="13420648" timestamp="2012-10-09T01:08:42Z" user="user_599436" uid="599436">
  <nd ref="1953893397"/>
  <nd ref="1953893352"/>
  <nd ref="1953893353"/>
  <nd ref="1953893358"/>
  <nd ref="1953893356"/>
  <nd ref="1953893362"/>
  <nd ref="1953893370"/>
  <nd ref="1953893373"/>
  <nd ref="1953893386"/>
  <nd ref="1953893390"/>
  <nd ref="1953893388"/>
  <nd ref="1953893391"/>
  <nd ref="1953893394"/>
  <nd ref="1953893398"/>
  <nd ref="1953893397"/>
  <tag k="landuse" v="grass"/>
 </way>
 <way id="184849507" visible="true" version="1" changeset="13420648" timestamp="2012-10-09T01:08:42Z" user="user_599436" uid="599436">
  <nd ref="1953893348"/>
  <nd ref="1953893347"/>
  <nd ref="1953893326"/>
  <nd ref="1953893327"/>
  <nd ref="1953893342"/>
  <nd ref="1953893348"/>
  <tag k="landuse" v="grass"/>
 </way>
 <way id="185383905" visible="true" version="2" changeset="105648034" timestamp="2021-06-01T00:19:56Z" user="nysgissam_dead10ck" uid="12470629">
  <nd ref="1959904900"/>
  <nd ref="1959904908"/>
  <nd ref="1959904931"/>
  <nd ref="1959904932"/>
  <nd ref="1959904929"/>
  <nd ref="1959904925"/>
  <nd ref="1959904905"/>
  <nd ref="1959904937"/>
  <nd ref="1959904936"/>
  <nd ref="1959904930"/>
  <nd ref="1959904896"/>
  <nd ref="1959904904"/>
  <nd ref="1959904901"/>
  <nd ref="1959904887"/>
  <nd ref="1959904891"/>
  <nd ref="1959904880"/>
  <nd ref="1959904885"/>
  <nd ref="1959904900"/>
  <tag k="addr:city" v="Syracuse"/>
  <tag k="addr:housenumber" v="238"/>
  <tag k="addr:postcode" v="13202"/>
  <tag k="addr:state" v="NY"/>
  <tag k="addr:street" v="West Genesee Street"/>
  <tag k="building" v="yes"/>
  <tag k="building:levels" v="1"/>
  <tag k="name" v="Walt's Automotive Service"/>
  <tag k="nysgissam:nysaddresspointid" v="ONON017593"/>
  <tag k="shop" v="car_repair"/>
 </way>
 <way id="185383907" visible="true" version="3" changeset="166838648" timestamp="2025-05-27T18:11:32Z" user="thompsondt" uid="16054598">
  <nd ref="1959904873"/>
  <nd ref="1959904871"/>
  <nd ref="12868575116"/>
  <nd ref="1959904876"/>
  <nd ref="1959904898"/>
  <nd ref="1959904897"/>
  <nd ref="1959904894"/>
  <nd ref="1959904893"/>
  <nd ref="1959904892"/>
  <nd ref="1959904889"/>
  <nd ref="1959904886"/>
  <nd ref="1959904875"/>
  <nd ref="1959904873"/>
  <tag k="addr:city" v="Syracuse"/>
  <tag k="addr:flats" v="202;204-207;301-303;308;311;503-505;507-508;511-512"/>
  <tag k="addr:housenumber" v="230"/>
  <tag k="addr:postcode" v="13202"/>
  <tag k="addr:state" v="NY"/>
  <tag k="addr:street" v="West Genesee Street"/>
  <tag k="building" v="yes"/>
  <tag k="building:levels" v="5"/>
  <tag k="nysgissam:nysaddresspointid" v="ONON201220;ONON201206;ONON201264;ONON201249;ONON201223;ONON201088;ONON201111;ONON201154;ONON201153;ONON201283;ONON201241;ONON201121;ONON123276;ONON201087;ONON201222;ONON201106;ONON201295;ONON201120"/>
 </way>
 <way id="185383908" visible="true" version="1" changeset="13461529" timestamp="2012-10-12T01:07:30Z" user="user_599436" uid="599436">
  <nd ref="1959904880"/>
  <nd ref="1959904877"/>
  <nd ref="1959904887"/>
  <nd ref="1959904891"/>
  <nd ref="1959904880"/>
  <tag k="building" v="yes"/>
  <tag k="building:levels" v="2"/>
 </way>
 <way id="185383912" visible="true" version="1" changeset="13461529" timestamp="2012-10-12T01:07:31Z" user="user_599436" uid="599436">
  <nd ref="1959904872"/>
  <nd ref="1959904874"/>
  <nd ref="1959904879"/>
  <nd ref="1959904878"/>
  <nd ref="1959904872"/>
  <tag k="building" v="yes"/>
  <tag k="building:levels" v="1"/>
 </way>
 <way id="185383913" visible="true" version="1" changeset="13461529" timestamp="2012-10-12T01:07:31Z" user="user_599436" uid="599436">
  <nd ref="1959904872"/>
  <nd ref="1959904869"/>
  <nd ref="1959904870"/>
  <nd ref="1959904874"/>
  <nd ref="1959904872"/>
  <tag k="building" v="yes"/>
  <tag k="building:levels" v="3"/>
 </way>
 <way id="185383916" visible="true" version="1" changeset="13461529" timestamp="2012-10-12T01:07:31Z" user="user_599436" uid="599436">
  <nd ref="1959904870"/>
  <nd ref="1959904874"/>
  <nd ref="1959904879"/>
  <nd ref="1959904883"/>
  <nd ref="1959904873"/>
  <nd ref="1959904871"/>
  <nd ref="1959904870"/>
  <tag k="building" v="yes"/>
  <tag k="building:levels" v="4"/>
 </way>
 <way id="185383918" visible="true" version="1" changeset="13461529" timestamp="2012-10-12T01:07:31Z" user="user_599436" uid="599436">
  <nd ref="1959904930"/>
  <nd ref="1959904936"/>
  <nd ref="1959904934"/>
  <nd ref="1959904903"/>
  <nd ref="1959904902"/>
  <nd ref="1959904884"/>
  <nd ref="1959904896"/>
  <nd ref="1959904930"/>
  <tag k="building" v="yes"/>
  <tag k="building:levels" v="1"/>
 </way>
 <way id="185383922" visible="true" version="1" changeset="13461529" timestamp="2012-10-12T01:07:31Z" user="user_599436" uid="599436">
  <nd ref="1959904882"/>
  <nd ref="1959904881"/>
  <nd ref="1959904890"/>
  <tag k="access" v="private"/>
  <tag k="highway" v="service"/>
  <tag k="service" v="alley"/>
 </way>
 <way id="186712414" visible="true" version="4" changeset="185306124" timestamp="2026-07-08T01:14:32Z" user="OnionLord" uid="24274445">
  <nd ref="1974563844"/>
  <nd ref="1974563818"/>
  <nd ref="1974563805"/>
  <nd ref="1974563797"/>
  <nd ref="1974563793"/>
  <nd ref="1974563790"/>
  <nd ref="1974563782"/>
  <nd ref="1974563784"/>
  <nd ref="1974563792"/>
  <nd ref="1974563799"/>
  <nd ref="1974563819"/>
  <nd ref="1974563825"/>
  <nd ref="1974563836"/>
  <nd ref="1974563838"/>
  <nd ref="1974563844"/>
  <tag k="building" v="office"/>
  <tag k="building:levels" v="1"/>
  <tag k="name" v="The Clinton Exchange"/>
 </way>
 <way id="186712416" visible="true" version="2" changeset="14538148" timestamp="2013-01-05T15:52:55Z" user="user_599436" uid="599436">
  <nd ref="1974563832"/>
  <nd ref="1974563834"/>
  <nd ref="1974563842"/>
  <nd ref="1974563840"/>
  <nd ref="1974563832"/>
  <tag k="building" v="yes"/>
  <tag k="building:levels" v="5"/>
 </way>
 <way id="186712417" visible="true" version="4" changeset="168056462" timestamp="2025-06-24T16:03:08Z" user="guilfordclose" uid="23020052">
  <nd ref="1974563856"/>
  <nd ref="1974563857"/>
  <nd ref="1974563859"/>
  <nd ref="12949839921"/>
  <nd ref="12949839924"/>
  <nd ref="1974563858"/>
  <nd ref="1974563856"/>
  <tag k="addr:city" v="Syracuse"/>
  <tag k="addr:housenumber" v="126"/>
  <tag k="addr:postcode" v="13202"/>
  <tag k="addr:state" v="NY"/>
  <tag k="addr:street" v="North Salina Street"/>
  <tag k="addr:unit" v="500"/>
  <tag k="building" v="yes"/>
  <tag k="building:levels" v="5"/>
  <tag k="nysgissam:nysaddresspointid" v="ONON185330"/>
 </way>
 <way id="186712418" visible="true" version="5" changeset="168056462" timestamp="2025-06-24T16:03:08Z" user="guilfordclose" uid="23020052">
  <nd ref="1974563821"/>
  <nd ref="1974563822"/>
  <nd ref="1974563834"/>
  <nd ref="1974563832"/>
  <nd ref="1974563821"/>
  <tag k="addr:housename" v="Third National Bank"/>
  <tag k="building" v="yes"/>
  <tag k="building:levels" v="5"/>
  <tag k="heritage" v="2"/>
  <tag k="heritage:operator" v="nrhp"/>
  <tag k="wikipedia" v="en:Third National Bank (Syracuse, New York)"/>
 </way>
 <way id="186712422" visible="true" version="2" changeset="14538148" timestamp="2013-01-05T15:52:55Z" user="user_599436" uid="599436">
  <nd ref="1974563840"/>
  <nd ref="1974563842"/>
  <nd ref="1974563857"/>
  <nd ref="1974563856"/>
  <nd ref="1974563855"/>
  <nd ref="1974563840"/>
  <tag k="building" v="yes"/>
  <tag k="building:levels" v="5"/>
 </way>
 <way id="221358843" visible="true" version="3" changeset="24543717" timestamp="2014-08-04T20:39:53Z" user="user_599436" uid="599436">
  <nd ref="212850475"/>
  <nd ref="1957757585"/>
  <nd ref="213077663"/>
  <nd ref="1959904882"/>
  <nd ref="2996608431"/>
  <tag k="highway" v="tertiary"/>
  <tag k="lanes" v="3"/>
  <tag k="name" v="North Clinton Street"/>
  <tag k="oneway" v="yes"/>
  <tag k="tiger:cfcc" v="A41"/>
  <tag k="tiger:county" v="Onondaga, NY"/>
  <tag k="tiger:name_base" v="Clinton"/>
  <tag k="tiger:name_direction_prefix" v="N"/>
  <tag k="tiger:name_type" v="St"/>
  <tag k="tiger:reviewed" v="no"/>
  <tag k="tiger:zip_left" v="13202"/>
  <tag k="tiger:zip_right" v="13202"/>
 </way>
 <way id="221358845" visible="true" version="9" changeset="185305061" timestamp="2026-07-08T01:16:52Z" user="OnionLord" uid="24274445">
  <nd ref="212871719"/>
  <nd ref="1711828921"/>
  <nd ref="2941239187"/>
  <nd ref="2996608430"/>
  <tag k="alt_name" v="County Road 98"/>
  <tag k="cycleway:both" v="no"/>
  <tag k="highway" v="primary"/>
  <tag k="lanes" v="4"/>
  <tag k="lanes:forward" v="1"/>
  <tag k="maxspeed" v="30 mph"/>
  <tag k="name" v="West Genesee Street"/>
  <tag k="oneway" v="no"/>
  <tag k="ref" v="NY 5"/>
  <tag k="sidewalk" v="both"/>
  <tag k="surface" v="paving_stones"/>
  <tag k="tiger:cfcc" v="A35"/>
  <tag k="tiger:county" v="Onondaga, NY"/>
  <tag k="tiger:name_base" v="Genesee"/>
  <tag k="tiger:name_base_1" v="County Road 98"/>
  <tag k="tiger:name_direction_prefix" v="W"/>
  <tag k="tiger:name_type" v="St"/>
  <tag k="tiger:zip_left" v="13219"/>
  <tag k="tiger:zip_right" v="13219"/>
  <tag k="turn:lanes:backward" v="left|left|through"/>
 </way>
 <way id="225693650" visible="true" version="2" changeset="110726775" timestamp="2021-09-04T18:13:25Z" user="bncrain" uid="7208213">
  <nd ref="1959904869"/>
  <nd ref="2344494175"/>
  <nd ref="9062848216"/>
  <nd ref="1959904878"/>
  <nd ref="1959904872"/>
  <nd ref="1959904869"/>
  <tag k="leisure" v="park"/>
  <tag k="name" v="Robert R. Haggart Memorial Park"/>
 </way>
 <way id="231362101" visible="true" version="1" changeset="17103844" timestamp="2013-07-26T16:20:20Z" user="user_599436" uid="599436">
  <nd ref="2397496099"/>
  <nd ref="2397496101"/>
  <nd ref="2397496100"/>
  <nd ref="2397496098"/>
  <nd ref="2397496099"/>
  <tag k="access" v="private"/>
  <tag k="leisure" v="playground"/>
 </way>
 <way id="290614352" visible="true" version="2" changeset="27989848" timestamp="2015-01-08T04:11:48Z" user="user_599436" uid="599436">
  <nd ref="2941239165"/>
  <nd ref="2941239166"/>
  <tag k="footway" v="crossing"/>
  <tag k="highway" v="footway"/>
 </way>
 <way id="290614353" visible="true" version="1" changeset="23401785" timestamp="2014-06-30T22:46:20Z" user="user_599436" uid="599436">
  <nd ref="2941239152"/>
  <nd ref="2941239153"/>
  <nd ref="2941239155"/>
  <nd ref="2941239154"/>
  <nd ref="2941239151"/>
  <nd ref="2941239150"/>
  <nd ref="2941239148"/>
  <nd ref="2941239147"/>
  <nd ref="2941239146"/>
  <nd ref="2941239149"/>
  <nd ref="2941239152"/>
  <tag k="landuse" v="grass"/>
 </way>
 <way id="290614354" visible="true" version="1" changeset="23401785" timestamp="2014-06-30T22:46:20Z" user="user_599436" uid="599436">
  <nd ref="2941239162"/>
  <nd ref="2941239158"/>
  <nd ref="2941239156"/>
  <nd ref="2941239157"/>
  <nd ref="2941239159"/>
  <nd ref="2941239160"/>
  <nd ref="2941239161"/>
  <nd ref="2941239163"/>
  <nd ref="2941239164"/>
  <nd ref="2941239162"/>
  <tag k="landuse" v="grass"/>
 </way>
 <way id="290614355" visible="true" version="1" changeset="23401785" timestamp="2014-06-30T22:46:20Z" user="user_599436" uid="599436">
  <nd ref="2941239127"/>
  <nd ref="2941239123"/>
  <nd ref="2941239122"/>
  <nd ref="2941239131"/>
  <nd ref="2941239127"/>
  <tag k="amenity" v="parking"/>
  <tag k="parking" v="surface"/>
 </way>
 <way id="295893008" visible="true" version="2" changeset="157317584" timestamp="2024-09-30T23:52:51Z" user="TheMonroeMapper" uid="13294859">
  <nd ref="2996608427"/>
  <nd ref="2996608428"/>
  <tag k="abandoned:waterway" v="canal"/>
  <tag k="highway" v="tertiary"/>
  <tag k="lanes" v="3"/>
  <tag k="lanes:forward" v="2"/>
  <tag k="maxspeed" v="30 mph"/>
  <tag k="name" v="Erie Boulevard West"/>
  <tag k="source:maxspeed" v="survey"/>
  <tag k="tiger:cfcc" v="A41"/>
  <tag k="tiger:county" v="Onondaga, NY"/>
  <tag k="tiger:name_base" v="Erie"/>
  <tag k="tiger:name_direction_suffix" v="W"/>
  <tag k="tiger:name_type" v="Blvd"/>
  <tag k="tiger:zip_left" v="13204"/>
  <tag k="tiger:zip_right" v="13204"/>
 </way>
 <way id="295893016" visible="true" version="1" changeset="24543717" timestamp="2014-08-04T20:39:33Z" user="user_599436" uid="599436">
  <nd ref="2996608431"/>
  <nd ref="212871719"/>
  <tag k="highway" v="tertiary"/>
  <tag k="lanes" v="3"/>
  <tag k="name" v="North Clinton Street"/>
  <tag k="oneway" v="yes"/>
  <tag k="tiger:cfcc" v="A41"/>
  <tag k="tiger:county" v="Onondaga, NY"/>
  <tag k="tiger:name_base" v="Clinton"/>
  <tag k="tiger:name_direction_prefix" v="N"/>
  <tag k="tiger:name_type" v="St"/>
  <tag k="tiger:reviewed" v="no"/>
  <tag k="tiger:zip_left" v="13202"/>
  <tag k="tiger:zip_right" v="13202"/>
  <tag k="turn:lanes" v="none|left;through|through;right"/>
 </way>
 <way id="295893018" visible="true" version="2" changeset="27989848" timestamp="2015-01-08T04:11:46Z" user="user_599436" uid="599436">
  <nd ref="212871719"/>
  <nd ref="1711828923"/>
  <nd ref="2941239176"/>
  <nd ref="2941239168"/>
  <nd ref="212819209"/>
  <tag k="highway" v="tertiary"/>
  <tag k="lanes" v="3"/>
  <tag k="name" v="North Clinton Street"/>
  <tag k="oneway" v="yes"/>
  <tag k="tiger:cfcc" v="A41"/>
  <tag k="tiger:county" v="Onondaga, NY"/>
  <tag k="tiger:name_base" v="Clinton"/>
  <tag k="tiger:name_direction_prefix" v="N"/>
  <tag k="tiger:name_type" v="St"/>
  <tag k="tiger:reviewed" v="no"/>
  <tag k="tiger:zip_left" v="13202"/>
  <tag k="tiger:zip_right" v="13202"/>
 </way>
 <way id="295893022" visible="true" version="3" changeset="186239965" timestamp="2026-07-23T15:00:05Z" user="nopeinomicon" uid="21426053">
  <nd ref="212865597"/>
  <nd ref="14041669809"/>
  <nd ref="14041652986"/>
  <nd ref="14041652985"/>
  <nd ref="14041652973"/>
  <nd ref="212865601"/>
  <tag k="highway" v="tertiary"/>
  <tag k="lanes" v="4"/>
  <tag k="name" v="South Clinton Street"/>
  <tag k="oneway" v="yes"/>
  <tag k="tiger:cfcc" v="A41"/>
  <tag k="tiger:county" v="Onondaga, NY"/>
  <tag k="tiger:name_base" v="Clinton"/>
  <tag k="tiger:name_direction_prefix" v="S"/>
  <tag k="tiger:name_type" v="St"/>
  <tag k="tiger:reviewed" v="no"/>
  <tag k="tiger:zip_left" v="13202"/>
  <tag k="tiger:zip_right" v="13202"/>
 </way>
 <way id="295893026" visible="true" version="6" changeset="185305061" timestamp="2026-07-08T01:18:21Z" user="OnionLord" uid="24274445">
  <nd ref="2996608430"/>
  <nd ref="2996608429"/>
  <tag k="alt_name" v="County Road 98"/>
  <tag k="cycleway:both" v="no"/>
  <tag k="highway" v="primary"/>
  <tag k="lanes" v="3"/>
  <tag k="lanes:forward" v="1"/>
  <tag k="maxspeed" v="30 mph"/>
  <tag k="name" v="West Genesee Street"/>
  <tag k="oneway" v="no"/>
  <tag k="ref" v="NY 5"/>
  <tag k="sidewalk" v="both"/>
  <tag k="surface" v="paving_stones"/>
  <tag k="tiger:cfcc" v="A35"/>
  <tag k="tiger:county" v="Onondaga, NY"/>
  <tag k="tiger:name_base" v="Genesee"/>
  <tag k="tiger:name_base_1" v="County Road 98"/>
  <tag k="tiger:name_direction_prefix" v="W"/>
  <tag k="tiger:name_type" v="St"/>
  <tag k="tiger:zip_left" v="13219"/>
  <tag k="tiger:zip_right" v="13219"/>
 </way>
 <way id="295893027" visible="true" version="4" changeset="91163229" timestamp="2020-09-19T23:36:03Z" user="convissor" uid="1484939">
  <nd ref="2996608429"/>
  <nd ref="2941239184"/>
  <nd ref="212796093"/>
  <tag k="alt_name" v="County Road 98"/>
  <tag k="highway" v="primary"/>
  <tag k="lanes" v="4"/>
  <tag k="maxspeed" v="30 mph"/>
  <tag k="name" v="West Genesee Street"/>
  <tag k="oneway" v="no"/>
  <tag k="ref" v="NY 5"/>
  <tag k="tiger:cfcc" v="A35"/>
  <tag k="tiger:county" v="Onondaga, NY"/>
  <tag k="tiger:name_base" v="Genesee"/>
  <tag k="tiger:name_base_1" v="County Road 98"/>
  <tag k="tiger:name_direction_prefix" v="W"/>
  <tag k="tiger:name_type" v="St"/>
  <tag k="tiger:zip_left" v="13219"/>
  <tag k="tiger:zip_right" v="13219"/>
 </way>
 <way id="320903175" visible="true" version="1" changeset="27989848" timestamp="2015-01-08T04:11:46Z" user="user_599436" uid="599436">
  <nd ref="2941239166"/>
  <nd ref="2941239167"/>
  <tag k="highway" v="footway"/>
 </way>
 <way id="320903176" visible="true" version="1" changeset="27989848" timestamp="2015-01-08T04:11:46Z" user="user_599436" uid="599436">
  <nd ref="2941239129"/>
  <nd ref="3276101259"/>
  <tag k="footway" v="crossing"/>
  <tag k="highway" v="footway"/>
 </way>
 <way id="320903177" visible="true" version="1" changeset="27989848" timestamp="2015-01-08T04:11:46Z" user="user_599436" uid="599436">
  <nd ref="2941239167"/>
  <nd ref="2941239168"/>
  <tag k="footway" v="crossing"/>
  <tag k="highway" v="footway"/>
 </way>
 <way id="320903178" visible="true" version="1" changeset="27989848" timestamp="2015-01-08T04:11:46Z" user="user_599436" uid="599436">
  <nd ref="2941239171"/>
  <nd ref="3276101364"/>
  <tag k="footway" v="crossing"/>
  <tag k="highway" v="footway"/>
 </way>
 <way id="320903179" visible="true" version="1" changeset="27989848" timestamp="2015-01-08T04:11:46Z" user="user_599436" uid="599436">
  <nd ref="2941239140"/>
  <nd ref="3276101362"/>
  <tag k="footway" v="crossing"/>
  <tag k="highway" v="footway"/>
 </way>
 <way id="320903180" visible="true" version="1" changeset="27989848" timestamp="2015-01-08T04:11:46Z" user="user_599436" uid="599436">
  <nd ref="2941239176"/>
  <nd ref="3276101365"/>
  <tag k="footway" v="crossing"/>
  <tag k="highway" v="footway"/>
 </way>
 <way id="320903181" visible="true" version="1" changeset="27989848" timestamp="2015-01-08T04:11:46Z" user="user_599436" uid="599436">
  <nd ref="3276101367"/>
  <nd ref="2941239187"/>
  <tag k="footway" v="crossing"/>
  <tag k="highway" v="footway"/>
 </way>
 <way id="320903183" visible="true" version="1" changeset="27989848" timestamp="2015-01-08T04:11:46Z" user="user_599436" uid="599436">
  <nd ref="2941239184"/>
  <nd ref="3276101366"/>
  <tag k="footway" v="crossing"/>
  <tag k="highway" v="footway"/>
 </way>
 <way id="327349799" visible="true" version="6" changeset="185305061" timestamp="2026-07-08T01:15:50Z" user="OnionLord" uid="24274445">
  <nd ref="3340971936"/>
  <nd ref="212871716"/>
  <nd ref="212871719"/>
  <tag k="alt_name" v="County Road 98"/>
  <tag k="cycleway:both" v="no"/>
  <tag k="highway" v="primary"/>
  <tag k="lanes" v="2"/>
  <tag k="maxspeed" v="30 mph"/>
  <tag k="name" v="West Genesee Street"/>
  <tag k="oneway" v="no"/>
  <tag k="ref" v="NY 5"/>
  <tag k="sidewalk" v="both"/>
  <tag k="surface" v="asphalt"/>
  <tag k="tiger:cfcc" v="A35"/>
  <tag k="tiger:county" v="Onondaga, NY"/>
  <tag k="tiger:name_base" v="Genesee"/>
  <tag k="tiger:name_base_1" v="County Road 98"/>
  <tag k="tiger:name_direction_prefix" v="W"/>
  <tag k="tiger:name_type" v="St"/>
  <tag k="tiger:zip_left" v="13219"/>
  <tag k="tiger:zip_right" v="13219"/>
 </way>
 <way id="329371119" visible="true" version="2" changeset="136437254" timestamp="2023-05-23T04:25:25Z" user="CurlingMan13" uid="6641970">
  <nd ref="3362433668"/>
  <nd ref="10920899515"/>
  <nd ref="3362433669"/>
  <tag k="highway" v="footway"/>
 </way>
 <way id="329371120" visible="true" version="1" changeset="28987899" timestamp="2015-02-20T22:08:14Z" user="user_599436" uid="599436">
  <nd ref="3362433666"/>
  <nd ref="3362433665"/>
  <tag k="highway" v="footway"/>
  <tag k="tunnel" v="building_passage"/>
 </way>
 <way id="329371122" visible="true" version="1" changeset="28987899" timestamp="2015-02-20T22:08:14Z" user="user_599436" uid="599436">
  <nd ref="3362433667"/>
  <nd ref="3362433666"/>
  <tag k="highway" v="footway"/>
 </way>
 <way id="329371124" visible="true" version="1" changeset="28987899" timestamp="2015-02-20T22:08:14Z" user="user_599436" uid="599436">
  <nd ref="3362433662"/>
  <nd ref="3362433665"/>
  <nd ref="3362433668"/>
  <tag k="highway" v="footway"/>
  <tag k="tunnel" v="building_passage"/>
 </way>
 <way id="329371126" visible="true" version="3" changeset="186239965" timestamp="2026-07-23T15:00:05Z" user="nopeinomicon" uid="21426053">
  <nd ref="14041652976"/>
  <nd ref="3362433657"/>
  <nd ref="3457377493"/>
  <nd ref="3362433661"/>
  <nd ref="3362433662"/>
  <tag k="highway" v="footway"/>
 </way>
 <way id="373861334" visible="true" version="4" changeset="147863211" timestamp="2024-02-24T16:53:45Z" user="pkoby" uid="999995">
  <nd ref="212796097"/>
  <nd ref="1962002728"/>
  <nd ref="11659981037"/>
  <tag k="cycleway:both" v="lane"/>
  <tag k="cycleway:left:buffer" v="yes"/>
  <tag k="cycleway:right:buffer" v="no"/>
  <tag k="highway" v="secondary"/>
  <tag k="name" v="North Salina Street"/>
 </way>
 <way id="391026243" visible="true" version="1" changeset="36531196" timestamp="2016-01-12T15:25:11Z" user="user_599436" uid="599436">
  <nd ref="3941868633"/>
  <nd ref="3941868632"/>
  <nd ref="3941868631"/>
  <nd ref="3941868629"/>
  <nd ref="3941868628"/>
  <nd ref="3941868622"/>
  <nd ref="3941868620"/>
  <nd ref="3941868623"/>
  <nd ref="3941868625"/>
  <nd ref="3941868627"/>
  <nd ref="3941868633"/>
  <tag k="building:levels" v="3"/>
  <tag k="building:min_level" v="1"/>
  <tag k="building:part" v="yes"/>
 </way>
 <way id="391026246" visible="true" version="1" changeset="36531196" timestamp="2016-01-12T15:25:11Z" user="user_599436" uid="599436">
  <nd ref="3941868637"/>
  <nd ref="3941868635"/>
  <nd ref="3941868624"/>
  <nd ref="3941868619"/>
  <nd ref="3941868618"/>
  <nd ref="3941868617"/>
  <nd ref="3941868616"/>
  <nd ref="3941868621"/>
  <nd ref="3941868626"/>
  <nd ref="3941868630"/>
  <nd ref="3941868634"/>
  <nd ref="3941868636"/>
  <nd ref="3941868637"/>
 </way>
 <way id="391026248" visible="true" version="1" changeset="36531196" timestamp="2016-01-12T15:25:12Z" user="user_599436" uid="599436">
  <nd ref="3941868617"/>
  <nd ref="3941868623"/>
  <nd ref="3941868625"/>
  <nd ref="3941868618"/>
  <nd ref="3941868617"/>
  <tag k="building:levels" v="2"/>
  <tag k="building:min_level" v="1"/>
  <tag k="building:part" v="yes"/>
 </way>
 <way id="391026251" visible="true" version="1" changeset="36531196" timestamp="2016-01-12T15:25:12Z" user="user_599436" uid="599436">
  <nd ref="3941868628"/>
  <nd ref="3941868626"/>
  <nd ref="3941868621"/>
  <nd ref="3941868622"/>
  <nd ref="3941868628"/>
  <tag k="building:levels" v="2"/>
  <tag k="building:min_level" v="1"/>
  <tag k="building:part" v="yes"/>
 </way>
 <way id="391026253" visible="true" version="1" changeset="36531196" timestamp="2016-01-12T15:25:12Z" user="user_599436" uid="599436">
  <nd ref="3941868631"/>
  <nd ref="3941868634"/>
  <nd ref="3941868636"/>
  <nd ref="3941868632"/>
  <nd ref="3941868631"/>
  <tag k="building:levels" v="2"/>
  <tag k="building:min_level" v="1"/>
  <tag k="building:part" v="yes"/>
 </way>
 <way id="674338745" visible="true" version="8" changeset="184592018" timestamp="2026-06-25T15:51:56Z" user="ExcitedBanjo932" uid="23316782">
  <nd ref="12850189303"/>
  <nd ref="212794763"/>
  <nd ref="212794765"/>
  <tag k="cycleway" v="shared_lane"/>
  <tag k="highway" v="secondary"/>
  <tag k="lanes" v="3"/>
  <tag k="lanes:backward" v="1"/>
  <tag k="lanes:forward" v="2"/>
  <tag k="maxheight:signed" v="no"/>
  <tag k="maxspeed" v="20 mph"/>
  <tag k="name" v="South Salina Street"/>
  <tag k="sidewalk" v="both"/>
  <tag k="turn:lanes:forward" v="left|through;right"/>
 </way>
 <way id="765262033" visible="true" version="2" changeset="136437254" timestamp="2023-05-23T04:25:25Z" user="CurlingMan13" uid="6641970">
  <nd ref="212871712"/>
  <nd ref="10920899493"/>
  <nd ref="10920899461"/>
  <nd ref="213032914"/>
  <nd ref="213077663"/>
  <nd ref="212871719"/>
  <nd ref="212871712"/>
  <tag k="landuse" v="retail"/>
 </way>
 <way id="765262034" visible="true" version="2" changeset="100784588" timestamp="2021-03-10T14:10:33Z" user="srmudava" uid="10145794">
  <nd ref="212796100"/>
  <nd ref="8503845326"/>
  <nd ref="212850475"/>
  <nd ref="212871719"/>
  <nd ref="1711828921"/>
  <nd ref="212796093"/>
  <nd ref="212796100"/>
  <tag k="landuse" v="commercial"/>
 </way>
 <way id="980631800" visible="true" version="1" changeset="110868414" timestamp="2021-09-07T16:06:41Z" user="bncrain" uid="7208213">
  <nd ref="1701465692"/>
  <nd ref="9071077310"/>
  <nd ref="9071077311"/>
  <nd ref="9071077312"/>
  <nd ref="9071077313"/>
  <nd ref="9071077314"/>
  <nd ref="9071077315"/>
  <nd ref="9071077316"/>
  <nd ref="9071077317"/>
  <nd ref="9071077318"/>
  <nd ref="9071077319"/>
  <nd ref="9071077320"/>
  <nd ref="9071077321"/>
  <nd ref="1701465670"/>
  <nd ref="1701465692"/>
  <tag k="building" v="yes"/>
 </way>
 <way id="980723887" visible="true" version="1" changeset="110881059" timestamp="2021-09-07T21:58:48Z" user="bncrain" uid="7208213">
  <nd ref="1845299492"/>
  <nd ref="9072143684"/>
  <nd ref="9072143682"/>
  <nd ref="9072143683"/>
  <nd ref="1845299490"/>
  <nd ref="1845299493"/>
  <nd ref="1845299492"/>
  <tag k="area" v="yes"/>
  <tag k="highway" v="pedestrian"/>
 </way>
 <way id="980723888" visible="true" version="1" changeset="110881059" timestamp="2021-09-07T21:58:48Z" user="bncrain" uid="7208213">
  <nd ref="9072143683"/>
  <nd ref="9072143682"/>
  <nd ref="9072143684"/>
  <tag k="barrier" v="hedge"/>
 </way>
 <way id="1175231385" visible="true" version="3" changeset="186239965" timestamp="2026-07-23T15:00:05Z" user="nopeinomicon" uid="21426053">
  <nd ref="10920899512"/>
  <nd ref="14041652988"/>
  <nd ref="10920899513"/>
  <nd ref="10920899515"/>
  <nd ref="10920899516"/>
  <nd ref="10920899514"/>
  <nd ref="10920899499"/>
  <tag k="bicycle" v="designated"/>
  <tag k="footway" v="sidewalk"/>
  <tag k="highway" v="footway"/>
  <tag k="segregated" v="yes"/>
 </way>
 <way id="1175231386" visible="true" version="3" changeset="186239965" timestamp="2026-07-23T15:00:05Z" user="nopeinomicon" uid="21426053">
  <nd ref="10920899512"/>
  <nd ref="14041652993"/>
  <nd ref="14041669809"/>
  <nd ref="10920899517"/>
  <tag k="bicycle" v="yes"/>
  <tag k="crossing" v="traffic_signals"/>
  <tag k="crossing:island" v="no"/>
  <tag k="crossing:markings" v="lines"/>
  <tag k="footway" v="crossing"/>
  <tag k="highway" v="footway"/>
 </way>
 <way id="1189998595" visible="true" version="1" changeset="138582599" timestamp="2023-07-16T15:02:38Z" user="they" uid="448442">
  <nd ref="11049526903"/>
  <nd ref="11049526902"/>
  <nd ref="11049526901"/>
  <nd ref="11049526900"/>
  <nd ref="11049526899"/>
  <nd ref="11049526898"/>
  <nd ref="11049526897"/>
  <nd ref="11049526896"/>
  <nd ref="11049526895"/>
  <nd ref="11049526894"/>
  <nd ref="11049526893"/>
  <nd ref="11049526892"/>
  <nd ref="11049526891"/>
  <nd ref="11049526890"/>
  <nd ref="11049526889"/>
  <nd ref="11049526903"/>
  <tag k="landuse" v="commercial"/>
 </way>
 <way id="1254352985" visible="true" version="2" changeset="177312261" timestamp="2026-01-16T18:52:21Z" user="VLD082" uid="9191862">
  <nd ref="212795427"/>
  <nd ref="13461008219"/>
  <nd ref="11659981035"/>
  <nd ref="11659981034"/>
  <nd ref="212794761"/>
  <tag k="highway" v="cycleway"/>
  <tag k="oneway" v="yes"/>
 </way>
 <way id="1254352987" visible="true" version="1" changeset="147863211" timestamp="2024-02-24T16:53:45Z" user="pkoby" uid="999995">
  <nd ref="11659981037"/>
  <nd ref="212796093"/>
  <tag k="cycleway:both" v="lane"/>
  <tag k="cycleway:left:buffer" v="yes"/>
  <tag k="cycleway:right:buffer" v="no"/>
  <tag k="highway" v="secondary"/>
  <tag k="name" v="North Salina Street"/>
 </way>
 <way id="1305502844" visible="true" version="2" changeset="181485163" timestamp="2026-04-18T06:39:38Z" user="wambag" uid="326503">
  <nd ref="212819209"/>
  <nd ref="7554198884"/>
  <tag k="abandoned:waterway" v="derelict_canal"/>
  <tag k="name" v="Enlarged Erie Canal"/>
 </way>
 <way id="1313093944" visible="true" version="2" changeset="168056462" timestamp="2025-06-24T16:03:08Z" user="guilfordclose" uid="23020052">
  <nd ref="1962002722"/>
  <nd ref="1962002728"/>
  <tag k="highway" v="service"/>
  <tag k="oneway" v="yes"/>
  <tag k="service" v="drive-through"/>
  <tag k="surface" v="asphalt"/>
 </way>
 <way id="1388154786" visible="true" version="3" changeset="187305512" timestamp="2026-08-11T19:51:04Z" user="RunningDroid" uid="362108">
  <nd ref="212794761"/>
  <nd ref="12850189303"/>
  <tag k="cycleway" v="shared_lane"/>
  <tag k="highway" v="secondary"/>
  <tag k="lanes" v="3"/>
  <tag k="lanes:backward" v="1"/>
  <tag k="lanes:forward" v="2"/>
  <tag k="maxspeed" v="20 mph"/>
  <tag k="name" v="South Salina Street"/>
  <tag k="sidewalk" v="both"/>
  <tag k="surface" v="asphalt"/>
  <tag k="turn:lanes:forward" v="left|through;right"/>
 </way>
 <way id="1543252352" visible="true" version="1" changeset="186239965" timestamp="2026-07-23T15:00:05Z" user="nopeinomicon" uid="21426053">
  <nd ref="14041652987"/>
  <nd ref="1870423356"/>
  <nd ref="1870423447"/>
  <nd ref="14041652988"/>
  <tag k="footway" v="sidewalk"/>
  <tag k="highway" v="footway"/>
 </way>
 <way id="1543252353" visible="true" version="1" changeset="186239965" timestamp="2026-07-23T15:00:05Z" user="nopeinomicon" uid="21426053">
  <nd ref="14041652989"/>
  <nd ref="14041652990"/>
  <nd ref="14041652991"/>
  <nd ref="10920899517"/>
  <tag k="footway" v="sidewalk"/>
  <tag k="highway" v="footway"/>
 </way>
 <way id="1543252354" visible="true" version="1" changeset="186239965" timestamp="2026-07-23T15:00:05Z" user="nopeinomicon" uid="21426053">
  <nd ref="14041652992"/>
  <nd ref="14041669808"/>
  <nd ref="14041652993"/>
  <tag k="crossing" v="traffic_signals"/>
  <tag k="crossing:island" v="no"/>
  <tag k="crossing:markings" v="lines"/>
  <tag k="footway" v="crossing"/>
  <tag k="highway" v="footway"/>
 </way>
 <way id="1543252355" visible="true" version="1" changeset="186239965" timestamp="2026-07-23T15:00:05Z" user="nopeinomicon" uid="21426053">
  <nd ref="14041652994"/>
  <nd ref="14041669807"/>
  <nd ref="14041652995"/>
  <tag k="crossing" v="traffic_signals"/>
  <tag k="crossing:island" v="no"/>
  <tag k="crossing:markings" v="lines"/>
  <tag k="footway" v="crossing"/>
  <tag k="highway" v="footway"/>
 </way>
 <way id="1543252356" visible="true" version="1" changeset="186239965" timestamp="2026-07-23T15:00:05Z" user="nopeinomicon" uid="21426053">
  <nd ref="14041652996"/>
  <nd ref="14041669810"/>
  <nd ref="14041652997"/>
  <tag k="crossing" v="traffic_signals"/>
  <tag k="crossing:island" v="no"/>
  <tag k="crossing:markings" v="lines"/>
  <tag k="footway" v="crossing"/>
  <tag k="highway" v="footway"/>
 </way>
 <way id="1543252357" visible="true" version="1" changeset="186239965" timestamp="2026-07-23T15:00:05Z" user="nopeinomicon" uid="21426053">
  <nd ref="14041652995"/>
  <nd ref="14041652998"/>
  <nd ref="14041652999"/>
  <nd ref="14041652997"/>
  <tag k="footway" v="sidewalk"/>
  <tag k="highway" v="footway"/>
 </way>
 <way id="1543252358" visible="true" version="1" changeset="186239965" timestamp="2026-07-23T15:00:05Z" user="nopeinomicon" uid="21426053">
  <nd ref="14041652994"/>
  <nd ref="14041653000"/>
  <nd ref="14041669801"/>
  <nd ref="14041669802"/>
  <nd ref="14041669803"/>
  <nd ref="14041652992"/>
  <tag k="footway" v="sidewalk"/>
  <tag k="highway" v="footway"/>
 </way>
 <way id="1543252359" visible="true" version="1" changeset="186239965" timestamp="2026-07-23T15:00:05Z" user="nopeinomicon" uid="21426053">
  <nd ref="14041652991"/>
  <nd ref="14041669804"/>
  <nd ref="14041669805"/>
  <nd ref="14041669806"/>
  <tag k="footway" v="sidewalk"/>
  <tag k="highway" v="footway"/>
 </way>
 <way id="1543252360" visible="true" version="1" changeset="186239965" timestamp="2026-07-23T15:00:05Z" user="nopeinomicon" uid="21426053">
  <nd ref="14041652996"/>
  <nd ref="14041669806"/>
  <tag k="footway" v="sidewalk"/>
  <tag k="highway" v="footway"/>
 </way>
 <relation id="67765" visible="true" version="735" changeset="188702173" timestamp="2026-09-08T04:48:55Z" user="MikeTheWhalersFan" uid="18419856">
  <member type="way" ref="20045822" role=""/>
  <member type="way" ref="20053789" role=""/>
  <member type="way" ref="104328427" role=""/>
  <member type="way" ref="20045834" role=""/>
  <member type="way" ref="1089042227" role=""/>
  <member type="way" ref="961791834" role=""/>
  <member type="way" ref="161135234" role=""/>
  <member type="way" ref="161135230" role=""/>
  <member type="way" ref="1089428846" role=""/>
  <member type="way" ref="1087175826" role=""/>
  <member type="way" ref="20053820" role=""/>
  <member type="way" ref="1201845192" role=""/>
  <member type="way" ref="20045831" role=""/>
  <member type="way" ref="20053810" role=""/>
  <member type="way" ref="1350972040" role=""/>
  <member type="way" ref="1350972041" role=""/>
  <member type="way" ref="20045874" role=""/>
  <member type="way" ref="161010869" role=""/>
  <member type="way" ref="1126442354" role=""/>
  <member type="way" ref="161010868" role=""/>
  <member type="way" ref="20048417" role=""/>
  <member type="way" ref="304711396" role=""/>
  <member type="way" ref="417761481" role=""/>
  <member type="way" ref="67788917" role=""/>
  <member type="way" ref="20048045" role="forward"/>
  <member type="way" ref="1412995271" role="forward"/>
  <member type="way" ref="20048036" role="forward"/>
  <member type="way" ref="1412995273" role="forward"/>
  <member type="way" ref="45026759" role=""/>
  <member type="way" ref="1098452142" role=""/>
  <member type="way" ref="1098452140" role=""/>
  <member type="way" ref="1277728657" role=""/>
  <member type="way" ref="1155773847" role=""/>
  <member type="way" ref="1098452141" role=""/>
  <member type="way" ref="96866815" role=""/>
  <member type="way" ref="1090966831" role=""/>
  <member type="way" ref="20047118" role=""/>
  <member type="way" ref="1098171674" role=""/>
  <member type="way" ref="1090966830" role=""/>
  <member type="way" ref="20048006" role=""/>
  <member type="way" ref="945192866" role=""/>
  <member type="way" ref="945192865" role=""/>
  <member type="way" ref="945192862" role=""/>
  <member type="way" ref="945192863" role=""/>
  <member type="way" ref="945192864" role=""/>
  <member type="way" ref="20047345" role=""/>
  <member type="way" ref="1103367839" role=""/>
  <member type="way" ref="44732388" role=""/>
  <member type="way" ref="20050696" role=""/>
  <member type="way" ref="322577357" role=""/>
  <member type="way" ref="322577358" role=""/>
  <member type="way" ref="322577356" role=""/>
  <member type="way" ref="322577355" role=""/>
  <member type="way" ref="121772509" role=""/>
  <member type="way" ref="121772508" role=""/>
  <member type="way" ref="77620356" role=""/>
  <member type="way" ref="77620357" role=""/>
  <member type="way" ref="44732387" role=""/>
  <member type="way" ref="300553984" role="forward"/>
  <member type="way" ref="311360650" role="forward"/>
  <member type="way" ref="327348562" role="forward"/>
  <member type="way" ref="669246361" role="forward"/>
  <member type="way" ref="311360649" role="forward"/>
  <member type="way" ref="327348558" role="forward"/>
  <member type="way" ref="300553995" role="forward"/>
  <member type="way" ref="300553998" role="forward"/>
  <member type="way" ref="300554003" role="forward"/>
  <member type="way" ref="300553987" role="forward"/>
  <member type="way" ref="118714446" role=""/>
  <member type="way" ref="311360647" role=""/>
  <member type="way" ref="311360646" role=""/>
  <member type="way" ref="891405935" role=""/>
  <member type="way" ref="891405936" role=""/>
  <member type="way" ref="1078083104" role=""/>
  <member type="way" ref="672195040" role=""/>
  <member type="way" ref="311360645" role=""/>
  <member type="way" ref="311360648" role=""/>
  <member type="way" ref="12301611" role=""/>
  <member type="way" ref="672195041" role=""/>
  <member type="way" ref="12290644" role=""/>
  <member type="way" ref="881848437" role=""/>
  <member type="way" ref="672195044" role=""/>
  <member type="way" ref="1373352633" role=""/>
  <member type="way" ref="1373352634" role=""/>
  <member type="way" ref="12290667" role=""/>
  <member type="way" ref="431125513" role=""/>
  <member type="way" ref="431125515" role=""/>
  <member type="way" ref="973320620" role=""/>
  <member type="way" ref="73783035" role=""/>
  <member type="way" ref="96866826" role=""/>
  <member type="way" ref="92791343" role="forward"/>
  <member type="way" ref="73783046" role="forward"/>
  <member type="way" ref="73783049" role="forward"/>
  <member type="way" ref="640220988" role="forward"/>
  <member type="way" ref="640220458" role="forward"/>
  <member type="way" ref="32013366" role="forward"/>
  <member type="way" ref="138100349" role="forward"/>
  <member type="way" ref="32013365" role="forward"/>
  <member type="way" ref="12301594" role="forward"/>
  <member type="way" ref="32013374" role="forward"/>
  <member type="way" ref="999727658" role="forward"/>
  <member type="way" ref="12301595" role="forward"/>
  <member type="way" ref="97821339" role="forward"/>
  <member type="way" ref="999727657" role="forward"/>
  <member type="way" ref="92791345" role="forward"/>
  <member type="way" ref="92791336" role="forward"/>
  <member type="way" ref="92791348" role="forward"/>
  <member type="way" ref="640220460" role="forward"/>
  <member type="way" ref="138100326" role="forward"/>
  <member type="way" ref="92791346" role="forward"/>
  <member type="way" ref="12279770" role="forward"/>
  <member type="way" ref="118714368" role="forward"/>
  <member type="way" ref="12302956" role=""/>
  <member type="way" ref="1466120527" role=""/>
  <member type="way" ref="1466120528" role=""/>
  <member type="way" ref="1466120529" role=""/>
  <member type="way" ref="1466120526" role=""/>
  <member type="way" ref="1466120530" role=""/>
  <member type="way" ref="118714376" role=""/>
  <member type="way" ref="536166695" role=""/>
  <member type="way" ref="640220189" role=""/>
  <member type="way" ref="134983364" role=""/>
  <member type="way" ref="134983363" role=""/>
  <member type="way" ref="92791339" role=""/>
  <member type="way" ref="31645473" role="forward"/>
  <member type="way" ref="122747099" role="forward"/>
  <member type="way" ref="31676958" role="forward"/>
  <member type="way" ref="31676956" role="forward"/>
  <member type="way" ref="31677232" role="forward"/>
  <member type="way" ref="31677227" role="forward"/>
  <member type="way" ref="166089591" role="forward"/>
  <member type="way" ref="166089593" role="forward"/>
  <member type="way" ref="31677828" role="forward"/>
  <member type="way" ref="31677833" role="forward"/>
  <member type="way" ref="31678645" role="forward"/>
  <member type="way" ref="1103518311" role="forward"/>
  <member type="way" ref="31678649" role="forward"/>
  <member type="way" ref="31678822" role="forward"/>
  <member type="way" ref="31678825" role="forward"/>
  <member type="way" ref="31678998" role="forward"/>
  <member type="way" ref="31678993" role="forward"/>
  <member type="way" ref="101011508" role="forward"/>
  <member type="way" ref="1103515144" role="forward"/>
  <member type="way" ref="101011450" role="forward"/>
  <member type="way" ref="50275518" role="forward"/>
  <member type="way" ref="50275515" role="forward"/>
  <member type="way" ref="31679706" role="forward"/>
  <member type="way" ref="1383352386" role="forward"/>
  <member type="way" ref="1103511253" role="forward"/>
  <member type="way" ref="1103511252" role="forward"/>
  <member type="way" ref="1103506757" role="forward"/>
  <member type="way" ref="139260068" role="forward"/>
  <member type="way" ref="49277178" role="forward"/>
  <member type="way" ref="1308312450" role="forward"/>
  <member type="way" ref="50405980" role="forward"/>
  <member type="way" ref="258031291" role="forward"/>
  <member type="way" ref="258121387" role="forward"/>
  <member type="way" ref="277113703" role="forward"/>
  <member type="way" ref="826204934" role="forward"/>
  <member type="way" ref="767660523" role="forward"/>
  <member type="way" ref="670977613" role="forward"/>
  <member type="way" ref="670354688" role="forward"/>
  <member type="way" ref="670354685" role="forward"/>
  <member type="way" ref="670354687" role="forward"/>
  <member type="way" ref="46421471" role="forward"/>
  <member type="way" ref="258121388" role="forward"/>
  <member type="way" ref="175475492" role="forward"/>
  <member type="way" ref="46421470" role="forward"/>
  <member type="way" ref="672127511" role="forward"/>
  <member type="way" ref="1377340237" role="forward"/>
  <member type="way" ref="670977612" role="forward"/>
  <member type="way" ref="671005506" role="forward"/>
  <member type="way" ref="672195066" role="forward"/>
  <member type="way" ref="276625896" role="forward"/>
  <member type="way" ref="1377340225" role="forward"/>
  <member type="way" ref="1377340226" role="forward"/>
  <member type="way" ref="672181287" role="forward"/>
  <member type="way" ref="672181310" role="forward"/>
  <member type="way" ref="1377340243" role="forward"/>
  <member type="way" ref="36969096" role="forward"/>
  <member type="way" ref="536166696" role="forward"/>
  <member type="way" ref="25654912" role="forward"/>
  <member type="way" ref="31645477" role="forward"/>
  <member type="way" ref="31645476" role="forward"/>
  <member type="way" ref="25655425" role="forward"/>
  <member type="way" ref="672195061" role="forward"/>
  <member type="way" ref="25655426" role="forward"/>
  <member type="way" ref="166089595" role="forward"/>
  <member type="way" ref="166089594" role="forward"/>
  <member type="way" ref="31677845" role="forward"/>
  <member type="way" ref="31677838" role="forward"/>
  <member type="way" ref="12313029" role="forward"/>
  <member type="way" ref="1103851712" role="forward"/>
  <member type="way" ref="25740831" role="forward"/>
  <member type="way" ref="25740832" role="forward"/>
  <member type="way" ref="25740578" role="forward"/>
  <member type="way" ref="25740576" role="forward"/>
  <member type="way" ref="25740623" role="forward"/>
  <member type="way" ref="101011496" role="forward"/>
  <member type="way" ref="101011474" role="forward"/>
  <member type="way" ref="50275797" role="forward"/>
  <member type="way" ref="50275513" role="forward"/>
  <member type="way" ref="25740682" role="forward"/>
  <member type="way" ref="1103858145" role="forward"/>
  <member type="way" ref="296974407" role="forward"/>
  <member type="way" ref="1383352387" role="forward"/>
  <member type="way" ref="1383352388" role="forward"/>
  <member type="way" ref="947058661" role="forward"/>
  <member type="way" ref="25740713" role="forward"/>
  <member type="way" ref="1078083105" role="forward"/>
  <member type="way" ref="36968567" role="forward"/>
  <member type="way" ref="1189110669" role="forward"/>
  <member type="way" ref="1189110668" role="forward"/>
  <member type="way" ref="273113758" role="forward"/>
  <member type="way" ref="281739443" role="forward"/>
  <member type="way" ref="1189102165" role="forward"/>
  <member type="way" ref="670977664" role="forward"/>
  <member type="way" ref="821763000" role="forward"/>
  <member type="way" ref="23690196" role="forward"/>
  <member type="way" ref="23690150" role="forward"/>
  <member type="way" ref="672195045" role="forward"/>
  <member type="way" ref="23690146" role="forward"/>
  <member type="way" ref="1377340241" role="forward"/>
  <member type="way" ref="1377340242" role="forward"/>
  <member type="way" ref="12310317" role="forward"/>
  <member type="way" ref="1377340219" role=""/>
  <member type="way" ref="23690098" role=""/>
  <member type="way" ref="670977595" role=""/>
  <member type="way" ref="1289239399" role=""/>
  <member type="way" ref="672181311" role=""/>
  <member type="way" ref="671005453" role=""/>
  <member type="way" ref="1289239398" role=""/>
  <member type="way" ref="670977543" role=""/>
  <member type="way" ref="1368285546" role=""/>
  <member type="way" ref="1368285545" role=""/>
  <member type="way" ref="670977542" role=""/>
  <member type="way" ref="1388936128" role=""/>
  <member type="way" ref="1388936127" role=""/>
  <member type="way" ref="1388422411" role=""/>
  <member type="way" ref="1388422412" role=""/>
  <member type="way" ref="1289239409" role=""/>
  <member type="way" ref="1459956634" role=""/>
  <member type="way" ref="1390009718" role=""/>
  <member type="way" ref="1459956633" role=""/>
  <member type="way" ref="67508650" role=""/>
  <member type="way" ref="1367640089" role=""/>
  <member type="way" ref="1126934082" role=""/>
  <member type="way" ref="1126934081" role=""/>
  <member type="way" ref="1126934079" role=""/>
  <member type="way" ref="1126934080" role=""/>
  <member type="way" ref="1378961015" role=""/>
  <member type="way" ref="1378961013" role=""/>
  <member type="way" ref="1378961014" role=""/>
  <member type="way" ref="797766390" role=""/>
  <member type="way" ref="670991499" role=""/>
  <member type="way" ref="1378961016" role=""/>
  <member type="way" ref="670991503" role=""/>
  <member type="way" ref="745580304" role=""/>
  <member type="way" ref="763287713" role=""/>
  <member type="way" ref="1379006378" role=""/>
  <member type="way" ref="763287717" role=""/>
  <member type="way" ref="1379006377" role=""/>
  <member type="way" ref="1379006379" role=""/>
  <member type="way" ref="1379006380" role=""/>
  <member type="way" ref="1379006381" role=""/>
  <member type="way" ref="1365980501" role=""/>
  <member type="way" ref="1365980503" role=""/>
  <member type="way" ref="97811091" role=""/>
  <member type="way" ref="1379006386" role=""/>
  <member type="way" ref="1379006385" role=""/>
  <member type="way" ref="1379006384" role=""/>
  <member type="way" ref="1379006383" role=""/>
  <member type="way" ref="1416419551" role=""/>
  <member type="way" ref="1554718333" role=""/>
  <member type="way" ref="1554718334" role=""/>
  <member type="way" ref="97811068" role=""/>
  <member type="way" ref="1463023596" role=""/>
  <member type="way" ref="1463023597" role=""/>
  <member type="way" ref="1463023598" role=""/>
  <member type="way" ref="742440383" role=""/>
  <member type="way" ref="1002224895" role=""/>
  <member type="way" ref="1002497124" role=""/>
  <member type="way" ref="1463023593" role=""/>
  <member type="way" ref="1388424218" role=""/>
  <member type="way" ref="1388426448" role=""/>
  <member type="way" ref="1463023602" role=""/>
  <member type="way" ref="1002224896" role=""/>
  <member type="way" ref="1463023601" role=""/>
  <member type="way" ref="1463023600" role=""/>
  <member type="way" ref="97811086" role=""/>
  <member type="way" ref="1463023599" role=""/>
  <member type="way" ref="97811087" role=""/>
  <member type="way" ref="1388438415" role=""/>
  <member type="way" ref="257824631" role=""/>
  <member type="way" ref="1312495149" role=""/>
  <member type="way" ref="1312495147" role=""/>
  <member type="way" ref="1312495148" role=""/>
  <member type="way" ref="1388197718" role=""/>
  <member type="way" ref="1388197719" role=""/>
  <member type="way" ref="1388197720" role=""/>
  <member type="way" ref="670991422" role=""/>
  <member type="way" ref="1388001834" role=""/>
  <member type="way" ref="1388001833" role=""/>
  <member type="way" ref="1374912141" role=""/>
  <member type="way" ref="1374912143" role=""/>
  <member type="way" ref="1374912142" role=""/>
  <member type="way" ref="746654421" role=""/>
  <member type="way" ref="1374912144" role=""/>
  <member type="way" ref="1387938076" role=""/>
  <member type="way" ref="1387938077" role=""/>
  <member type="way" ref="1374912148" role=""/>
  <member type="way" ref="1374912147" role=""/>
  <member type="way" ref="23716796" role=""/>
  <member type="way" ref="1374912150" role=""/>
  <member type="way" ref="670977585" role=""/>
  <member type="way" ref="1374912151" role=""/>
  <member type="way" ref="1374912140" role=""/>
  <member type="way" ref="1529934663" role=""/>
  <member type="way" ref="905820805" role=""/>
  <member type="way" ref="1417098573" role=""/>
  <member type="way" ref="1374912154" role=""/>
  <member type="way" ref="1123287023" role=""/>
  <member type="way" ref="742408385" role=""/>
  <member type="way" ref="1374912155" role=""/>
  <member type="way" ref="1126659835" role=""/>
  <member type="way" ref="670977637" role=""/>
  <member type="way" ref="987572026" role=""/>
  <member type="way" ref="1391814089" role=""/>
  <member type="way" ref="1391811564" role=""/>
  <member type="way" ref="1391811565" role=""/>
  <member type="way" ref="378054878" role=""/>
  <member type="way" ref="1374912166" role=""/>
  <member type="way" ref="1374912167" role=""/>
  <member type="way" ref="1374912169" role=""/>
  <member type="way" ref="1374912168" role=""/>
  <member type="way" ref="1374912139" role=""/>
  <member type="way" ref="1374912170" role=""/>
  <member type="way" ref="86758955" role=""/>
  <member type="way" ref="1374912165" role=""/>
  <member type="way" ref="649594024" role=""/>
  <member type="way" ref="1289239393" role=""/>
  <member type="way" ref="1374912164" role=""/>
  <member type="way" ref="1374912171" role="forward"/>
  <member type="way" ref="744925020" role="forward"/>
  <member type="way" ref="97827514" role="forward"/>
  <member type="way" ref="86758945" role=""/>
  <member type="way" ref="1372901494" role=""/>
  <member type="way" ref="146432008" role=""/>
  <member type="way" ref="1374912160" role=""/>
  <member type="way" ref="1374912157" role=""/>
  <member type="way" ref="1374912159" role=""/>
  <member type="way" ref="138364797" role=""/>
  <member type="way" ref="1374912132" role=""/>
  <member type="way" ref="1374912131" role=""/>
  <member type="way" ref="1374912158" role=""/>
  <member type="way" ref="1374912129" role=""/>
  <member type="way" ref="745560142" role=""/>
  <member type="way" ref="796937279" role=""/>
  <member type="way" ref="796937278" role=""/>
  <member type="way" ref="742176661" role=""/>
  <member type="way" ref="1375758280" role=""/>
  <member type="way" ref="1375758279" role=""/>
  <member type="way" ref="742176659" role=""/>
  <member type="way" ref="1375758278" role=""/>
  <member type="way" ref="1375758276" role=""/>
  <member type="way" ref="742169021" role=""/>
  <member type="way" ref="1375758277" role=""/>
  <member type="way" ref="742169020" role=""/>
  <member type="way" ref="27420799" role="forward"/>
  <member type="way" ref="480415213" role="forward"/>
  <member type="way" ref="480415212" role="forward"/>
  <member type="way" ref="1030304586" role="forward"/>
  <member type="way" ref="27420801" role="forward"/>
  <member type="way" ref="27420800" role="forward"/>
  <member type="way" ref="139260130" role="forward"/>
  <member type="way" ref="27420798" role="forward"/>
  <member type="way" ref="1345197329" role="forward"/>
  <member type="way" ref="1531853661" role="forward"/>
  <member type="way" ref="27420802" role="forward"/>
  <member type="way" ref="27420803" role="forward"/>
  <member type="way" ref="139260133" role="forward"/>
  <member type="way" ref="480415216" role="forward"/>
  <member type="way" ref="480415215" role="forward"/>
  <member type="way" ref="672127457" role=""/>
  <member type="way" ref="1114814392" role=""/>
  <member type="way" ref="1114814391" role=""/>
  <member type="way" ref="1345197328" role=""/>
  <member type="way" ref="1345197327" role=""/>
  <member type="way" ref="1039185531" role=""/>
  <member type="way" ref="1039185533" role=""/>
  <member type="way" ref="767466281" role=""/>
  <member type="way" ref="1345197326" role=""/>
  <member type="way" ref="1345197325" role=""/>
  <member type="way" ref="1039185532" role=""/>
  <member type="way" ref="1345197324" role=""/>
  <member type="way" ref="1345197323" role=""/>
  <member type="way" ref="12311682" role=""/>
  <member type="way" ref="1369517074" role=""/>
  <member type="way" ref="1345197330" role=""/>
  <member type="way" ref="1345197331" role=""/>
  <member type="way" ref="1369804028" role=""/>
  <member type="way" ref="1369804029" role=""/>
  <member type="way" ref="1369804027" role=""/>
  <member type="way" ref="1369804030" role=""/>
  <member type="way" ref="742856252" role=""/>
  <member type="way" ref="1345197332" role=""/>
  <member type="way" ref="1345197333" role=""/>
  <member type="way" ref="1345197334" role=""/>
  <member type="way" ref="1345197335" role=""/>
  <member type="way" ref="1345197336" role=""/>
  <member type="way" ref="1345197337" role=""/>
  <member type="way" ref="113651135" role=""/>
  <member type="way" ref="1381306782" role=""/>
  <member type="way" ref="1381306797" role=""/>
  <member type="way" ref="672127454" role=""/>
  <member type="way" ref="1381306796" role=""/>
  <member type="way" ref="1381306798" role=""/>
  <member type="way" ref="1381306799" role=""/>
  <member type="way" ref="932880806" role=""/>
  <member type="way" ref="932880805" role=""/>
  <member type="way" ref="932880804" role=""/>
  <member type="way" ref="1381306805" role=""/>
  <member type="way" ref="1381306806" role=""/>
  <member type="way" ref="1370480520" role=""/>
  <member type="way" ref="1381306869" role=""/>
  <member type="way" ref="1381306841" role=""/>
  <member type="way" ref="1381306842" role=""/>
  <member type="way" ref="1381306840" role=""/>
  <member type="way" ref="1370480519" role=""/>
  <member type="way" ref="1381306870" role=""/>
  <member type="way" ref="1381306875" role=""/>
  <member type="way" ref="1381306872" role=""/>
  <member type="way" ref="1381306871" role=""/>
  <member type="way" ref="1381306861" role=""/>
  <member type="way" ref="1381306860" role=""/>
  <member type="way" ref="672127452" role=""/>
  <member type="way" ref="1381306867" role=""/>
  <member type="way" ref="1381306866" role=""/>
  <member type="way" ref="1381306868" role=""/>
  <member type="way" ref="1381306859" role=""/>
  <member type="way" ref="1381306856" role=""/>
  <member type="way" ref="1381306857" role=""/>
  <member type="way" ref="1381306858" role=""/>
  <member type="way" ref="1381306855" role=""/>
  <member type="way" ref="672127451" role=""/>
  <member type="way" ref="742486477" role=""/>
  <member type="way" ref="1381306853" role=""/>
  <member type="way" ref="1381306852" role=""/>
  <member type="way" ref="1381306854" role=""/>
  <member type="way" ref="672127450" role=""/>
  <member type="way" ref="113651133" role=""/>
  <member type="way" ref="1381306836" role=""/>
  <member type="way" ref="1374686400" role=""/>
  <member type="way" ref="1381306837" role=""/>
  <member type="way" ref="1381306838" role=""/>
  <member type="way" ref="1381294455" role=""/>
  <member type="way" ref="1381306825" role=""/>
  <member type="way" ref="1381306826" role=""/>
  <member type="way" ref="1381306827" role=""/>
  <member type="way" ref="1381306829" role=""/>
  <member type="way" ref="1381306828" role=""/>
  <member type="way" ref="1381306824" role=""/>
  <member type="way" ref="1381306823" role=""/>
  <member type="way" ref="1381306822" role=""/>
  <member type="way" ref="1381306820" role=""/>
  <member type="way" ref="1381306819" role=""/>
  <member type="way" ref="1154554665" role=""/>
  <member type="way" ref="1381306817" role=""/>
  <member type="way" ref="1381306814" role=""/>
  <member type="way" ref="1381306816" role=""/>
  <member type="way" ref="1381306815" role=""/>
  <member type="way" ref="1381306818" role=""/>
  <member type="way" ref="1381294466" role=""/>
  <member type="way" ref="1381294463" role=""/>
  <member type="way" ref="1381294465" role=""/>
  <member type="way" ref="1381294464" role=""/>
  <member type="way" ref="480402388" role=""/>
  <member type="way" ref="1381294461" role=""/>
  <member type="way" ref="1381294460" role=""/>
  <member type="way" ref="1381294459" role=""/>
  <member type="way" ref="1381294462" role=""/>
  <member type="way" ref="480402387" role=""/>
  <member type="way" ref="803194069" role=""/>
  <member type="way" ref="762676549" role=""/>
  <member type="way" ref="12313089" role=""/>
  <member type="way" ref="1192703685" role=""/>
  <member type="way" ref="1192703684" role=""/>
  <member type="way" ref="765965105" role=""/>
  <member type="way" ref="837138000" role=""/>
  <member type="way" ref="837138001" role=""/>
  <member type="way" ref="905255849" role=""/>
  <member type="way" ref="916379395" role=""/>
  <member type="way" ref="905255850" role=""/>
  <member type="way" ref="1442599411" role=""/>
  <member type="way" ref="20650368" role=""/>
  <member type="way" ref="905255852" role=""/>
  <member type="way" ref="20650146" role=""/>
  <member type="way" ref="197101371" role=""/>
  <member type="way" ref="197101377" role=""/>
  <member type="way" ref="197101372" role=""/>
  <member type="way" ref="197101380" role=""/>
  <member type="way" ref="1302060432" role=""/>
  <member type="way" ref="1239676595" role=""/>
  <member type="way" ref="295310121" role=""/>
  <member type="way" ref="742204841" role=""/>
  <member type="way" ref="742204842" role=""/>
  <member type="way" ref="68167189" role=""/>
  <member type="way" ref="1301703352" role=""/>
  <member type="way" ref="1302060406" role=""/>
  <member type="way" ref="1302163704" role=""/>
  <member type="way" ref="1302640105" role=""/>
  <member type="way" ref="1302640109" role=""/>
  <member type="way" ref="48680032" role=""/>
  <member type="way" ref="741189890" role="forward"/>
  <member type="way" ref="741189891" role="forward"/>
  <member type="way" ref="20647379" role=""/>
  <member type="way" ref="48680038" role=""/>
  <member type="way" ref="1302060402" role=""/>
  <member type="way" ref="20650896" role=""/>
  <member type="way" ref="1301703336" role=""/>
  <member type="way" ref="759503742" role=""/>
  <member type="way" ref="758923436" role=""/>
  <member type="way" ref="1302640110" role=""/>
  <member type="way" ref="1302640104" role=""/>
  <member type="way" ref="1301703348" role=""/>
  <member type="way" ref="758923437" role=""/>
  <member type="way" ref="1301703369" role=""/>
  <member type="way" ref="20651520" role=""/>
  <member type="way" ref="20649946" role=""/>
  <member type="way" ref="1301703320" role=""/>
  <member type="way" ref="1302060394" role=""/>
  <member type="way" ref="48680039" role=""/>
  <member type="way" ref="1302163708" role=""/>
  <member type="way" ref="1301703359" role=""/>
  <member type="way" ref="1301703380" role=""/>
  <member type="way" ref="1302640099" role=""/>
  <member type="way" ref="20651523" role=""/>
  <member type="way" ref="52070680" role=""/>
  <member type="way" ref="52070681" role=""/>
  <member type="way" ref="1092378567" role=""/>
  <member type="way" ref="1092378568" role=""/>
  <member type="way" ref="20653534" role=""/>
  <member type="way" ref="1301703379" role=""/>
  <member type="way" ref="1301703370" role=""/>
  <member type="way" ref="767487750" role=""/>
  <member type="way" ref="20647209" role=""/>
  <member type="way" ref="20653516" role=""/>
  <member type="way" ref="1302060430" role=""/>
  <member type="way" ref="1302060427" role=""/>
  <member type="way" ref="822417848" role=""/>
  <member type="way" ref="1302060421" role=""/>
  <member type="way" ref="1302060417" role=""/>
  <member type="way" ref="822417849" role=""/>
  <member type="way" ref="814919871" role=""/>
  <member type="way" ref="20647388" role=""/>
  <member type="way" ref="1302060423" role=""/>
  <member type="way" ref="134568570" role=""/>
  <member type="way" ref="1302060424" role=""/>
  <member type="way" ref="1302060411" role=""/>
  <member type="way" ref="134568569" role=""/>
  <member type="way" ref="20650903" role=""/>
  <member type="way" ref="1302060413" role=""/>
  <member type="way" ref="1302060416" role=""/>
  <member type="way" ref="20649944" role=""/>
  <member type="way" ref="20649000" role=""/>
  <member type="way" ref="20106539" role=""/>
  <member type="way" ref="20108493" role=""/>
  <member type="way" ref="49641100" role=""/>
  <member type="way" ref="406073176" role="forward"/>
  <member type="way" ref="406073178" role="forward"/>
  <member type="way" ref="406073177" role="forward"/>
  <member type="way" ref="20109844" role=""/>
  <member type="way" ref="20108534" role=""/>
  <member type="way" ref="27081989" role=""/>
  <member type="way" ref="20108631" role=""/>
  <member type="way" ref="745617828" role=""/>
  <member type="way" ref="674263584" role=""/>
  <member type="way" ref="27082013" role=""/>
  <member type="way" ref="20106325" role="forward"/>
  <member type="way" ref="674263598" role="forward"/>
  <member type="way" ref="20106185" role="forward"/>
  <member type="way" ref="27082010" role="forward"/>
  <member type="way" ref="27082011" role="forward"/>
  <member type="way" ref="1309236420" role="forward"/>
  <member type="way" ref="27082028" role="forward"/>
  <member type="way" ref="20107758" role="forward"/>
  <member type="way" ref="1300651073" role="forward"/>
  <member type="way" ref="27082014" role=""/>
  <member type="way" ref="742102269" role=""/>
  <member type="way" ref="742102270" role=""/>
  <member type="way" ref="20107759" role=""/>
  <member type="way" ref="674263567" role=""/>
  <member type="way" ref="775901770" role=""/>
  <member type="way" ref="775901771" role=""/>
  <member type="way" ref="270851498" role=""/>
  <member type="way" ref="270851499" role="forward"/>
  <member type="way" ref="1535080740" role="forward"/>
  <member type="way" ref="38654247" role="forward"/>
  <member type="way" ref="1535080742" role="forward"/>
  <member type="way" ref="1535080741" role="forward"/>
  <member type="way" ref="270851495" role="forward"/>
  <member type="way" ref="38654248" role="forward"/>
  <member type="way" ref="1535080739" role="forward"/>
  <member type="way" ref="270851497" role="forward"/>
  <member type="way" ref="1535080743" role="forward"/>
  <member type="way" ref="270851496" role="forward"/>
  <member type="way" ref="429550015" role=""/>
  <member type="way" ref="20106620" role=""/>
  <member type="way" ref="20103842" role=""/>
  <member type="way" ref="20106327" role=""/>
  <member type="way" ref="429550019" role=""/>
  <member type="way" ref="1304962600" role=""/>
  <member type="way" ref="429550018" role=""/>
  <member type="way" ref="20107755" role=""/>
  <member type="way" ref="139192448" role=""/>
  <member type="way" ref="139192457" role="forward"/>
  <member type="way" ref="139192449" role="forward"/>
  <member type="way" ref="139192451" role="forward"/>
  <member type="way" ref="139192454" role="forward"/>
  <member type="way" ref="139192447" role="forward"/>
  <member type="way" ref="139192459" role="forward"/>
  <member type="way" ref="429550026" role=""/>
  <member type="way" ref="429550024" role=""/>
  <member type="way" ref="744540597" role=""/>
  <member type="way" ref="20125155" role=""/>
  <member type="way" ref="429550025" role=""/>
  <member type="way" ref="1181056245" role=""/>
  <member type="way" ref="1304962599" role=""/>
  <member type="way" ref="20129112" role=""/>
  <member type="way" ref="1291197922" role=""/>
  <member type="way" ref="1181056246" role=""/>
  <member type="way" ref="429550013" role=""/>
  <member type="way" ref="26771194" role=""/>
  <member type="way" ref="1107595650" role=""/>
  <member type="way" ref="1107595651" role=""/>
  <member type="way" ref="50264007" role=""/>
  <member type="way" ref="50264009" role="forward"/>
  <member type="way" ref="20121662" role="forward"/>
  <member type="way" ref="1233011970" role="forward"/>
  <member type="way" ref="20124066" role="forward"/>
  <member type="way" ref="121772639" role=""/>
  <member type="way" ref="537835321" role=""/>
  <member type="way" ref="26741527" role=""/>
  <member type="way" ref="537835322" role=""/>
  <member type="way" ref="537835333" role=""/>
  <member type="way" ref="537835334" role=""/>
  <member type="way" ref="537835332" role=""/>
  <member type="way" ref="26771073" role=""/>
  <member type="way" ref="537835331" role=""/>
  <member type="way" ref="537835330" role=""/>
  <member type="way" ref="26741503" role=""/>
  <member type="way" ref="26741502" role=""/>
  <member type="way" ref="26741504" role=""/>
  <member type="way" ref="26770978" role=""/>
  <member type="way" ref="539159103" role="forward"/>
  <member type="way" ref="302829577" role="forward"/>
  <member type="way" ref="539159102" role="forward"/>
  <member type="way" ref="302829579" role="forward"/>
  <member type="way" ref="960940754" role="forward"/>
  <member type="way" ref="858871182" role="forward"/>
  <member type="way" ref="883084104" role="forward"/>
  <member type="way" ref="858872613" role="forward"/>
  <member type="way" ref="858873724" role="forward"/>
  <member type="way" ref="858872134" role="forward"/>
  <member type="way" ref="858875402" role="forward"/>
  <member type="way" ref="429550020" role="forward"/>
  <member type="way" ref="26741500" role="forward"/>
  <member type="way" ref="713348795" role="forward"/>
  <member type="way" ref="539159104" role="forward"/>
  <member type="way" ref="961181042" role="forward"/>
  <member type="way" ref="858871180" role="forward"/>
  <member type="way" ref="1377392184" role="forward"/>
  <member type="way" ref="883084103" role="forward"/>
  <member type="way" ref="858872611" role="forward"/>
  <member type="way" ref="858873722" role="forward"/>
  <member type="way" ref="858872132" role="forward"/>
  <member type="way" ref="858875401" role="forward"/>
  <member type="way" ref="1304374489" role="forward"/>
  <member type="way" ref="121772490" role="forward"/>
  <member type="way" ref="731590149" role=""/>
  <member type="way" ref="121772491" role=""/>
  <member type="way" ref="20121042" role=""/>
  <member type="way" ref="745281398" role=""/>
  <member type="way" ref="20128459" role=""/>
  <member type="way" ref="742494631" role=""/>
  <member type="way" ref="1304338004" role=""/>
  <member type="way" ref="151258034" role=""/>
  <member type="way" ref="957042891" role=""/>
  <member type="way" ref="957042890" role=""/>
  <member type="way" ref="1304338005" role=""/>
  <member type="way" ref="429550027" role=""/>
  <member type="way" ref="151258032" role=""/>
  <member type="way" ref="20127435" role=""/>
  <member type="way" ref="961147225" role=""/>
  <member type="way" ref="121772451" role=""/>
  <member type="way" ref="1304473998" role=""/>
  <member type="way" ref="1304473999" role=""/>
  <member type="way" ref="20127499" role=""/>
  <member type="way" ref="429550021" role=""/>
  <member type="way" ref="1304474003" role=""/>
  <member type="way" ref="1304474006" role=""/>
  <member type="way" ref="20128634" role=""/>
  <member type="way" ref="546701155" role=""/>
  <member type="way" ref="44721383" role="forward"/>
  <member type="way" ref="961147196" role="forward"/>
  <member type="way" ref="68169336" role="forward"/>
  <member type="way" ref="704091660" role="forward"/>
  <member type="way" ref="20168835" role="forward"/>
  <member type="way" ref="44721382" role="forward"/>
  <member type="way" ref="44721381" role="forward"/>
  <member type="way" ref="20128764" role="forward"/>
  <member type="way" ref="1289838239" role="forward"/>
  <member type="way" ref="68169339" role="forward"/>
  <member type="way" ref="340538560" role=""/>
  <member type="way" ref="340538561" role=""/>
  <member type="way" ref="340538562" role=""/>
  <member type="way" ref="1319296792" role=""/>
  <member type="way" ref="68169337" role=""/>
  <member type="way" ref="20169740" role=""/>
  <member type="way" ref="20168829" role="forward"/>
  <member type="way" ref="33605144" role="forward"/>
  <member type="way" ref="33605137" role=""/>
  <member type="way" ref="1300715152" role=""/>
  <member type="way" ref="121772755" role=""/>
  <member type="way" ref="100137898" role=""/>
  <member type="way" ref="121772756" role=""/>
  <member type="way" ref="1300715156" role=""/>
  <member type="way" ref="1300715160" role=""/>
  <member type="way" ref="20169869" role=""/>
  <member type="way" ref="1300715161" role=""/>
  <member type="way" ref="20170132" role=""/>
  <member type="way" ref="1300715149" role=""/>
  <member type="way" ref="20168819" role=""/>
  <member type="way" ref="339479958" role=""/>
  <member type="way" ref="50292139" role=""/>
  <member type="way" ref="1300790144" role=""/>
  <member type="way" ref="50292140" role=""/>
  <member type="way" ref="1300790143" role=""/>
  <member type="way" ref="1300786107" role=""/>
  <member type="way" ref="1300786105" role=""/>
  <member type="way" ref="121772640" role=""/>
  <member type="way" ref="20169225" role=""/>
  <member type="way" ref="1300786101" role=""/>
  <member type="way" ref="100137894" role=""/>
  <member type="way" ref="44697316" role="forward"/>
  <member type="way" ref="44697314" role="forward"/>
  <member type="way" ref="20172594" role="forward"/>
  <member type="way" ref="44937064" role=""/>
  <member type="way" ref="1300786099" role=""/>
  <member type="way" ref="121772454" role=""/>
  <member type="way" ref="1300786095" role=""/>
  <member type="way" ref="1300786098" role=""/>
  <member type="way" ref="20169832" role=""/>
  <member type="way" ref="1394570466" role=""/>
  <member type="way" ref="20171571" role=""/>
  <member type="way" ref="44697324" role=""/>
  <member type="way" ref="44697323" role=""/>
  <member type="way" ref="1394570468" role=""/>
  <member type="way" ref="20032378" role=""/>
  <member type="way" ref="339479910" role=""/>
  <member type="way" ref="339479907" role=""/>
  <member type="way" ref="339479901" role=""/>
  <member type="way" ref="52869816" role=""/>
  <member type="way" ref="52869804" role=""/>
  <member type="way" ref="1257877282" role=""/>
  <member type="way" ref="1257877281" role=""/>
  <member type="way" ref="121772469" role=""/>
  <member type="way" ref="854243151" role="forward"/>
  <member type="way" ref="20032392" role="forward"/>
  <member type="way" ref="1257877278" role="forward"/>
  <member type="way" ref="675084177" role="forward"/>
  <member type="way" ref="49828480" role="forward"/>
  <member type="way" ref="109019627" role="forward"/>
  <member type="way" ref="109019629" role="forward"/>
  <member type="way" ref="44696162" role="forward"/>
  <member type="way" ref="20030727" role="forward"/>
  <member type="way" ref="20025299" role="forward"/>
  <member type="way" ref="108712091" role="forward"/>
  <member type="way" ref="108712094" role="forward"/>
  <member type="way" ref="20030735" role="forward"/>
  <member type="way" ref="1257869075" role="forward"/>
  <member type="way" ref="1257869074" role="forward"/>
  <member type="way" ref="854243154" role="forward"/>
  <member type="way" ref="1257869069" role="forward"/>
  <member type="way" ref="1257869070" role="forward"/>
  <member type="way" ref="1257869061" role="forward"/>
  <member type="way" ref="1257869062" role="forward"/>
  <member type="way" ref="1257877277" role="forward"/>
  <member type="way" ref="44697321" role="forward"/>
  <member type="way" ref="854243150" role="forward"/>
  <member type="way" ref="20030720" role="forward"/>
  <member type="way" ref="1257869055" role="forward"/>
  <member type="way" ref="1257869059" role="forward"/>
  <member type="way" ref="1257869060" role="forward"/>
  <member type="way" ref="1257869063" role="forward"/>
  <member type="way" ref="20032398" role="forward"/>
  <member type="way" ref="1257869068" role="forward"/>
  <member type="way" ref="677059429" role="forward"/>
  <member type="way" ref="49828476" role="forward"/>
  <member type="way" ref="1257869072" role="forward"/>
  <member type="way" ref="677059433" role="forward"/>
  <member type="way" ref="1257869073" role="forward"/>
  <member type="way" ref="854243157" role="forward"/>
  <member type="way" ref="20030388" role="forward"/>
  <member type="way" ref="20030721" role="forward"/>
  <member type="way" ref="20033320" role="forward"/>
  <member type="way" ref="44696161" role="forward"/>
  <member type="way" ref="20027131" role=""/>
  <member type="way" ref="345151927" role=""/>
  <member type="way" ref="676796978" role=""/>
  <member type="way" ref="1434589202" role=""/>
  <member type="way" ref="676796960" role=""/>
  <member type="way" ref="1434591565" role=""/>
  <member type="way" ref="1434591564" role=""/>
  <member type="way" ref="676796967" role=""/>
  <member type="way" ref="345151926" role=""/>
  <member type="way" ref="1434593419" role=""/>
  <member type="way" ref="677059435" role=""/>
  <member type="way" ref="349555020" role=""/>
  <member type="way" ref="349555022" role=""/>
  <member type="way" ref="676796975" role=""/>
  <member type="way" ref="676796974" role=""/>
  <member type="way" ref="345151928" role=""/>
  <member type="way" ref="318103932" role=""/>
  <member type="way" ref="318103934" role=""/>
  <member type="way" ref="318103936" role=""/>
  <member type="way" ref="318103931" role=""/>
  <member type="way" ref="318103940" role=""/>
  <member type="way" ref="318103937" role=""/>
  <member type="way" ref="479696880" role=""/>
  <member type="way" ref="380568508" role=""/>
  <member type="way" ref="318103933" role=""/>
  <member type="way" ref="318103939" role=""/>
  <member type="way" ref="318103935" role=""/>
  <member type="way" ref="318103938" role=""/>
  <member type="way" ref="41567655" role=""/>
  <member type="way" ref="20123976" role=""/>
  <member type="way" ref="65250019" role=""/>
  <member type="way" ref="299655876" role=""/>
  <member type="way" ref="299655877" role=""/>
  <member type="way" ref="646139449" role=""/>
  <member type="way" ref="318103973" role=""/>
  <member type="way" ref="20149332" role=""/>
  <member type="way" ref="318103930" role=""/>
  <member type="way" ref="290461935" role=""/>
  <member type="way" ref="318103960" role=""/>
  <member type="way" ref="318103965" role=""/>
  <member type="way" ref="318103964" role=""/>
  <member type="way" ref="318103962" role=""/>
  <member type="way" ref="318103963" role=""/>
  <member type="way" ref="318103961" role=""/>
  <member type="way" ref="20135111" role=""/>
  <member type="way" ref="318103972" role=""/>
  <member type="way" ref="318103971" role=""/>
  <member type="way" ref="318103968" role=""/>
  <member type="way" ref="295587218" role=""/>
  <member type="way" ref="295587220" role=""/>
  <member type="way" ref="295587217" role=""/>
  <member type="way" ref="295587215" role=""/>
  <member type="way" ref="295587216" role=""/>
  <member type="way" ref="295587214" role=""/>
  <member type="way" ref="229214662" role=""/>
  <member type="way" ref="295587212" role=""/>
  <member type="way" ref="229214663" role="forward"/>
  <member type="way" ref="20135070" role="forward"/>
  <member type="way" ref="123617798" role="forward"/>
  <member type="way" ref="123617795" role="forward"/>
  <member type="way" ref="44873105" role="forward"/>
  <member type="way" ref="44873106" role="forward"/>
  <member type="way" ref="290461934" role="forward"/>
  <member type="way" ref="1376670988" role="forward"/>
  <member type="way" ref="44873104" role="forward"/>
  <member type="way" ref="44873103" role="forward"/>
  <member type="way" ref="1530740125" role="forward"/>
  <member type="way" ref="123617799" role="forward"/>
  <member type="way" ref="1530740124" role="forward"/>
  <member type="way" ref="44873097" role="forward"/>
  <member type="way" ref="44873098" role="forward"/>
  <member type="way" ref="123617803" role="forward"/>
  <member type="way" ref="123617789" role="forward"/>
  <member type="way" ref="44873085" role="forward"/>
  <member type="way" ref="123617794" role="forward"/>
  <member type="way" ref="44873084" role="forward"/>
  <member type="way" ref="123617811" role="forward"/>
  <member type="way" ref="123617791" role="forward"/>
  <member type="way" ref="386674959" role="forward"/>
  <member type="way" ref="833718897" role="forward"/>
  <member type="way" ref="833718895" role="forward"/>
  <member type="way" ref="295417778" role="forward"/>
  <member type="way" ref="386674958" role="forward"/>
  <member type="way" ref="44873079" role="forward"/>
  <member type="way" ref="319241158" role="forward"/>
  <member type="way" ref="319241161" role="forward"/>
  <member type="way" ref="20132092" role="forward"/>
  <member type="way" ref="123617809" role="forward"/>
  <member type="way" ref="837591339" role="forward"/>
  <member type="way" ref="1376670987" role="forward"/>
  <member type="way" ref="123617804" role="forward"/>
  <member type="way" ref="20135098" role="forward"/>
  <member type="way" ref="44873102" role="forward"/>
  <member type="way" ref="1531823580" role="forward"/>
  <member type="way" ref="1531823579" role="forward"/>
  <member type="way" ref="44873101" role="forward"/>
  <member type="way" ref="44873096" role="forward"/>
  <member type="way" ref="123617810" role="forward"/>
  <member type="way" ref="1508655880" role="forward"/>
  <member type="way" ref="1539539438" role="forward"/>
  <member type="way" ref="123617800" role="forward"/>
  <member type="way" ref="1507521026" role="forward"/>
  <member type="way" ref="1507521025" role="forward"/>
  <member type="way" ref="44873095" role="forward"/>
  <member type="way" ref="44873092" role="forward"/>
  <member type="way" ref="44873091" role="forward"/>
  <member type="way" ref="123617792" role="forward"/>
  <member type="way" ref="44873083" role="forward"/>
  <member type="way" ref="247266967" role="forward"/>
  <member type="way" ref="123617790" role="forward"/>
  <member type="way" ref="123617793" role="forward"/>
  <member type="way" ref="44873082" role="forward"/>
  <member type="way" ref="20122290" role="forward"/>
  <member type="way" ref="20132560" role="forward"/>
  <member type="way" ref="386674965" role=""/>
  <member type="way" ref="44873076" role=""/>
  <member type="way" ref="313314343" role=""/>
  <member type="way" ref="313314342" role=""/>
  <member type="way" ref="300737806" role=""/>
  <member type="way" ref="386674964" role=""/>
  <member type="way" ref="313314341" role=""/>
  <member type="way" ref="313314340" role=""/>
  <member type="way" ref="313314339" role=""/>
  <member type="way" ref="313314338" role=""/>
  <member type="way" ref="386674962" role=""/>
  <member type="way" ref="327171101" role=""/>
  <member type="way" ref="327171102" role=""/>
  <member type="way" ref="357482441" role=""/>
  <member type="way" ref="327171103" role=""/>
  <member type="way" ref="173516080" role=""/>
  <member type="way" ref="386674963" role=""/>
  <member type="way" ref="173516078" role=""/>
  <member type="way" ref="1388938940" role=""/>
  <member type="way" ref="1388937150" role=""/>
  <member type="way" ref="675084238" role=""/>
  <member type="way" ref="356869932" role=""/>
  <member type="way" ref="1394971996" role=""/>
  <member type="way" ref="1175231340" role=""/>
  <member type="way" ref="1175231341" role=""/>
  <member type="way" ref="71333978" role=""/>
  <member type="way" ref="71334052" role=""/>
  <member type="way" ref="221358847" role=""/>
  <member type="way" ref="221358846" role=""/>
  <member type="way" ref="327349799" role=""/>
  <member type="way" ref="221358845" role=""/>
  <member type="way" ref="295893026" role=""/>
  <member type="way" ref="295893027" role=""/>
  <member type="way" ref="20138806" role=""/>
  <member type="way" ref="675747287" role=""/>
  <member type="way" ref="20136517" role=""/>
  <member type="way" ref="319241152" role=""/>
  <member type="way" ref="336600313" role=""/>
  <member type="way" ref="336600312" role=""/>
  <member type="way" ref="336600310" role=""/>
  <member type="way" ref="44866688" role=""/>
  <member type="way" ref="20127023" role="forward"/>
  <member type="way" ref="267554679" role="forward"/>
  <member type="way" ref="675049504" role="forward"/>
  <member type="way" ref="336600314" role="forward"/>
  <member type="way" ref="218185885" role="forward"/>
  <member type="way" ref="293377045" role="forward"/>
  <member type="way" ref="336600311" role="forward"/>
  <member type="way" ref="336600315" role="forward"/>
  <member type="way" ref="384536949" role=""/>
  <member type="way" ref="44866687" role=""/>
  <member type="way" ref="675323010" role=""/>
  <member type="way" ref="384536945" role=""/>
  <member type="way" ref="384536947" role=""/>
  <member type="way" ref="384536950" role=""/>
  <member type="way" ref="384536951" role=""/>
  <member type="way" ref="384536956" role=""/>
  <member type="way" ref="384536948" role=""/>
  <member type="way" ref="295315726" role=""/>
  <member type="way" ref="384536953" role=""/>
  <member type="way" ref="849194134" role=""/>
  <member type="way" ref="384536946" role=""/>
  <member type="way" ref="849194135" role=""/>
  <member type="way" ref="193891599" role=""/>
  <member type="way" ref="849209112" role=""/>
  <member type="way" ref="295408566" role="forward"/>
  <member type="way" ref="849209569" role="forward"/>
  <member type="way" ref="849288483" role="forward"/>
  <member type="way" ref="849288482" role="forward"/>
  <member type="way" ref="849288481" role="forward"/>
  <member type="way" ref="849288480" role="forward"/>
  <member type="way" ref="193891600" role="forward"/>
  <member type="way" ref="849299067" role="forward"/>
  <member type="way" ref="849299066" role="forward"/>
  <member type="way" ref="230364019" role="forward"/>
  <member type="way" ref="849299064" role="forward"/>
  <member type="way" ref="849299065" role="forward"/>
  <member type="way" ref="849303132" role="forward"/>
  <member type="way" ref="849303131" role="forward"/>
  <member type="way" ref="196463333" role="forward"/>
  <member type="way" ref="295391112" role="forward"/>
  <member type="way" ref="230364020" role="forward"/>
  <member type="way" ref="295266062" role="forward"/>
  <member type="way" ref="295266060" role="forward"/>
  <member type="way" ref="912372657" role="forward"/>
  <member type="way" ref="291206946" role="forward"/>
  <member type="way" ref="291206940" role="forward"/>
  <member type="way" ref="295316273" role="forward"/>
  <member type="way" ref="1545634976" role="forward"/>
  <member type="way" ref="295316271" role="forward"/>
  <member type="way" ref="295316267" role="forward"/>
  <member type="way" ref="295316255" role="forward"/>
  <member type="way" ref="295316269" role="forward"/>
  <member type="way" ref="295316257" role="forward"/>
  <member type="way" ref="295316265" role="forward"/>
  <member type="way" ref="295316256" role="forward"/>
  <member type="way" ref="1374403141" role="forward"/>
  <member type="way" ref="158370470" role="forward"/>
  <member type="way" ref="343694272" role="forward"/>
  <member type="way" ref="675322987" role="forward"/>
  <member type="way" ref="628283503" role="forward"/>
  <member type="way" ref="296113407" role="forward"/>
  <member type="way" ref="686317676" role="forward"/>
  <member type="way" ref="296113409" role="forward"/>
  <member type="way" ref="321188447" role="forward"/>
  <member type="way" ref="295408564" role="forward"/>
  <member type="way" ref="295408563" role="forward"/>
  <member type="way" ref="230364021" role="forward"/>
  <member type="way" ref="1436341600" role="forward"/>
  <member type="way" ref="849291348" role="forward"/>
  <member type="way" ref="1304136125" role="forward"/>
  <member type="way" ref="849291349" role="forward"/>
  <member type="way" ref="1304136126" role="forward"/>
  <member type="way" ref="295408565" role="forward"/>
  <member type="way" ref="849376089" role="forward"/>
  <member type="way" ref="675331826" role="forward"/>
  <member type="way" ref="849376090" role="forward"/>
  <member type="way" ref="849376091" role="forward"/>
  <member type="way" ref="849303133" role="forward"/>
  <member type="way" ref="230355990" role="forward"/>
  <member type="way" ref="849303129" role="forward"/>
  <member type="way" ref="849303130" role="forward"/>
  <member type="way" ref="295391104" role="forward"/>
  <member type="way" ref="912372655" role="forward"/>
  <member type="way" ref="20127019" role="forward"/>
  <member type="way" ref="295266063" role="forward"/>
  <member type="way" ref="295266061" role="forward"/>
  <member type="way" ref="295266064" role="forward"/>
  <member type="way" ref="295391113" role="forward"/>
  <member type="way" ref="295391105" role="forward"/>
  <member type="way" ref="1545634975" role="forward"/>
  <member type="way" ref="295316272" role="forward"/>
  <member type="way" ref="295316270" role="forward"/>
  <member type="way" ref="675331824" role="forward"/>
  <member type="way" ref="675747284" role="forward"/>
  <member type="way" ref="295316260" role="forward"/>
  <member type="way" ref="295316258" role="forward"/>
  <member type="way" ref="295316264" role="forward"/>
  <member type="way" ref="295316263" role="forward"/>
  <member type="way" ref="44866684" role="forward"/>
  <member type="way" ref="295316261" role="forward"/>
  <member type="way" ref="295316259" role="forward"/>
  <member type="way" ref="1374403140" role="forward"/>
  <member type="way" ref="295316266" role="forward"/>
  <member type="way" ref="295316268" role="forward"/>
  <member type="way" ref="295316262" role="forward"/>
  <member type="way" ref="20123152" role="forward"/>
  <member type="way" ref="248343291" role="forward"/>
  <member type="way" ref="296113405" role="forward"/>
  <member type="way" ref="20135080" role="forward"/>
  <member type="way" ref="158294591" role=""/>
  <member type="way" ref="139260117" role=""/>
  <member type="way" ref="194108900" role=""/>
  <member type="way" ref="221923216" role=""/>
  <member type="way" ref="194108899" role=""/>
  <member type="way" ref="157624311" role=""/>
  <member type="way" ref="157624314" role=""/>
  <member type="way" ref="185095003" role=""/>
  <member type="way" ref="185094996" role=""/>
  <member type="way" ref="185094997" role=""/>
  <member type="way" ref="384535462" role=""/>
  <member type="way" ref="185095002" role=""/>
  <member type="way" ref="384535463" role=""/>
  <member type="way" ref="384535464" role=""/>
  <member type="way" ref="324317083" role=""/>
  <member type="way" ref="185095004" role=""/>
  <member type="way" ref="185095000" role=""/>
  <member type="way" ref="249614163" role=""/>
  <member type="way" ref="185094998" role=""/>
  <member type="way" ref="185094989" role=""/>
  <member type="way" ref="262486057" role=""/>
  <member type="way" ref="185094999" role=""/>
  <member type="way" ref="295249994" role=""/>
  <member type="way" ref="1122015667" role=""/>
  <member type="way" ref="185094987" role=""/>
  <member type="way" ref="1426766972" role=""/>
  <member type="way" ref="1426766974" role=""/>
  <member type="way" ref="1426766973" role=""/>
  <member type="way" ref="1426815754" role=""/>
  <member type="way" ref="1426815755" role=""/>
  <member type="way" ref="1426815756" role=""/>
  <member type="way" ref="85371031" role=""/>
  <member type="way" ref="325815423" role=""/>
  <member type="way" ref="325815427" role=""/>
  <member type="way" ref="1431942906" role=""/>
  <member type="way" ref="1431942905" role=""/>
  <member type="way" ref="325813576" role=""/>
  <member type="way" ref="325813577" role=""/>
  <member type="way" ref="306336350" role=""/>
  <member type="way" ref="317552205" role=""/>
  <member type="way" ref="263954808" role=""/>
  <member type="way" ref="155848557" role=""/>
  <member type="way" ref="20132543" role=""/>
  <member type="way" ref="1434020750" role=""/>
  <member type="way" ref="217130311" role=""/>
  <member type="way" ref="317555706" role=""/>
  <member type="way" ref="217130310" role=""/>
  <member type="way" ref="317556369" role=""/>
  <member type="way" ref="157127066" role=""/>
  <member type="way" ref="317556370" role=""/>
  <member type="way" ref="260821454" role=""/>
  <member type="way" ref="299670199" role=""/>
  <member type="way" ref="299670198" role=""/>
  <member type="way" ref="1423137584" role=""/>
  <member type="way" ref="260821452" role=""/>
  <member type="way" ref="260821453" role=""/>
  <member type="way" ref="299670196" role=""/>
  <member type="way" ref="299670197" role=""/>
  <member type="way" ref="20126344" role=""/>
  <member type="way" ref="20129526" role=""/>
  <member type="way" ref="260821455" role=""/>
  <member type="way" ref="20109569" role=""/>
  <member type="way" ref="329969794" role=""/>
  <member type="way" ref="260821456" role=""/>
  <member type="way" ref="260821458" role=""/>
  <member type="way" ref="260821457" role=""/>
  <member type="way" ref="260821459" role=""/>
  <member type="way" ref="346405395" role=""/>
  <member type="way" ref="346405394" role=""/>
  <member type="way" ref="20115252" role=""/>
  <member type="way" ref="20115517" role=""/>
  <member type="way" ref="318382141" role=""/>
  <member type="way" ref="318382134" role=""/>
  <member type="way" ref="164752065" role=""/>
  <member type="way" ref="164752066" role=""/>
  <member type="way" ref="318382151" role=""/>
  <member type="way" ref="44866682" role=""/>
  <member type="way" ref="318382136" role=""/>
  <member type="way" ref="44866680" role=""/>
  <member type="way" ref="44866681" role=""/>
  <member type="way" ref="288230531" role=""/>
  <member type="way" ref="1388318629" role=""/>
  <member type="way" ref="20110795" role=""/>
  <member type="way" ref="1109717690" role=""/>
  <member type="way" ref="1109717691" role=""/>
  <member type="way" ref="20109574" role=""/>
  <member type="way" ref="20113867" role=""/>
  <member type="way" ref="20109577" role=""/>
  <member type="way" ref="318382183" role=""/>
  <member type="way" ref="318382182" role=""/>
  <member type="way" ref="20113879" role=""/>
  <member type="way" ref="288230536" role=""/>
  <member type="way" ref="1200851849" role=""/>
  <member type="way" ref="318382171" role=""/>
  <member type="way" ref="318382175" role=""/>
  <member type="way" ref="1303729983" role=""/>
  <member type="way" ref="318382177" role=""/>
  <member type="way" ref="318382173" role=""/>
  <member type="way" ref="45323475" role=""/>
  <member type="way" ref="318382172" role=""/>
  <member type="way" ref="318382174" role=""/>
  <member type="way" ref="318382176" role=""/>
  <member type="way" ref="20115527" role=""/>
  <member type="way" ref="318382142" role=""/>
  <member type="way" ref="318382138" role=""/>
  <member type="way" ref="318382152" role=""/>
  <member type="way" ref="309506334" role=""/>
  <member type="way" ref="318382140" role=""/>
  <member type="way" ref="318382150" role=""/>
  <member type="way" ref="318382137" role=""/>
  <member type="way" ref="1323027109" role=""/>
  <member type="way" ref="1323027110" role=""/>
  <member type="way" ref="318382148" role=""/>
  <member type="way" ref="1118028957" role=""/>
  <member type="way" ref="318382143" role=""/>
  <member type="way" ref="1200846941" role=""/>
  <member type="way" ref="1200846940" role=""/>
  <member type="way" ref="1377378762" role=""/>
  <member type="way" ref="318382144" role=""/>
  <member type="way" ref="318382149" role=""/>
  <member type="way" ref="318382133" role=""/>
  <member type="way" ref="318382139" role=""/>
  <member type="way" ref="318382147" role=""/>
  <member type="way" ref="318382135" role=""/>
  <member type="way" ref="318382146" role=""/>
  <member type="way" ref="318382145" role=""/>
  <member type="way" ref="253130043" role=""/>
  <member type="way" ref="253130046" role=""/>
  <member type="way" ref="318382167" role=""/>
  <member type="way" ref="318382164" role=""/>
  <member type="way" ref="318382162" role=""/>
  <member type="way" ref="318382163" role=""/>
  <member type="way" ref="318382165" role=""/>
  <member type="way" ref="318382161" role=""/>
  <member type="way" ref="1200846939" role=""/>
  <member type="way" ref="318382166" role=""/>
  <member type="way" ref="20151623" role=""/>
  <member type="way" ref="318382189" role=""/>
  <member type="way" ref="318382188" role=""/>
  <member type="way" ref="318382191" role=""/>
  <member type="way" ref="1200846938" role=""/>
  <member type="way" ref="318382186" role=""/>
  <member type="way" ref="20152729" role=""/>
  <member type="way" ref="318382128" role=""/>
  <member type="way" ref="1015931999" role=""/>
  <member type="way" ref="318382131" role=""/>
  <member type="way" ref="318382129" role=""/>
  <member type="way" ref="318382130" role=""/>
  <member type="way" ref="20146840" role=""/>
  <member type="way" ref="1015931998" role=""/>
  <member type="way" ref="20142644" role=""/>
  <member type="way" ref="1015932000" role=""/>
  <member type="way" ref="20152724" role=""/>
  <member type="way" ref="318382187" role=""/>
  <member type="way" ref="318382190" role=""/>
  <member type="way" ref="20147131" role=""/>
  <member type="way" ref="340538536" role=""/>
  <member type="way" ref="280176113" role=""/>
  <member type="way" ref="280176114" role=""/>
  <member type="way" ref="139260226" role=""/>
  <member type="way" ref="340538531" role=""/>
  <member type="way" ref="48330099" role=""/>
  <member type="way" ref="340538532" role=""/>
  <member type="way" ref="340538559" role=""/>
  <member type="way" ref="340538558" role=""/>
  <member type="way" ref="340538557" role=""/>
  <member type="way" ref="20142649" role=""/>
  <member type="way" ref="20153261" role=""/>
  <member type="way" ref="340538547" role=""/>
  <member type="way" ref="340538555" role=""/>
  <member type="way" ref="916079777" role=""/>
  <member type="way" ref="139260227" role=""/>
  <member type="way" ref="242672446" role=""/>
  <member type="way" ref="242672447" role=""/>
  <member type="way" ref="340538553" role=""/>
  <member type="way" ref="340538542" role=""/>
  <member type="way" ref="340538554" role=""/>
  <member type="way" ref="340538545" role=""/>
  <member type="way" ref="985009503" role=""/>
  <member type="way" ref="340538552" role=""/>
  <member type="way" ref="985009504" role=""/>
  <member type="way" ref="340538541" role=""/>
  <member type="way" ref="916079776" role=""/>
  <member type="way" ref="340538543" role=""/>
  <member type="way" ref="340538548" role=""/>
  <member type="way" ref="340538540" role=""/>
  <member type="way" ref="341186187" role=""/>
  <member type="way" ref="341186190" role=""/>
  <member type="way" ref="341190717" role=""/>
  <member type="way" ref="341120681" role="forward"/>
  <member type="way" ref="341186186" role="forward"/>
  <member type="way" ref="341186188" role="forward"/>
  <member type="way" ref="341186180" role="forward"/>
  <member type="way" ref="340806508" role="forward"/>
  <member type="way" ref="341186184" role="forward"/>
  <member type="way" ref="341186192" role="forward"/>
  <member type="way" ref="832256178" role="forward"/>
  <member type="way" ref="832256180" role="forward"/>
  <member type="way" ref="832257369" role="forward"/>
  <member type="way" ref="340538550" role=""/>
  <member type="way" ref="340538539" role=""/>
  <member type="way" ref="340538544" role=""/>
  <member type="way" ref="340538546" role=""/>
  <member type="way" ref="340538551" role=""/>
  <member type="way" ref="340538538" role=""/>
  <member type="way" ref="1556687383" role="forward"/>
  <member type="way" ref="1556687384" role="forward"/>
  <member type="way" ref="20137439" role="forward"/>
  <member type="way" ref="676684166" role="forward"/>
  <member type="way" ref="1556687394" role="forward"/>
  <member type="way" ref="1556687395" role="forward"/>
  <member type="way" ref="1556687396" role="forward"/>
  <member type="way" ref="45155177" role="forward"/>
  <member type="way" ref="1556687397" role="forward"/>
  <member type="way" ref="1556687398" role="forward"/>
  <member type="way" ref="1189061534" role="forward"/>
  <member type="way" ref="242430532" role="forward"/>
  <member type="way" ref="1556687399" role="forward"/>
  <member type="way" ref="1556687402" role="forward"/>
  <member type="way" ref="45128231" role="forward"/>
  <member type="way" ref="1556687403" role="forward"/>
  <member type="way" ref="44865408" role="forward"/>
  <member type="way" ref="44865409" role="forward"/>
  <member type="way" ref="44865405" role="forward"/>
  <member type="way" ref="44865404" role="forward"/>
  <member type="way" ref="1556687404" role="forward"/>
  <member type="way" ref="44865399" role="forward"/>
  <member type="way" ref="1556687405" role="forward"/>
  <member type="way" ref="44865398" role="forward"/>
  <member type="way" ref="45155179" role="forward"/>
  <member type="way" ref="1557249842" role="forward"/>
  <member type="way" ref="1557249843" role="forward"/>
  <member type="way" ref="1296716122" role="forward"/>
  <member type="way" ref="1557249861" role="forward"/>
  <member type="way" ref="45155180" role="forward"/>
  <member type="way" ref="770750533" role="forward"/>
  <member type="way" ref="45304540" role="forward"/>
  <member type="way" ref="321079933" role="forward"/>
  <member type="way" ref="770750530" role="forward"/>
  <member type="way" ref="1557249863" role="forward"/>
  <member type="way" ref="321075202" role="forward"/>
  <member type="way" ref="321075739" role="forward"/>
  <member type="way" ref="321075738" role="forward"/>
  <member type="way" ref="321075742" role="forward"/>
  <member type="way" ref="321075743" role="forward"/>
  <member type="way" ref="321075747" role="forward"/>
  <member type="way" ref="321075746" role="forward"/>
  <member type="way" ref="321075750" role="forward"/>
  <member type="way" ref="1557249866" role="forward"/>
  <member type="way" ref="321075753" role="forward"/>
  <member type="way" ref="51804111" role="forward"/>
  <member type="way" ref="51804105" role="forward"/>
  <member type="way" ref="51804115" role="forward"/>
  <member type="way" ref="27081966" role="forward"/>
  <member type="way" ref="1557249870" role="forward"/>
  <member type="way" ref="27081940" role="forward"/>
  <member type="way" ref="123617742" role="forward"/>
  <member type="way" ref="91142279" role="forward"/>
  <member type="way" ref="33210154" role="forward"/>
  <member type="way" ref="91142266" role="forward"/>
  <member type="way" ref="123617741" role="forward"/>
  <member type="way" ref="33210932" role="forward"/>
  <member type="way" ref="68294448" role="forward"/>
  <member type="way" ref="1546694553" role="forward"/>
  <member type="way" ref="1546694552" role="forward"/>
  <member type="way" ref="37225743" role="forward"/>
  <member type="way" ref="37225741" role="forward"/>
  <member type="way" ref="1546694554" role="forward"/>
  <member type="way" ref="123617808" role="forward"/>
  <member type="way" ref="44849453" role="forward"/>
  <member type="way" ref="37225736" role="forward"/>
  <member type="way" ref="37225735" role="forward"/>
  <member type="way" ref="768300026" role="forward"/>
  <member type="way" ref="27081943" role="forward"/>
  <member type="way" ref="768300029" role="forward"/>
  <member type="way" ref="123617807" role="forward"/>
  <member type="way" ref="68294435" role="forward"/>
  <member type="way" ref="37225755" role="forward"/>
  <member type="way" ref="37225754" role="forward"/>
  <member type="way" ref="44849454" role="forward"/>
  <member type="way" ref="37778279" role="forward"/>
  <member type="way" ref="37778280" role="forward"/>
  <member type="way" ref="91142287" role="forward"/>
  <member type="way" ref="91142284" role="forward"/>
  <member type="way" ref="1556687381" role="forward"/>
  <member type="way" ref="67883775" role="forward"/>
  <member type="way" ref="45128232" role="forward"/>
  <member type="way" ref="242430528" role="forward"/>
  <member type="way" ref="1339470192" role="forward"/>
  <member type="way" ref="44865406" role="forward"/>
  <member type="way" ref="44865407" role="forward"/>
  <member type="way" ref="44865403" role="forward"/>
  <member type="way" ref="44865402" role="forward"/>
  <member type="way" ref="44865401" role="forward"/>
  <member type="way" ref="44865400" role="forward"/>
  <member type="way" ref="45155181" role="forward"/>
  <member type="way" ref="45155182" role="forward"/>
  <member type="way" ref="1296716121" role="forward"/>
  <member type="way" ref="770750532" role="forward"/>
  <member type="way" ref="45304541" role="forward"/>
  <member type="way" ref="321079932" role="forward"/>
  <member type="way" ref="770750531" role="forward"/>
  <member type="way" ref="321103192" role="forward"/>
  <member type="way" ref="321075740" role="forward"/>
  <member type="way" ref="321075741" role="forward"/>
  <member type="way" ref="321075745" role="forward"/>
  <member type="way" ref="321075744" role="forward"/>
  <member type="way" ref="321075748" role="forward"/>
  <member type="way" ref="321075749" role="forward"/>
  <member type="way" ref="321075751" role="forward"/>
  <member type="way" ref="321075752" role="forward"/>
  <member type="way" ref="321074786" role="forward"/>
  <member type="way" ref="51804112" role="forward"/>
  <member type="way" ref="20148790" role="forward"/>
  <member type="way" ref="27081962" role="forward"/>
  <member type="way" ref="27081964" role="forward"/>
  <member type="way" ref="27081965" role="forward"/>
  <member type="way" ref="68294436" role=""/>
  <member type="way" ref="713140080" role=""/>
  <member type="way" ref="768300021" role=""/>
  <member type="way" ref="713140079" role=""/>
  <member type="way" ref="768300009" role=""/>
  <member type="way" ref="44849452" role=""/>
  <member type="way" ref="768300010" role=""/>
  <member type="way" ref="768300005" role=""/>
  <member type="way" ref="676684088" role=""/>
  <member type="way" ref="1391882001" role=""/>
  <member type="way" ref="1280034816" role=""/>
  <member type="way" ref="1280034817" role=""/>
  <member type="way" ref="20094142" role=""/>
  <member type="way" ref="37225725" role=""/>
  <member type="way" ref="37225716" role=""/>
  <member type="way" ref="172946284" role=""/>
  <member type="way" ref="1385189566" role=""/>
  <member type="way" ref="1385189567" role=""/>
  <member type="way" ref="172946285" role=""/>
  <member type="way" ref="44849450" role=""/>
  <member type="way" ref="68295539" role=""/>
  <member type="way" ref="44851082" role="forward"/>
  <member type="way" ref="97622067" role="forward"/>
  <member type="way" ref="97622127" role="forward"/>
  <member type="way" ref="1391882000" role="forward"/>
  <member type="way" ref="1434322517" role="forward"/>
  <member type="way" ref="20094151" role="forward"/>
  <member type="way" ref="1434322516" role="forward"/>
  <member type="way" ref="1391881999" role="forward"/>
  <member type="way" ref="97622074" role="forward"/>
  <member type="way" ref="97622185" role="forward"/>
  <member type="way" ref="297837572" role="forward"/>
  <member type="way" ref="20103446" role=""/>
  <member type="way" ref="44849449" role=""/>
  <member type="way" ref="44849448" role=""/>
  <member type="way" ref="20098571" role=""/>
  <member type="way" ref="20094078" role=""/>
  <member type="way" ref="44849447" role=""/>
  <member type="way" ref="192173596" role=""/>
  <member type="way" ref="44849446" role="forward"/>
  <member type="way" ref="20094148" role="forward"/>
  <member type="way" ref="44849445" role=""/>
  <member type="way" ref="1236509931" role=""/>
  <member type="way" ref="20097262" role=""/>
  <member type="way" ref="1236509930" role=""/>
  <member type="way" ref="44849444" role="forward"/>
  <member type="way" ref="1236509929" role="forward"/>
  <member type="way" ref="44849435" role="forward"/>
  <member type="way" ref="139437909" role="forward"/>
  <member type="way" ref="139437906" role="forward"/>
  <member type="way" ref="480201198" role="forward"/>
  <member type="way" ref="480201195" role="forward"/>
  <member type="way" ref="1235091720" role="forward"/>
  <member type="way" ref="1235091719" role="forward"/>
  <member type="way" ref="44849436" role="forward"/>
  <member type="way" ref="1235091721" role="forward"/>
  <member type="way" ref="1235091722" role="forward"/>
  <member type="way" ref="20094095" role="forward"/>
  <member type="way" ref="20097270" role="forward"/>
  <member type="way" ref="139437905" role="forward"/>
  <member type="way" ref="139437908" role="forward"/>
  <member type="way" ref="44849437" role="forward"/>
  <member type="way" ref="44849434" role="forward"/>
  <member type="way" ref="277231650" role="forward"/>
  <member type="way" ref="277231651" role=""/>
  <member type="way" ref="277231649" role="forward"/>
  <member type="way" ref="1092211559" role="forward"/>
  <member type="way" ref="1092211558" role="forward"/>
  <member type="way" ref="1092211561" role="forward"/>
  <member type="way" ref="1092211560" role="forward"/>
  <member type="way" ref="44849433" role="forward"/>
  <member type="way" ref="162009497" role=""/>
  <member type="way" ref="20094113" role=""/>
  <member type="way" ref="44415967" role=""/>
  <member type="way" ref="20116280" role=""/>
  <member type="way" ref="1236509928" role=""/>
  <member type="way" ref="1236509927" role=""/>
  <member type="way" ref="1283734017" role=""/>
  <member type="way" ref="1283734018" role=""/>
  <member type="way" ref="20115606" role=""/>
  <member type="way" ref="20117082" role=""/>
  <member type="way" ref="1236509926" role=""/>
  <member type="way" ref="20120491" role=""/>
  <member type="way" ref="232400179" role=""/>
  <member type="way" ref="232400178" role=""/>
  <member type="way" ref="20116243" role=""/>
  <member type="way" ref="20117482" role=""/>
  <member type="way" ref="1019780576" role=""/>
  <member type="way" ref="20117278" role=""/>
  <member type="way" ref="1019780577" role=""/>
  <member type="way" ref="1019780578" role=""/>
  <member type="way" ref="20117867" role=""/>
  <member type="way" ref="20117280" role=""/>
  <member type="way" ref="20116285" role=""/>
  <member type="way" ref="1019780579" role=""/>
  <member type="way" ref="20117307" role=""/>
  <member type="way" ref="20118402" role=""/>
  <member type="way" ref="44838315" role=""/>
  <member type="way" ref="1019780580" role=""/>
  <member type="way" ref="1019780581" role=""/>
  <member type="way" ref="244408140" role=""/>
  <member type="way" ref="20115954" role=""/>
  <member type="way" ref="20116265" role=""/>
  <member type="way" ref="20117478" role=""/>
  <member type="way" ref="20117479" role=""/>
  <member type="way" ref="44838314" role=""/>
  <member type="way" ref="20117480" role=""/>
  <member type="way" ref="55324131" role=""/>
  <member type="way" ref="55324130" role="forward"/>
  <member type="way" ref="944281787" role="forward"/>
  <member type="way" ref="181033360" role="forward"/>
  <member type="way" ref="944281783" role="forward"/>
  <member type="way" ref="181033357" role=""/>
  <member type="way" ref="20116239" role=""/>
  <member type="way" ref="181033361" role=""/>
  <member type="way" ref="1182149654" role=""/>
  <member type="way" ref="118714465" role=""/>
  <member type="way" ref="1026237570" role=""/>
  <member type="way" ref="845994378" role=""/>
  <member type="way" ref="1026237564" role=""/>
  <member type="way" ref="118714391" role=""/>
  <member type="way" ref="44838308" role=""/>
  <member type="way" ref="20116268" role="forward"/>
  <member type="way" ref="181033359" role="forward"/>
  <member type="way" ref="118714482" role="forward"/>
  <member type="way" ref="1225561305" role="forward"/>
  <member type="way" ref="1225561303" role="forward"/>
  <member type="way" ref="55324133" role="forward"/>
  <member type="way" ref="1225561304" role="forward"/>
  <member type="way" ref="1225561302" role="forward"/>
  <member type="way" ref="1026237571" role="forward"/>
  <member type="way" ref="20116247" role="forward"/>
  <member type="way" ref="1124725488" role="forward"/>
  <member type="way" ref="44627050" role="forward"/>
  <member type="way" ref="1223319524" role="forward"/>
  <member type="way" ref="20117872" role="forward"/>
  <member type="way" ref="20116252" role="forward"/>
  <member type="way" ref="251460145" role="forward"/>
  <member type="way" ref="1026237574" role="forward"/>
  <member type="way" ref="55400379" role="forward"/>
  <member type="way" ref="1176743362" role="forward"/>
  <member type="way" ref="1176743363" role="forward"/>
  <member type="way" ref="1176700612" role="forward"/>
  <member type="way" ref="55400381" role="forward"/>
  <member type="way" ref="20117868" role="forward"/>
  <member type="way" ref="20116286" role="forward"/>
  <member type="way" ref="847097347" role="forward"/>
  <member type="way" ref="44627053" role="forward"/>
  <member type="way" ref="180900609" role="forward"/>
  <member type="way" ref="20115619" role="forward"/>
  <member type="way" ref="1026237563" role="forward"/>
  <member type="way" ref="181033358" role="forward"/>
  <member type="way" ref="20117088" role=""/>
  <member type="way" ref="20117279" role=""/>
  <member type="way" ref="54580201" role=""/>
  <member type="way" ref="20115636" role="forward"/>
  <member type="way" ref="118714396" role="forward"/>
  <member type="way" ref="180900612" role="forward"/>
  <member type="way" ref="856881692" role="forward"/>
  <member type="way" ref="20116245" role="forward"/>
  <member type="way" ref="915139981" role="forward"/>
  <member type="way" ref="5643788" role="forward"/>
  <member type="way" ref="54580196" role="forward"/>
  <member type="way" ref="915139983" role="forward"/>
  <member type="way" ref="20116293" role="forward"/>
  <member type="way" ref="54580198" role="forward"/>
  <member type="way" ref="180900615" role="forward"/>
  <member type="way" ref="118714160" role="forward"/>
  <member type="way" ref="91256270" role="forward"/>
  <member type="way" ref="322556750" role="forward"/>
  <member type="way" ref="322556748" role="forward"/>
  <member type="way" ref="180900607" role="forward"/>
  <member type="way" ref="418437147" role=""/>
  <member type="way" ref="944281794" role=""/>
  <member type="way" ref="944281796" role=""/>
  <member type="way" ref="180900600" role=""/>
  <member type="way" ref="915139985" role=""/>
  <member type="way" ref="915139987" role=""/>
  <member type="way" ref="44627048" role="forward"/>
  <member type="way" ref="180900602" role="forward"/>
  <member type="way" ref="322556749" role="forward"/>
  <member type="way" ref="118714224" role=""/>
  <member type="way" ref="669264690" role=""/>
  <member type="way" ref="669264687" role=""/>
  <member type="way" ref="413175747" role=""/>
  <member type="way" ref="55433837" role=""/>
  <member type="way" ref="5643994" role=""/>
  <member type="way" ref="55433846" role=""/>
  <member type="way" ref="44989939" role=""/>
  <member type="way" ref="669411798" role=""/>
  <member type="way" ref="1423038402" role=""/>
  <member type="way" ref="682661484" role=""/>
  <member type="way" ref="1186046465" role=""/>
  <member type="way" ref="163126095" role=""/>
  <member type="way" ref="682661486" role=""/>
  <member type="way" ref="1186046466" role=""/>
  <member type="way" ref="1421990437" role=""/>
  <member type="way" ref="5645430" role=""/>
  <member type="way" ref="37757897" role=""/>
  <member type="way" ref="5647980" role=""/>
  <member type="way" ref="37867009" role=""/>
  <member type="way" ref="55492420" role=""/>
  <member type="way" ref="1381464612" role=""/>
  <member type="way" ref="1381464611" role=""/>
  <member type="way" ref="1411384137" role=""/>
  <member type="way" ref="1421668972" role=""/>
  <member type="way" ref="43550285" role=""/>
  <member type="way" ref="1421508240" role=""/>
  <member type="way" ref="120988114" role=""/>
  <member type="way" ref="682670658" role=""/>
  <member type="way" ref="1409189671" role=""/>
  <member type="way" ref="44159862" role=""/>
  <member type="way" ref="139733083" role=""/>
  <member type="way" ref="669392343" role=""/>
  <member type="way" ref="1417194944" role=""/>
  <member type="way" ref="139733080" role=""/>
  <member type="way" ref="1418350662" role=""/>
  <member type="way" ref="1418357787" role=""/>
  <member type="way" ref="669411812" role=""/>
  <member type="way" ref="133920288" role=""/>
  <member type="way" ref="1412156344" role=""/>
  <member type="way" ref="1412156343" role=""/>
  <member type="way" ref="1388480966" role=""/>
  <member type="way" ref="669411807" role=""/>
  <member type="way" ref="1389721125" role=""/>
  <member type="way" ref="682690542" role=""/>
  <member type="way" ref="1410112331" role=""/>
  <member type="way" ref="1410112332" role=""/>
  <member type="way" ref="1410112330" role=""/>
  <member type="way" ref="682690541" role=""/>
  <member type="way" ref="1418590696" role=""/>
  <member type="way" ref="1418590697" role=""/>
  <member type="way" ref="1421739739" role=""/>
  <member type="way" ref="68297083" role=""/>
  <member type="way" ref="1423790799" role=""/>
  <member type="way" ref="1423265207" role=""/>
  <member type="way" ref="1423265206" role=""/>
  <member type="way" ref="1410037112" role=""/>
  <member type="way" ref="139260233" role=""/>
  <member type="way" ref="42782933" role=""/>
  <member type="way" ref="1409647868" role=""/>
  <member type="way" ref="1421966662" role=""/>
  <member type="way" ref="1421966664" role=""/>
  <member type="way" ref="1421966663" role=""/>
  <member type="way" ref="1423000437" role=""/>
  <member type="way" ref="1423001972" role=""/>
  <member type="way" ref="1423000439" role=""/>
  <member type="way" ref="1423000438" role=""/>
  <member type="way" ref="1422996495" role=""/>
  <member type="way" ref="1423244253" role=""/>
  <member type="way" ref="1422996496" role=""/>
  <member type="way" ref="1423709821" role=""/>
  <member type="way" ref="1423709822" role=""/>
  <member type="way" ref="1423709823" role=""/>
  <member type="way" ref="1423811283" role=""/>
  <member type="way" ref="42782932" role=""/>
  <member type="way" ref="1423792602" role=""/>
  <member type="way" ref="1423792601" role=""/>
  <member type="way" ref="1423243285" role=""/>
  <member type="way" ref="1423243284" role=""/>
  <member type="way" ref="136372904" role=""/>
  <member type="way" ref="1421684945" role=""/>
  <member type="way" ref="1421684944" role=""/>
  <member type="way" ref="55492419" role=""/>
  <member type="way" ref="1421679310" role=""/>
  <member type="way" ref="1421706421" role=""/>
  <member type="way" ref="1421679311" role=""/>
  <member type="way" ref="136372903" role=""/>
  <member type="way" ref="146117022" role=""/>
  <member type="way" ref="1421993465" role=""/>
  <member type="way" ref="1370431730" role=""/>
  <member type="way" ref="1370431727" role=""/>
  <member type="way" ref="1420330259" role=""/>
  <member type="way" ref="1420330260" role=""/>
  <member type="way" ref="1420330261" role=""/>
  <member type="way" ref="1370431729" role=""/>
  <member type="way" ref="543060291" role=""/>
  <member type="way" ref="669255379" role=""/>
  <member type="way" ref="1421680963" role=""/>
  <member type="way" ref="129479107" role=""/>
  <member type="way" ref="1411753334" role=""/>
  <member type="way" ref="1157416102" role=""/>
  <member type="way" ref="1157416106" role=""/>
  <member type="way" ref="1157416105" role=""/>
  <member type="way" ref="1162096551" role=""/>
  <member type="way" ref="1411753335" role=""/>
  <member type="way" ref="1162096552" role=""/>
  <member type="way" ref="1417205244" role=""/>
  <member type="way" ref="1157416107" role=""/>
  <member type="way" ref="1157416109" role=""/>
  <member type="way" ref="1157416108" role=""/>
  <member type="way" ref="1413418362" role=""/>
  <member type="way" ref="669255365" role=""/>
  <member type="way" ref="543060293" role=""/>
  <member type="way" ref="557500598" role=""/>
  <member type="way" ref="1411388743" role=""/>
  <member type="way" ref="1411388744" role=""/>
  <member type="way" ref="1411388742" role=""/>
  <member type="way" ref="1408280120" role=""/>
  <member type="way" ref="1408280118" role=""/>
  <member type="way" ref="1408280121" role=""/>
  <member type="way" ref="1411158050" role=""/>
  <member type="way" ref="1411158051" role=""/>
  <member type="way" ref="1408280119" role=""/>
  <member type="way" ref="1395898050" role=""/>
  <member type="way" ref="1395898049" role=""/>
  <member type="way" ref="758607092" role=""/>
  <member type="way" ref="1396175074" role=""/>
  <member type="way" ref="1396175075" role=""/>
  <member type="way" ref="1396175076" role=""/>
  <member type="way" ref="142659999" role=""/>
  <member type="way" ref="1396175073" role=""/>
  <member type="way" ref="1396175070" role=""/>
  <member type="way" ref="1396175077" role=""/>
  <member type="way" ref="1396175078" role=""/>
  <member type="way" ref="1391516601" role=""/>
  <member type="way" ref="1374897576" role=""/>
  <member type="way" ref="1374897577" role=""/>
  <member type="way" ref="1374897578" role=""/>
  <member type="way" ref="1374897575" role=""/>
  <member type="way" ref="1374897579" role=""/>
  <member type="way" ref="142660005" role=""/>
  <member type="way" ref="142660006" role=""/>
  <member type="way" ref="1374897580" role=""/>
  <member type="way" ref="1392256536" role=""/>
  <member type="way" ref="142660003" role=""/>
  <member type="way" ref="138100325" role=""/>
  <member type="way" ref="142660004" role=""/>
  <member type="way" ref="1389231743" role=""/>
  <member type="way" ref="1063115019" role=""/>
  <member type="way" ref="44681440" role=""/>
  <member type="way" ref="86502014" role=""/>
  <member type="way" ref="1150125760" role=""/>
  <member type="way" ref="1150125761" role=""/>
  <member type="way" ref="86502015" role=""/>
  <member type="way" ref="86502018" role=""/>
  <member type="way" ref="1216395700" role=""/>
  <member type="way" ref="1216395701" role=""/>
  <member type="way" ref="1216395699" role=""/>
  <member type="way" ref="1216395702" role=""/>
  <member type="way" ref="669255445" role=""/>
  <member type="way" ref="1389840327" role=""/>
  <member type="way" ref="1391560285" role=""/>
  <member type="way" ref="1435007486" role=""/>
  <member type="way" ref="1391560286" role=""/>
  <member type="way" ref="110688042" role=""/>
  <member type="way" ref="1443632887" role=""/>
  <member type="way" ref="1443632886" role=""/>
  <member type="way" ref="1188523146" role=""/>
  <member type="way" ref="1188523147" role=""/>
  <member type="way" ref="139260074" role=""/>
  <member type="way" ref="1374464821" role=""/>
  <member type="way" ref="1390402475" role=""/>
  <member type="way" ref="1390402474" role=""/>
  <member type="way" ref="1390402473" role=""/>
  <member type="way" ref="1368222944" role=""/>
  <member type="way" ref="1533497907" role=""/>
  <member type="way" ref="37751455" role=""/>
  <member type="way" ref="1533497904" role=""/>
  <member type="way" ref="669392463" role=""/>
  <member type="way" ref="1388943205" role=""/>
  <member type="way" ref="649576294" role=""/>
  <member type="way" ref="1388940615" role=""/>
  <member type="way" ref="1376673080" role=""/>
  <member type="way" ref="1376673079" role=""/>
  <member type="way" ref="1389550478" role=""/>
  <member type="way" ref="1376673081" role=""/>
  <member type="way" ref="1376673082" role=""/>
  <member type="way" ref="1133249648" role=""/>
  <member type="way" ref="1133249642" role=""/>
  <member type="way" ref="1133249641" role=""/>
  <member type="way" ref="139260071" role=""/>
  <member type="way" ref="110154451" role=""/>
  <member type="way" ref="110154448" role=""/>
  <member type="way" ref="1388527640" role=""/>
  <member type="way" ref="1388527641" role=""/>
  <member type="way" ref="1495843655" role=""/>
  <member type="way" ref="1495843656" role=""/>
  <member type="way" ref="669255401" role=""/>
  <member type="way" ref="669255383" role=""/>
  <member type="way" ref="669255400" role=""/>
  <member type="way" ref="1388468901" role=""/>
  <member type="way" ref="1388468902" role=""/>
  <member type="way" ref="1388145836" role=""/>
  <member type="way" ref="1366377257" role=""/>
  <member type="way" ref="1365979324" role=""/>
  <member type="way" ref="1365979325" role=""/>
  <member type="way" ref="37927263" role=""/>
  <member type="way" ref="669392464" role=""/>
  <member type="way" ref="669392398" role=""/>
  <member type="way" ref="5566854" role="forward"/>
  <member type="way" ref="25533293" role="forward"/>
  <member type="way" ref="37751213" role="forward"/>
  <member type="way" ref="516224391" role=""/>
  <member type="way" ref="5587241" role=""/>
  <member type="way" ref="35926591" role=""/>
  <member type="way" ref="44507216" role="forward"/>
  <member type="way" ref="669608277" role="forward"/>
  <member type="way" ref="33904608" role="forward"/>
  <member type="way" ref="35926401" role="forward"/>
  <member type="way" ref="33904607" role="forward"/>
  <member type="way" ref="35926400" role="forward"/>
  <member type="way" ref="669608276" role="forward"/>
  <member type="way" ref="5579124" role=""/>
  <member type="way" ref="319337750" role=""/>
  <member type="way" ref="669246259" role=""/>
  <member type="way" ref="319339395" role=""/>
  <member type="way" ref="36835648" role=""/>
  <member type="way" ref="68228900" role=""/>
  <member type="way" ref="68228906" role=""/>
  <member type="way" ref="5578577" role=""/>
  <member type="way" ref="1463023594" role=""/>
  <member type="way" ref="1002497123" role=""/>
  <member type="way" ref="1463023595" role=""/>
  <member type="way" ref="1002500417" role=""/>
  <member type="way" ref="1176700613" role="forward"/>
  <tag k="description" v="NY 5"/>
  <tag k="is_in:state" v="NY"/>
  <tag k="network" v="US:NY"/>
  <tag k="ref" v="5"/>
  <tag k="route" v="road"/>
  <tag k="symbol" v="http://en.wikipedia.org/wiki/File:NY-5.svg"/>
  <tag k="type" v="route"/>
  <tag k="wikidata" v="Q2485885"/>
  <tag k="wikipedia" v="en:New York State Route 5"/>
 </relation>
 <relation id="539833" visible="true" version="202" changeset="186659154" timestamp="2026-07-30T17:48:46Z" user="that_maifa" uid="24331801">
  <member type="way" ref="803031185" role=""/>
  <member type="way" ref="803031182" role=""/>
  <member type="way" ref="803031181" role=""/>
  <member type="way" ref="803031186" role=""/>
  <member type="way" ref="70046854" role=""/>
  <member type="way" ref="70051263" role=""/>
  <member type="way" ref="670270611" role=""/>
  <member type="way" ref="164256371" role=""/>
  <member type="way" ref="135471861" role=""/>
  <member type="way" ref="366778191" role=""/>
  <member type="way" ref="164418117" role=""/>
  <member type="way" ref="31304430" role=""/>
  <member type="way" ref="366778189" role=""/>
  <member type="way" ref="366761343" role=""/>
  <member type="way" ref="98830813" role=""/>
  <member type="way" ref="164250652" role=""/>
  <member type="way" ref="550822733" role=""/>
  <member type="way" ref="164250647" role=""/>
  <member type="way" ref="53192347" role=""/>
  <member type="way" ref="23730487" role=""/>
  <member type="way" ref="1305292207" role=""/>
  <member type="way" ref="1308986071" role=""/>
  <member type="way" ref="1308986070" role=""/>
  <member type="way" ref="89530318" role=""/>
  <member type="way" ref="1308986069" role=""/>
  <member type="way" ref="1308986068" role=""/>
  <member type="way" ref="1308986067" role=""/>
  <member type="way" ref="1308986066" role=""/>
  <member type="way" ref="1308986065" role=""/>
  <member type="way" ref="1289225530" role=""/>
  <member type="way" ref="1308989954" role=""/>
  <member type="way" ref="1077566975" role=""/>
  <member type="way" ref="1289225534" role=""/>
  <member type="way" ref="434311110" role=""/>
  <member type="way" ref="1223974370" role=""/>
  <member type="way" ref="87275986" role=""/>
  <member type="way" ref="1223974369" role=""/>
  <member type="way" ref="1305292208" role=""/>
  <member type="way" ref="164250615" role=""/>
  <member type="way" ref="173343094" role=""/>
  <member type="way" ref="770097093" role=""/>
  <member type="way" ref="1240842396" role=""/>
  <member type="way" ref="437078144" role=""/>
  <member type="way" ref="437078143" role=""/>
  <member type="way" ref="173343096" role=""/>
  <member type="way" ref="173343095" role=""/>
  <member type="way" ref="173343097" role=""/>
  <member type="way" ref="228772778" role=""/>
  <member type="way" ref="173343102" role=""/>
  <member type="way" ref="133943373" role=""/>
  <member type="way" ref="140465969" role=""/>
  <member type="way" ref="1261368889" role=""/>
  <member type="way" ref="1261368891" role=""/>
  <member type="way" ref="1261368890" role=""/>
  <member type="way" ref="1261368888" role=""/>
  <member type="way" ref="1261368892" role=""/>
  <member type="way" ref="1305493689" role=""/>
  <member type="way" ref="164427951" role=""/>
  <member type="way" ref="164427911" role=""/>
  <member type="way" ref="164427947" role=""/>
  <member type="way" ref="164427926" role=""/>
  <member type="way" ref="164427930" role=""/>
  <member type="way" ref="164427932" role=""/>
  <member type="way" ref="164427948" role=""/>
  <member type="way" ref="164427924" role=""/>
  <member type="way" ref="164427938" role=""/>
  <member type="way" ref="164427927" role=""/>
  <member type="way" ref="784036279" role=""/>
  <member type="way" ref="784036277" role=""/>
  <member type="way" ref="1305648468" role=""/>
  <member type="way" ref="164427945" role=""/>
  <member type="way" ref="1305648467" role=""/>
  <member type="way" ref="1305648466" role=""/>
  <member type="way" ref="164427929" role=""/>
  <member type="way" ref="164427943" role=""/>
  <member type="way" ref="164427937" role=""/>
  <member type="way" ref="600760827" role=""/>
  <member type="way" ref="197683451" role=""/>
  <member type="way" ref="1282512005" role=""/>
  <member type="way" ref="1282512004" role=""/>
  <member type="way" ref="164427942" role=""/>
  <member type="way" ref="164427922" role=""/>
  <member type="way" ref="164427921" role=""/>
  <member type="way" ref="164427914" role=""/>
  <member type="way" ref="425392751" role=""/>
  <member type="way" ref="1456535049" role=""/>
  <member type="way" ref="1305549200" role=""/>
  <member type="way" ref="1305549199" role=""/>
  <member type="way" ref="1271232955" role=""/>
  <member type="way" ref="1271232954" role=""/>
  <member type="way" ref="197683450" role=""/>
  <member type="way" ref="436332752" role=""/>
  <member type="way" ref="436332755" role=""/>
  <member type="way" ref="253272231" role=""/>
  <member type="way" ref="426317650" role=""/>
  <member type="way" ref="426317653" role=""/>
  <member type="way" ref="1087725999" role=""/>
  <member type="way" ref="1087725998" role=""/>
  <member type="way" ref="253272232" role=""/>
  <member type="way" ref="685519520" role=""/>
  <member type="way" ref="1266810011" role=""/>
  <member type="way" ref="1266810012" role=""/>
  <member type="way" ref="1266810014" role=""/>
  <member type="way" ref="1266810013" role=""/>
  <member type="way" ref="1422081830" role=""/>
  <member type="way" ref="1422081832" role=""/>
  <member type="way" ref="1422081831" role=""/>
  <member type="way" ref="1422081833" role=""/>
  <member type="way" ref="685519521" role=""/>
  <member type="way" ref="1266809987" role=""/>
  <member type="way" ref="899638440" role=""/>
  <member type="way" ref="164427946" role=""/>
  <member type="way" ref="1266809994" role=""/>
  <member type="way" ref="1237095199" role=""/>
  <member type="way" ref="1237095200" role=""/>
  <member type="way" ref="1237095201" role=""/>
  <member type="way" ref="1237095198" role=""/>
  <member type="way" ref="216269297" role=""/>
  <member type="way" ref="216269296" role=""/>
  <member type="way" ref="146999165" role=""/>
  <member type="way" ref="164427928" role=""/>
  <member type="way" ref="164427952" role=""/>
  <member type="way" ref="164427915" role=""/>
  <member type="way" ref="164427920" role=""/>
  <member type="way" ref="164427933" role=""/>
  <member type="way" ref="164427953" role=""/>
  <member type="way" ref="165202350" role=""/>
  <member type="way" ref="221666417" role=""/>
  <member type="way" ref="221666416" role=""/>
  <member type="way" ref="567990871" role=""/>
  <member type="way" ref="327171100" role=""/>
  <member type="way" ref="173516074" role=""/>
  <member type="way" ref="319126653" role=""/>
  <member type="way" ref="221358842" role=""/>
  <member type="way" ref="221358840" role=""/>
  <member type="way" ref="221358841" role=""/>
  <member type="way" ref="344565439" role=""/>
  <member type="way" ref="1336636162" role=""/>
  <member type="way" ref="1336636161" role=""/>
  <member type="way" ref="173516075" role=""/>
  <member type="way" ref="1368646107" role=""/>
  <member type="way" ref="1368646112" role=""/>
  <member type="way" ref="541982401" role=""/>
  <member type="way" ref="1445729981" role=""/>
  <member type="way" ref="1175231338" role=""/>
  <member type="way" ref="221923217" role=""/>
  <member type="way" ref="97100899" role=""/>
  <member type="way" ref="97100870" role=""/>
  <member type="way" ref="221923218" role=""/>
  <member type="way" ref="97523013" role=""/>
  <member type="way" ref="354071316" role=""/>
  <member type="way" ref="295893011" role=""/>
  <member type="way" ref="295893009" role=""/>
  <member type="way" ref="295893010" role=""/>
  <member type="way" ref="295893007" role=""/>
  <member type="way" ref="295893008" role=""/>
  <member type="way" ref="108285051" role=""/>
  <member type="way" ref="173103430" role=""/>
  <member type="way" ref="1305502844" role=""/>
  <member type="way" ref="1305502845" role=""/>
  <member type="way" ref="164427949" role=""/>
  <member type="way" ref="83904922" role=""/>
  <member type="way" ref="83901045" role=""/>
  <member type="way" ref="83901038" role=""/>
  <member type="way" ref="161299873" role=""/>
  <member type="way" ref="1387829161" role=""/>
  <member type="way" ref="1387829162" role=""/>
  <member type="way" ref="1419488096" role=""/>
  <member type="way" ref="1419488097" role=""/>
  <member type="way" ref="161299874" role=""/>
  <member type="way" ref="222370500" role=""/>
  <member type="way" ref="1419488135" role=""/>
  <member type="way" ref="1419488136" role=""/>
  <member type="way" ref="1419488137" role=""/>
  <member type="way" ref="1419488138" role=""/>
  <member type="way" ref="1419488139" role=""/>
  <member type="way" ref="1419488140" role=""/>
  <member type="way" ref="222370499" role=""/>
  <member type="way" ref="1419488142" role=""/>
  <member type="way" ref="1419488141" role=""/>
  <member type="way" ref="218989789" role=""/>
  <member type="way" ref="1419488121" role=""/>
  <member type="way" ref="1419488124" role=""/>
  <member type="way" ref="1419488123" role=""/>
  <member type="way" ref="1419488122" role=""/>
  <member type="way" ref="1419488119" role=""/>
  <member type="way" ref="1419488120" role=""/>
  <member type="way" ref="218989790" role=""/>
  <member type="way" ref="1419488116" role=""/>
  <member type="way" ref="1419488115" role=""/>
  <member type="way" ref="1419488113" role=""/>
  <member type="way" ref="1419488112" role=""/>
  <member type="way" ref="288230533" role=""/>
  <member type="way" ref="288230532" role=""/>
  <member type="way" ref="1419488111" role=""/>
  <member type="way" ref="1419488125" role=""/>
  <member type="way" ref="1047493815" role=""/>
  <member type="way" ref="1047493814" role=""/>
  <member type="way" ref="295762346" role=""/>
  <member type="way" ref="295762347" role=""/>
  <member type="way" ref="1419488128" role=""/>
  <member type="way" ref="1419488127" role=""/>
  <member type="way" ref="83928204" role=""/>
  <member type="way" ref="53830117" role=""/>
  <member type="way" ref="1419488130" role=""/>
  <member type="way" ref="1419488129" role=""/>
  <member type="way" ref="253130041" role=""/>
  <member type="way" ref="1419488103" role=""/>
  <member type="way" ref="1419488104" role=""/>
  <member type="way" ref="1419488131" role=""/>
  <member type="way" ref="1419488132" role=""/>
  <member type="way" ref="1419488133" role=""/>
  <member type="way" ref="1419488134" role=""/>
  <member type="way" ref="1419488105" role=""/>
  <member type="way" ref="1419488106" role=""/>
  <member type="way" ref="173516073" role=""/>
  <member type="way" ref="164880277" role=""/>
  <member type="way" ref="164267487" role=""/>
  <member type="way" ref="164267488" role=""/>
  <member type="way" ref="164256370" role=""/>
  <member type="way" ref="1419488146" role=""/>
  <member type="way" ref="1419488145" role=""/>
  <member type="way" ref="1419488147" role=""/>
  <member type="way" ref="1419488148" role=""/>
  <member type="way" ref="1419488144" role=""/>
  <member type="way" ref="1419488143" role=""/>
  <member type="way" ref="97567043" role=""/>
  <member type="way" ref="442376429" role=""/>
  <member type="way" ref="442376430" role=""/>
  <member type="way" ref="1147499238" role=""/>
  <member type="way" ref="1147499237" role=""/>
  <member type="way" ref="442379486" role=""/>
  <member type="way" ref="442379485" role=""/>
  <member type="way" ref="164420547" role=""/>
  <member type="way" ref="167393770" role=""/>
  <member type="way" ref="167393771" role=""/>
  <member type="way" ref="68294446" role=""/>
  <member type="way" ref="936755967" role=""/>
  <member type="way" ref="936755966" role=""/>
  <member type="way" ref="1213657152" role=""/>
  <member type="way" ref="319611350" role=""/>
  <member type="way" ref="167393774" role=""/>
  <member type="way" ref="1391642333" role=""/>
  <member type="way" ref="770772309" role=""/>
  <member type="way" ref="1413978679" role=""/>
  <member type="way" ref="164420502" role=""/>
  <member type="way" ref="177720465" role=""/>
  <member type="way" ref="177720466" role=""/>
  <member type="way" ref="164420497" role=""/>
  <member type="way" ref="164420503" role=""/>
  <member type="way" ref="164420492" role=""/>
  <member type="way" ref="164420540" role=""/>
  <member type="way" ref="164420496" role=""/>
  <member type="way" ref="164420539" role=""/>
  <member type="way" ref="172946240" role=""/>
  <member type="way" ref="172946241" role=""/>
  <member type="way" ref="91009244" role=""/>
  <member type="way" ref="164420504" role=""/>
  <member type="way" ref="164420532" role=""/>
  <member type="way" ref="164420512" role=""/>
  <member type="way" ref="164420534" role=""/>
  <member type="way" ref="164420541" role=""/>
  <member type="way" ref="45105337" role=""/>
  <member type="way" ref="1462614469" role=""/>
  <member type="way" ref="20117729" role=""/>
  <member type="way" ref="164420546" role=""/>
  <member type="way" ref="1120878793" role=""/>
  <member type="way" ref="1120878792" role=""/>
  <member type="way" ref="321516729" role=""/>
  <member type="way" ref="321516730" role=""/>
  <member type="way" ref="321516728" role=""/>
  <member type="way" ref="321516732" role=""/>
  <member type="way" ref="321516739" role=""/>
  <member type="way" ref="321516731" role=""/>
  <member type="way" ref="900202803" role=""/>
  <member type="way" ref="321516733" role=""/>
  <member type="way" ref="900202775" role=""/>
  <member type="way" ref="848537693" role=""/>
  <member type="way" ref="900202810" role=""/>
  <member type="way" ref="900202811" role=""/>
  <member type="way" ref="900202812" role=""/>
  <member type="way" ref="900202809" role=""/>
  <member type="way" ref="900202808" role=""/>
  <member type="way" ref="900202807" role=""/>
  <member type="way" ref="848537696" role=""/>
  <member type="way" ref="848537695" role=""/>
  <member type="way" ref="172668108" role=""/>
  <member type="way" ref="724609210" role=""/>
  <member type="way" ref="172668111" role=""/>
  <member type="way" ref="724609209" role=""/>
  <member type="way" ref="164420518" role=""/>
  <member type="way" ref="164420511" role=""/>
  <member type="way" ref="164420505" role=""/>
  <member type="way" ref="164420508" role=""/>
  <member type="way" ref="1419877448" role=""/>
  <member type="way" ref="164420544" role=""/>
  <member type="way" ref="1488994821" role=""/>
  <member type="way" ref="164420524" role=""/>
  <member type="way" ref="164420523" role=""/>
  <member type="way" ref="164420530" role=""/>
  <member type="way" ref="890512457" role=""/>
  <member type="way" ref="890512458" role=""/>
  <member type="way" ref="164420501" role=""/>
  <member type="way" ref="164420516" role=""/>
  <member type="way" ref="164420543" role=""/>
  <member type="way" ref="164420538" role=""/>
  <member type="way" ref="172668110" role=""/>
  <member type="way" ref="172668107" role=""/>
  <member type="way" ref="172668109" role=""/>
  <member type="way" ref="1307853688" role=""/>
  <member type="way" ref="1307853687" role=""/>
  <member type="way" ref="1189724235" role=""/>
  <member type="way" ref="164420528" role=""/>
  <member type="way" ref="164420506" role=""/>
  <member type="way" ref="164420527" role=""/>
  <member type="way" ref="1189724233" role=""/>
  <member type="way" ref="1189724234" role=""/>
  <member type="way" ref="319337751" role=""/>
  <member type="way" ref="682670659" role=""/>
  <member type="way" ref="624774942" role=""/>
  <member type="way" ref="44159861" role=""/>
  <member type="way" ref="1391301531" role=""/>
  <member type="way" ref="1391301530" role=""/>
  <member type="way" ref="1391511426" role=""/>
  <member type="way" ref="1391511427" role=""/>
  <member type="way" ref="1500114873" role=""/>
  <member type="way" ref="1368959557" role=""/>
  <member type="way" ref="1409149918" role=""/>
  <member type="way" ref="1409149917" role=""/>
  <member type="way" ref="1395955533" role=""/>
  <member type="way" ref="1395955534" role=""/>
  <member type="way" ref="1395955532" role=""/>
  <member type="way" ref="1410302144" role=""/>
  <member type="way" ref="435853202" role=""/>
  <member type="way" ref="1409162387" role=""/>
  <member type="way" ref="435853203" role=""/>
  <member type="way" ref="1409162386" role=""/>
  <member type="way" ref="669392341" role=""/>
  <member type="way" ref="435853204" role=""/>
  <member type="way" ref="1370252754" role=""/>
  <member type="way" ref="1371997307" role=""/>
  <member type="way" ref="507148943" role=""/>
  <member type="way" ref="792365607" role=""/>
  <member type="way" ref="164420537" role=""/>
  <member type="way" ref="507148952" role=""/>
  <member type="way" ref="1193637952" role=""/>
  <member type="way" ref="92995134" role=""/>
  <member type="way" ref="164420522" role=""/>
  <member type="way" ref="164420519" role=""/>
  <member type="way" ref="164420515" role=""/>
  <member type="way" ref="164420542" role=""/>
  <member type="way" ref="514903022" role=""/>
  <member type="way" ref="514903019" role=""/>
  <member type="way" ref="164280107" role=""/>
  <member type="way" ref="164420513" role=""/>
  <member type="way" ref="164280098" role=""/>
  <member type="way" ref="164280104" role=""/>
  <member type="way" ref="164280117" role=""/>
  <member type="way" ref="514903016" role=""/>
  <member type="way" ref="164280120" role=""/>
  <member type="way" ref="164280097" role=""/>
  <member type="way" ref="164280106" role=""/>
  <member type="way" ref="164280116" role=""/>
  <member type="way" ref="164280093" role=""/>
  <member type="way" ref="171844512" role=""/>
  <member type="way" ref="171844510" role=""/>
  <member type="way" ref="171844506" role=""/>
  <member type="way" ref="171844509" role=""/>
  <member type="way" ref="171844507" role=""/>
  <member type="way" ref="171844511" role=""/>
  <member type="way" ref="171844514" role=""/>
  <member type="way" ref="164280115" role=""/>
  <member type="way" ref="164280090" role=""/>
  <member type="way" ref="171844508" role=""/>
  <member type="way" ref="171844513" role=""/>
  <member type="way" ref="1308381450" role=""/>
  <member type="way" ref="1308381449" role=""/>
  <member type="way" ref="1308381448" role=""/>
  <member type="way" ref="164280102" role=""/>
  <member type="way" ref="164280113" role=""/>
  <member type="way" ref="164280100" role=""/>
  <member type="way" ref="1308381447" role=""/>
  <member type="way" ref="103324095" role=""/>
  <member type="way" ref="1308381446" role=""/>
  <member type="way" ref="1308381445" role=""/>
  <member type="way" ref="164280094" role=""/>
  <member type="way" ref="164280108" role=""/>
  <member type="way" ref="164280095" role=""/>
  <member type="way" ref="164280099" role=""/>
  <member type="way" ref="164280111" role=""/>
  <member type="way" ref="103324081" role=""/>
  <member type="way" ref="1280975901" role=""/>
  <member type="way" ref="1308381139" role=""/>
  <member type="way" ref="1308380860" role=""/>
  <member type="way" ref="5578947" role=""/>
  <member type="way" ref="164280088" role=""/>
  <member type="way" ref="164280118" role=""/>
  <member type="way" ref="95596859" role=""/>
  <member type="way" ref="164280103" role=""/>
  <member type="way" ref="164280112" role=""/>
  <member type="way" ref="95643472" role=""/>
  <member type="way" ref="164420517" role=""/>
  <member type="way" ref="164420529" role=""/>
  <member type="way" ref="122209369" role=""/>
  <member type="way" ref="164280109" role=""/>
  <member type="way" ref="164280096" role=""/>
  <member type="way" ref="102084868" role=""/>
  <member type="way" ref="164427935" role=""/>
  <member type="way" ref="164427931" role=""/>
  <member type="way" ref="120745756" role=""/>
  <member type="way" ref="164420514" role=""/>
  <member type="way" ref="164420536" role=""/>
  <member type="way" ref="164420525" role=""/>
  <member type="way" ref="164420507" role=""/>
  <member type="way" ref="164420509" role=""/>
  <member type="way" ref="164420526" role=""/>
  <member type="way" ref="164420520" role=""/>
  <member type="way" ref="164420521" role=""/>
  <member type="way" ref="164420510" role=""/>
  <member type="way" ref="442379484" role=""/>
  <member type="way" ref="164427925" role=""/>
  <member type="way" ref="164427944" role=""/>
  <member type="way" ref="164427939" role=""/>
  <member type="way" ref="164427918" role=""/>
  <member type="way" ref="164427936" role=""/>
  <member type="way" ref="164427919" role=""/>
  <member type="way" ref="164427940" role=""/>
  <member type="way" ref="164427916" role=""/>
  <member type="way" ref="164427923" role=""/>
  <member type="way" ref="164427917" role=""/>
  <member type="way" ref="164427941" role=""/>
  <member type="way" ref="164427934" role=""/>
  <member type="way" ref="164280110" role=""/>
  <member type="way" ref="164280105" role=""/>
  <member type="way" ref="164280101" role=""/>
  <member type="way" ref="1443861342" role=""/>
  <tag k="fixme" v="leaves the barge canal a bunch of times west of Palmyra."/>
  <tag k="name" v="Enlarged Erie Canal"/>
  <tag k="route" v="derelict_canal"/>
  <tag k="type" v="route"/>
 </relation>
 <relation id="2692590" visible="true" version="182" changeset="178166948" timestamp="2026-02-06T04:51:14Z" user="onithornell" uid="23794392">
  <member type="relation" ref="11688625" role=""/>
  <member type="relation" ref="11688624" role=""/>
  <member type="relation" ref="11649735" role=""/>
  <member type="relation" ref="11649734" role=""/>
  <tag k="cycle_network" v="US:NY"/>
  <tag k="from" v="Buffalo"/>
  <tag k="name" v="Erie Canalway Trail - 0 Buffalo to Albany"/>
  <tag k="network" v="rcn"/>
  <tag k="ref" v="ECT"/>
  <tag k="to" v="Albany"/>
  <tag k="type" v="site"/>
  <tag k="website" v="https://www.canals.ny.gov/trails/"/>
 </relation>
 <relation id="4109004" visible="true" version="14" changeset="165285116" timestamp="2025-04-22T13:04:48Z" user="jiojoiph5" uid="22074639">
  <member type="node" ref="2958014817" role="camera"/>
  <member type="node" ref="2958014796" role="camera"/>
  <member type="node" ref="2958014815" role="camera"/>
  <member type="node" ref="2958014824" role="camera"/>
  <member type="node" ref="2958014821" role="camera"/>
  <member type="node" ref="2958014832" role="camera"/>
  <member type="node" ref="2958014818" role="camera"/>
  <member type="node" ref="2958014801" role="camera"/>
  <member type="node" ref="2958014828" role="camera"/>
  <member type="node" ref="2958014787" role="camera"/>
  <member type="node" ref="2958016333" role="camera"/>
  <member type="node" ref="2958014797" role="camera"/>
  <member type="node" ref="2958014780" role="camera"/>
  <member type="node" ref="2958014825" role="camera"/>
  <member type="node" ref="2958014808" role="camera"/>
  <member type="node" ref="2958014794" role="camera"/>
  <member type="node" ref="2958014822" role="camera"/>
  <member type="node" ref="2958014805" role="camera"/>
  <member type="node" ref="2958014819" role="camera"/>
  <member type="node" ref="2958014802" role="camera"/>
  <member type="node" ref="2958014829" role="camera"/>
  <member type="node" ref="2958016334" role="camera"/>
  <member type="node" ref="2958014781" role="camera"/>
  <member type="node" ref="2958014826" role="camera"/>
  <member type="node" ref="2958014795" role="camera"/>
  <member type="node" ref="2958014823" role="camera"/>
  <member type="node" ref="2958014806" role="camera"/>
  <member type="node" ref="2958014784" role="camera"/>
  <member type="node" ref="2958014803" role="camera"/>
  <member type="node" ref="2958014830" role="camera"/>
  <member type="node" ref="2958014799" role="camera"/>
  <member type="node" ref="2958014782" role="camera"/>
  <member type="node" ref="2958014827" role="camera"/>
  <member type="node" ref="2958014810" role="camera"/>
  <member type="node" ref="2958014816" role="camera"/>
  <member type="node" ref="2958014807" role="camera"/>
  <member type="node" ref="2958014785" role="camera"/>
  <member type="node" ref="2958014831" role="camera"/>
  <member type="node" ref="2958014783" role="camera"/>
  <member type="node" ref="2958014820" role="camera"/>
  <member type="node" ref="2958014789" role="camera"/>
  <member type="node" ref="3616118386" role="camera"/>
  <member type="node" ref="3616118385" role="camera"/>
  <member type="node" ref="3630185070" role="camera"/>
  <member type="node" ref="3630185069" role="camera"/>
  <member type="node" ref="3630185067" role="camera"/>
  <member type="node" ref="3630185065" role="camera"/>
  <member type="node" ref="3630185072" role="camera"/>
  <member type="node" ref="3630185074" role="camera"/>
  <member type="node" ref="3631734767" role="camera"/>
  <member type="node" ref="3631734768" role="camera"/>
  <member type="node" ref="3631734771" role="camera"/>
  <member type="node" ref="3631734769" role="camera"/>
  <member type="node" ref="3631734770" role="camera"/>
  <member type="node" ref="3631734772" role="camera"/>
  <member type="node" ref="3754859762" role="camera"/>
  <member type="node" ref="3754859763" role="camera"/>
  <member type="node" ref="3754859766" role="camera"/>
  <member type="node" ref="3754859765" role="camera"/>
  <member type="node" ref="3754859764" role="camera"/>
  <member type="node" ref="3754859767" role="camera"/>
  <member type="node" ref="3754859768" role="camera"/>
  <member type="node" ref="3754859769" role="camera"/>
  <member type="node" ref="3786484363" role="camera"/>
  <member type="node" ref="3786484361" role="camera"/>
  <member type="node" ref="3786484362" role="camera"/>
  <member type="node" ref="3786484365" role="camera"/>
  <member type="node" ref="3786484366" role="camera"/>
  <member type="node" ref="3786484367" role="camera"/>
  <member type="node" ref="3786484368" role="camera"/>
  <member type="node" ref="4975638920" role="camera"/>
  <member type="node" ref="5034649620" role="camera"/>
  <member type="node" ref="5034650221" role="camera"/>
  <member type="node" ref="5034650222" role="camera"/>
  <member type="node" ref="5919057410" role="camera"/>
  <member type="node" ref="5919057411" role="camera"/>
  <member type="node" ref="5919057416" role="camera"/>
  <member type="node" ref="5919057413" role="camera"/>
  <member type="node" ref="5919057414" role="camera"/>
  <member type="node" ref="5919057415" role="camera"/>
  <member type="node" ref="5919057412" role="camera"/>
  <member type="node" ref="5345907347" role="camera"/>
  <member type="node" ref="5359290917" role="camera"/>
  <member type="node" ref="6593331377" role="camera"/>
  <member type="node" ref="6593335623" role="camera"/>
  <member type="node" ref="6593335624" role="camera"/>
  <member type="node" ref="6593335625" role="camera"/>
  <member type="node" ref="6593335626" role="camera"/>
  <member type="node" ref="6593335627" role="camera"/>
  <member type="node" ref="6593335628" role="camera"/>
  <member type="node" ref="6593335629" role="camera"/>
  <member type="node" ref="6593335630" role="camera"/>
  <member type="node" ref="6593335631" role="camera"/>
  <member type="node" ref="12775891369" role="camera"/>
  <tag k="alt_name" v="COPS Platform Cameras"/>
  <tag k="description" v="Public surveillance cameras operated by the Syracuse Police Department"/>
  <tag k="name" v="Criminal Observation and Protection System"/>
  <tag k="operator" v="Syracuse Police Department"/>
  <tag k="short_name" v="COPS"/>
  <tag k="start_date" v="2011"/>
  <tag k="type" v="surveillance"/>
  <tag k="website" v="http://www.syracusepolice.org/listing.asp?orgId=154"/>
 </relation>
 <relation id="5559018" visible="true" version="2" changeset="147863211" timestamp="2024-02-24T16:53:45Z" user="pkoby" uid="999995">
  <member type="way" ref="295893027" role="from"/>
  <member type="node" ref="212796093" role="via"/>
  <member type="way" ref="1254352987" role="to"/>
  <tag k="restriction" v="no_left_turn"/>
  <tag k="type" v="restriction"/>
 </relation>
 <relation id="5856226" visible="true" version="1" changeset="36531196" timestamp="2016-01-12T15:25:12Z" user="user_599436" uid="599436">
  <member type="way" ref="186712414" role="outer"/>
  <member type="way" ref="391026246" role="inner"/>
  <tag k="building:levels" v="3"/>
  <tag k="building:min_level" v="1"/>
  <tag k="building:part" v="yes"/>
  <tag k="type" v="multipolygon"/>
 </relation>
 <relation id="5857090" visible="true" version="2" changeset="36560709" timestamp="2016-01-13T22:03:49Z" user="user_599436" uid="599436">
  <member type="way" ref="186712414" role="outline"/>
  <member type="way" ref="391026253" role="part"/>
  <member type="way" ref="391026243" role="part"/>
  <member type="way" ref="391026248" role="part"/>
  <member type="way" ref="391026251" role="part"/>
  <member type="relation" ref="5856226" role="part"/>
  <tag k="type" v="building"/>
 </relation>
 <relation id="9370661" visible="true" version="19" changeset="178931844" timestamp="2026-02-23T08:37:31Z" user="sbedwal_Lyft" uid="18783691">
  <member type="node" ref="6315270799" role="stop"/>
  <member type="node" ref="6315270789" role="stop"/>
  <member type="way" ref="20125746" role="forward"/>
  <member type="way" ref="20125607" role="forward"/>
  <member type="way" ref="1388154786" role=""/>
  <member type="way" ref="674338745" role=""/>
  <member type="way" ref="469983182" role=""/>
  <member type="way" ref="954209526" role=""/>
  <member type="way" ref="249488973" role=""/>
  <member type="way" ref="322874313" role=""/>
  <member type="way" ref="674338762" role=""/>
  <member type="way" ref="674338763" role="forward"/>
  <member type="way" ref="675890209" role="forward"/>
  <member type="way" ref="674746347" role="forward"/>
  <member type="way" ref="675049572" role="forward"/>
  <member type="way" ref="675049571" role="forward"/>
  <member type="way" ref="675049570" role="forward"/>
  <member type="way" ref="299894536" role="forward"/>
  <member type="way" ref="675084206" role="forward"/>
  <member type="way" ref="322874315" role="forward"/>
  <member type="way" ref="674338764" role="forward"/>
  <member type="way" ref="295379525" role="forward"/>
  <member type="way" ref="295379528" role="forward"/>
  <member type="way" ref="295379527" role="forward"/>
  <member type="way" ref="97522948" role="forward"/>
  <member type="way" ref="295379526" role="forward"/>
  <member type="way" ref="295379530" role="forward"/>
  <member type="way" ref="249488959" role="forward"/>
  <member type="way" ref="1368385853" role="forward"/>
  <member type="way" ref="295379533" role="forward"/>
  <member type="way" ref="1289336149" role="forward"/>
  <member type="way" ref="221909126" role="forward"/>
  <member type="way" ref="97522984" role="forward"/>
  <member type="way" ref="377733773" role="forward"/>
  <member type="way" ref="20132803" role="forward"/>
  <member type="way" ref="377809619" role="forward"/>
  <member type="way" ref="295488621" role="forward"/>
  <member type="way" ref="295488619" role="forward"/>
  <member type="way" ref="674338747" role="forward"/>
  <member type="way" ref="674338746" role="forward"/>
  <member type="way" ref="20118056" role="forward"/>
  <member type="way" ref="175687990" role="forward"/>
  <member type="way" ref="291532644" role="forward"/>
  <member type="way" ref="43249170" role="forward"/>
  <member type="way" ref="1344469546" role="forward"/>
  <member type="way" ref="122088810" role="forward"/>
  <member type="way" ref="43249166" role="forward"/>
  <member type="way" ref="36896352" role="forward"/>
  <member type="way" ref="36896353" role="forward"/>
  <member type="way" ref="192762530" role="forward"/>
  <member type="way" ref="43249579" role="forward"/>
  <member type="way" ref="43249580" role="forward"/>
  <member type="way" ref="340365492" role="forward"/>
  <member type="way" ref="20120817" role="forward"/>
  <member type="way" ref="295587225" role="forward"/>
  <member type="way" ref="295587224" role="forward"/>
  <member type="way" ref="175687960" role="forward"/>
  <member type="way" ref="295587211" role="forward"/>
  <member type="way" ref="20118797" role="forward"/>
  <member type="way" ref="295587210" role="forward"/>
  <member type="way" ref="625575500" role="forward"/>
  <member type="way" ref="674338749" role="forward"/>
  <member type="way" ref="203017064" role="forward"/>
  <member type="way" ref="322874314" role="forward"/>
  <member type="way" ref="675049573" role="forward"/>
  <member type="way" ref="675323034" role="forward"/>
  <member type="way" ref="675323035" role="forward"/>
  <member type="way" ref="675331850" role="forward"/>
  <member type="way" ref="675049578" role="forward"/>
  <member type="way" ref="675049587" role="forward"/>
  <member type="way" ref="674746348" role="forward"/>
  <member type="way" ref="299894537" role="forward"/>
  <member type="way" ref="674338761" role="forward"/>
  <member type="way" ref="295379536" role="forward"/>
  <member type="way" ref="323900777" role="forward"/>
  <member type="way" ref="318612631" role="forward"/>
  <member type="way" ref="1388559462" role="forward"/>
  <member type="way" ref="296530442" role="forward"/>
  <member type="way" ref="1482136460" role="forward"/>
  <member type="way" ref="249488960" role="forward"/>
  <member type="way" ref="249488961" role="forward"/>
  <member type="way" ref="295488616" role="forward"/>
  <member type="way" ref="295488611" role="forward"/>
  <member type="way" ref="97522983" role="forward"/>
  <member type="way" ref="674338747" role="forward"/>
  <member type="way" ref="295488619" role="forward"/>
  <member type="way" ref="295488621" role="forward"/>
  <member type="way" ref="377809619" role="forward"/>
  <member type="way" ref="20132803" role="forward"/>
  <member type="way" ref="377733773" role="forward"/>
  <member type="way" ref="97522984" role="forward"/>
  <member type="way" ref="556808157" role="forward"/>
  <member type="way" ref="43249171" role="forward"/>
  <member type="way" ref="20120492" role="forward"/>
  <member type="way" ref="43249160" role="forward"/>
  <member type="way" ref="36896351" role="forward"/>
  <member type="way" ref="36896350" role="forward"/>
  <member type="way" ref="43249581" role="forward"/>
  <member type="way" ref="43249582" role="forward"/>
  <member type="way" ref="36896355" role="forward"/>
  <member type="way" ref="627610022" role="forward"/>
  <member type="way" ref="627610025" role="forward"/>
  <member type="way" ref="36896354" role="forward"/>
  <member type="way" ref="317471673" role="forward"/>
  <member type="way" ref="20119212" role="forward"/>
  <member type="way" ref="188858616" role="forward"/>
  <member type="way" ref="196110118" role=""/>
  <member type="way" ref="436284322" role=""/>
  <member type="way" ref="290229840" role=""/>
  <member type="way" ref="290229839" role=""/>
  <member type="way" ref="20131306" role=""/>
  <member type="way" ref="20125598" role=""/>
  <member type="way" ref="306609302" role=""/>
  <member type="way" ref="448055125" role=""/>
  <member type="way" ref="448055124" role=""/>
  <member type="way" ref="306609307" role=""/>
  <member type="way" ref="675323016" role=""/>
  <member type="way" ref="448055121" role=""/>
  <member type="way" ref="448055123" role=""/>
  <member type="way" ref="446451467" role=""/>
  <member type="way" ref="674338754" role=""/>
  <member type="way" ref="446451474" role=""/>
  <member type="way" ref="674338759" role=""/>
  <member type="way" ref="675323019" role=""/>
  <member type="way" ref="20131336" role=""/>
  <member type="way" ref="303997619" role=""/>
  <member type="way" ref="1369930803" role=""/>
  <member type="way" ref="303997621" role=""/>
  <member type="way" ref="422770036" role=""/>
  <member type="way" ref="448055122" role=""/>
  <member type="way" ref="303997620" role=""/>
  <member type="way" ref="1254352998" role=""/>
  <member type="way" ref="20125585" role=""/>
  <member type="way" ref="1098232090" role=""/>
  <member type="way" ref="417919425" role=""/>
  <member type="way" ref="121772556" role=""/>
  <member type="way" ref="674338750" role="forward"/>
  <member type="way" ref="674338753" role="forward"/>
  <member type="way" ref="674338751" role="forward"/>
  <tag k="name" v="Centro 410X Nedrow Express"/>
  <tag k="network" v="Centro Syracuse"/>
  <tag k="network:wikidata" v="Q130302372"/>
  <tag k="operator" v="Central New York Regional Transportation Authority"/>
  <tag k="operator:short" v="Centro"/>
  <tag k="operator:wikidata" v="Q5061513"/>
  <tag k="public_transport:version" v="1"/>
  <tag k="ref" v="410X"/>
  <tag k="route" v="bus"/>
  <tag k="type" v="route"/>
 </relation>
 <relation id="9375180" visible="true" version="23" changeset="189117454" timestamp="2026-09-16T15:20:15Z" user="nopeinomicon" uid="21426053">
  <member type="node" ref="6315270799" role="stop"/>
  <member type="node" ref="6315270789" role="stop"/>
  <member type="node" ref="6350920735" role="stop"/>
  <member type="way" ref="319126652" role="forward"/>
  <member type="way" ref="1436390514" role="forward"/>
  <member type="way" ref="20135937" role="forward"/>
  <member type="way" ref="674746349" role="forward"/>
  <member type="way" ref="1421480062" role="forward"/>
  <member type="way" ref="20151377" role="forward"/>
  <member type="way" ref="97528815" role="forward"/>
  <member type="way" ref="1559347693" role="forward"/>
  <member type="way" ref="318962572" role="forward"/>
  <member type="way" ref="318962570" role="forward"/>
  <member type="way" ref="20118359" role="forward"/>
  <member type="way" ref="318962590" role="forward"/>
  <member type="way" ref="318962592" role="forward"/>
  <member type="way" ref="318962591" role="forward"/>
  <member type="way" ref="139603696" role="forward"/>
  <member type="way" ref="245992517" role="forward"/>
  <member type="way" ref="97528765" role="forward"/>
  <member type="way" ref="20142223" role="forward"/>
  <member type="way" ref="1556697461" role="forward"/>
  <member type="way" ref="674746356" role="forward"/>
  <member type="way" ref="247606625" role="forward"/>
  <member type="way" ref="20132495" role="forward"/>
  <member type="way" ref="365429705" role="forward"/>
  <member type="way" ref="220971083" role="forward"/>
  <member type="way" ref="220971082" role="forward"/>
  <member type="way" ref="377791543" role="forward"/>
  <member type="way" ref="377791542" role="forward"/>
  <member type="way" ref="20135934" role="forward"/>
  <member type="way" ref="349173589" role="forward"/>
  <member type="way" ref="365429704" role="forward"/>
  <member type="way" ref="349173588" role="forward"/>
  <member type="way" ref="139602327" role="forward"/>
  <member type="way" ref="38605588" role=""/>
  <member type="way" ref="335511839" role=""/>
  <member type="way" ref="319148420" role=""/>
  <member type="way" ref="1113258653" role=""/>
  <member type="way" ref="1113258652" role=""/>
  <member type="way" ref="319148407" role=""/>
  <member type="way" ref="674746358" role=""/>
  <member type="way" ref="319148435" role=""/>
  <member type="way" ref="97528956" role=""/>
  <member type="way" ref="20119718" role="forward"/>
  <member type="way" ref="245992527" role="forward"/>
  <member type="way" ref="96667239" role="forward"/>
  <member type="way" ref="20118820" role="forward"/>
  <member type="way" ref="96667240" role="forward"/>
  <member type="way" ref="249488988" role="forward"/>
  <member type="way" ref="226065961" role="forward"/>
  <member type="way" ref="226065964" role="forward"/>
  <member type="way" ref="20145087" role="forward"/>
  <member type="way" ref="306333785" role="forward"/>
  <member type="way" ref="306333784" role="forward"/>
  <member type="way" ref="97528865" role="forward"/>
  <member type="way" ref="166607835" role="forward"/>
  <member type="way" ref="97528979" role=""/>
  <member type="way" ref="1324489764" role=""/>
  <member type="way" ref="1324489765" role=""/>
  <member type="way" ref="139750875" role=""/>
  <member type="way" ref="379641101" role=""/>
  <member type="way" ref="20138430" role=""/>
  <member type="way" ref="322472467" role=""/>
  <member type="way" ref="322472470" role="forward"/>
  <member type="way" ref="674746363" role="forward"/>
  <member type="way" ref="158719824" role="forward"/>
  <member type="way" ref="322472472" role="forward"/>
  <member type="way" ref="158719869" role="forward"/>
  <member type="way" ref="322472459" role="forward"/>
  <member type="way" ref="675890242" role="forward"/>
  <member type="way" ref="322472456" role="forward"/>
  <member type="way" ref="322472456" role="forward"/>
  <member type="way" ref="675890242" role="forward"/>
  <member type="way" ref="322472459" role="forward"/>
  <member type="way" ref="158719869" role="forward"/>
  <member type="way" ref="322472472" role="forward"/>
  <member type="way" ref="158719824" role="forward"/>
  <member type="way" ref="674746363" role="forward"/>
  <member type="way" ref="20117996" role="forward"/>
  <member type="way" ref="20117996" role="forward"/>
  <member type="way" ref="322472470" role="forward"/>
  <member type="way" ref="322472467" role=""/>
  <member type="way" ref="20138430" role=""/>
  <member type="way" ref="295266074" role=""/>
  <member type="way" ref="674746365" role=""/>
  <member type="way" ref="249389679" role=""/>
  <member type="way" ref="249389659" role="forward"/>
  <member type="way" ref="249389659" role="forward"/>
  <member type="way" ref="249389679" role=""/>
  <member type="way" ref="20146035" role=""/>
  <member type="way" ref="674746366" role="forward"/>
  <member type="way" ref="487814282" role="forward"/>
  <member type="way" ref="487814283" role="forward"/>
  <member type="way" ref="20146031" role=""/>
  <member type="way" ref="545366975" role=""/>
  <member type="way" ref="674746367" role=""/>
  <member type="way" ref="674746368" role=""/>
  <member type="way" ref="674746370" role=""/>
  <member type="way" ref="386577433" role=""/>
  <member type="way" ref="1414012868" role=""/>
  <member type="way" ref="386577432" role=""/>
  <member type="way" ref="1419963303" role=""/>
  <member type="way" ref="1419963302" role=""/>
  <member type="way" ref="1419963301" role=""/>
  <member type="way" ref="1416229377" role=""/>
  <member type="way" ref="1416229376" role=""/>
  <member type="way" ref="1416229374" role=""/>
  <member type="way" ref="517777951" role=""/>
  <member type="way" ref="517777952" role=""/>
  <member type="way" ref="121772532" role=""/>
  <member type="way" ref="1388158572" role=""/>
  <member type="way" ref="20125739" role=""/>
  <member type="way" ref="1388156797" role=""/>
  <member type="way" ref="1254352989" role=""/>
  <member type="way" ref="1175231399" role=""/>
  <member type="way" ref="1254352988" role=""/>
  <member type="way" ref="1175231398" role=""/>
  <member type="way" ref="319126666" role=""/>
  <member type="way" ref="319126665" role=""/>
  <member type="way" ref="347316786" role=""/>
  <member type="way" ref="373861334" role=""/>
  <member type="way" ref="1254352987" role=""/>
  <member type="way" ref="20125746" role=""/>
  <member type="way" ref="20125607" role=""/>
  <member type="way" ref="1388154786" role=""/>
  <member type="way" ref="674338745" role=""/>
  <member type="way" ref="954209526" role=""/>
  <member type="way" ref="469983182" role=""/>
  <member type="way" ref="249488973" role=""/>
  <member type="way" ref="322874313" role=""/>
  <member type="way" ref="674338762" role=""/>
  <member type="way" ref="674338763" role="forward"/>
  <member type="way" ref="675890209" role="forward"/>
  <member type="way" ref="674746348" role="forward"/>
  <member type="way" ref="675049587" role="forward"/>
  <member type="way" ref="675049578" role="forward"/>
  <member type="way" ref="675331850" role="forward"/>
  <member type="way" ref="675323035" role="forward"/>
  <member type="way" ref="675323034" role="forward"/>
  <member type="way" ref="675049573" role="forward"/>
  <member type="way" ref="322874314" role="forward"/>
  <tag k="name" v="Centro 316 North Salina Street-Electronics Parkway"/>
  <tag k="network" v="Centro Syracuse"/>
  <tag k="network:wikidata" v="Q130302372"/>
  <tag k="operator" v="Central New York Regional Transportation Authority"/>
  <tag k="operator:short" v="Centro"/>
  <tag k="operator:wikidata" v="Q5061513"/>
  <tag k="public_transport:version" v="1"/>
  <tag k="ref" v="316"/>
  <tag k="route" v="bus"/>
  <tag k="type" v="route"/>
 </relation>
 <relation id="9375181" visible="true" version="21" changeset="172995534" timestamp="2025-10-08T10:04:03Z" user="CoreyAndy" uid="23322949">
  <member type="node" ref="6315270682" role="stop"/>
  <member type="node" ref="6315270799" role="stop"/>
  <member type="node" ref="6315270789" role="stop"/>
  <member type="node" ref="6350920735" role="stop"/>
  <member type="way" ref="335511839" role="forward"/>
  <member type="way" ref="38605588" role="forward"/>
  <member type="way" ref="319126652" role="forward"/>
  <member type="way" ref="1436390514" role="forward"/>
  <member type="way" ref="20135937" role="forward"/>
  <member type="way" ref="20144586" role="forward"/>
  <member type="way" ref="321566592" role="forward"/>
  <member type="way" ref="20145411" role="forward"/>
  <member type="way" ref="674746352" role="forward"/>
  <member type="way" ref="674746351" role="forward"/>
  <member type="way" ref="20137731" role="forward"/>
  <member type="way" ref="674746354" role="forward"/>
  <member type="way" ref="1436390513" role="forward"/>
  <member type="way" ref="344565438" role="forward"/>
  <member type="way" ref="139602319" role="forward"/>
  <member type="way" ref="20123096" role="forward"/>
  <member type="way" ref="319148420" role=""/>
  <member type="way" ref="1113258653" role=""/>
  <member type="way" ref="1113258652" role=""/>
  <member type="way" ref="319148407" role=""/>
  <member type="way" ref="674746358" role=""/>
  <member type="way" ref="319148435" role=""/>
  <member type="way" ref="97528956" role=""/>
  <member type="way" ref="20119718" role="forward"/>
  <member type="way" ref="245992527" role="forward"/>
  <member type="way" ref="96667239" role="forward"/>
  <member type="way" ref="20118820" role="forward"/>
  <member type="way" ref="96667240" role="forward"/>
  <member type="way" ref="249488988" role="forward"/>
  <member type="way" ref="226065961" role="forward"/>
  <member type="way" ref="226065964" role="forward"/>
  <member type="way" ref="20145087" role="forward"/>
  <member type="way" ref="306333785" role="forward"/>
  <member type="way" ref="306333784" role="forward"/>
  <member type="way" ref="97528865" role="forward"/>
  <member type="way" ref="166607835" role="forward"/>
  <member type="way" ref="97528979" role=""/>
  <member type="way" ref="1324489764" role=""/>
  <member type="way" ref="1324489765" role=""/>
  <member type="way" ref="139750875" role=""/>
  <member type="way" ref="379641101" role=""/>
  <member type="way" ref="20138430" role=""/>
  <member type="way" ref="322472467" role=""/>
  <member type="way" ref="322472470" role="forward"/>
  <member type="way" ref="674746363" role="forward"/>
  <member type="way" ref="158719824" role="forward"/>
  <member type="way" ref="322472472" role="forward"/>
  <member type="way" ref="158719869" role="forward"/>
  <member type="way" ref="322472459" role="forward"/>
  <member type="way" ref="675890242" role="forward"/>
  <member type="way" ref="322472456" role="forward"/>
  <member type="way" ref="322472456" role="forward"/>
  <member type="way" ref="675890242" role="forward"/>
  <member type="way" ref="322472459" role="forward"/>
  <member type="way" ref="158719869" role="forward"/>
  <member type="way" ref="322472472" role="forward"/>
  <member type="way" ref="158719824" role="forward"/>
  <member type="way" ref="674746363" role="forward"/>
  <member type="way" ref="20117996" role="forward"/>
  <member type="way" ref="20117996" role="forward"/>
  <member type="way" ref="322472470" role="forward"/>
  <member type="way" ref="322472467" role=""/>
  <member type="way" ref="20138430" role=""/>
  <member type="way" ref="295266074" role=""/>
  <member type="way" ref="674746365" role=""/>
  <member type="way" ref="249389679" role=""/>
  <member type="way" ref="249389659" role="forward"/>
  <member type="way" ref="249389659" role="forward"/>
  <member type="way" ref="249389679" role=""/>
  <member type="way" ref="20146035" role=""/>
  <member type="way" ref="674746366" role="forward"/>
  <member type="way" ref="487814282" role="forward"/>
  <member type="way" ref="487814283" role="forward"/>
  <member type="way" ref="20146031" role=""/>
  <member type="way" ref="545366975" role=""/>
  <member type="way" ref="674746367" role=""/>
  <member type="way" ref="674746368" role=""/>
  <member type="way" ref="674746370" role=""/>
  <member type="way" ref="386577433" role=""/>
  <member type="way" ref="1414012868" role=""/>
  <member type="way" ref="386577432" role=""/>
  <member type="way" ref="1419963303" role=""/>
  <member type="way" ref="1419963302" role=""/>
  <member type="way" ref="1419963301" role=""/>
  <member type="way" ref="1416229377" role=""/>
  <member type="way" ref="1416229376" role=""/>
  <member type="way" ref="1416229374" role=""/>
  <member type="way" ref="517777951" role=""/>
  <member type="way" ref="517777952" role=""/>
  <member type="way" ref="121772532" role=""/>
  <member type="way" ref="1388158572" role=""/>
  <member type="way" ref="20125739" role=""/>
  <member type="way" ref="1388156797" role=""/>
  <member type="way" ref="1254352989" role=""/>
  <member type="way" ref="1175231399" role=""/>
  <member type="way" ref="1254352988" role=""/>
  <member type="way" ref="1175231398" role=""/>
  <member type="way" ref="319126666" role=""/>
  <member type="way" ref="319126665" role=""/>
  <member type="way" ref="347316786" role=""/>
  <member type="way" ref="373861334" role=""/>
  <member type="way" ref="1254352987" role=""/>
  <member type="way" ref="20125746" role=""/>
  <member type="way" ref="20125607" role=""/>
  <member type="way" ref="1388154786" role=""/>
  <member type="way" ref="674338745" role=""/>
  <member type="way" ref="954209526" role=""/>
  <member type="way" ref="469983182" role=""/>
  <member type="way" ref="249488973" role=""/>
  <member type="way" ref="322874313" role=""/>
  <member type="way" ref="674338762" role=""/>
  <member type="way" ref="674338763" role="forward"/>
  <member type="way" ref="675890209" role="forward"/>
  <member type="way" ref="674746348" role="forward"/>
  <member type="way" ref="675049587" role="forward"/>
  <member type="way" ref="675049578" role="forward"/>
  <member type="way" ref="675331850" role="forward"/>
  <member type="way" ref="675323035" role="forward"/>
  <member type="way" ref="675323034" role="forward"/>
  <member type="way" ref="675049573" role="forward"/>
  <member type="way" ref="322874314" role="forward"/>
  <member type="way" ref="296530442" role="forward"/>
  <member type="way" ref="1388559462" role="forward"/>
  <member type="way" ref="318612631" role="forward"/>
  <member type="way" ref="323900777" role="forward"/>
  <member type="way" ref="295379536" role="forward"/>
  <member type="way" ref="674338761" role="forward"/>
  <member type="way" ref="318579088" role="forward"/>
  <tag k="name" v="Centro 216 North Salina Street-Electronics Parkway"/>
  <tag k="network" v="Centro Syracuse"/>
  <tag k="network:wikidata" v="Q130302372"/>
  <tag k="operator" v="Central New York Regional Transportation Authority"/>
  <tag k="operator:short" v="Centro"/>
  <tag k="operator:wikidata" v="Q5061513"/>
  <tag k="public_transport:version" v="1"/>
  <tag k="ref" v="216"/>
  <tag k="route" v="bus"/>
  <tag k="type" v="route"/>
 </relation>
 <relation id="9375182" visible="true" version="18" changeset="169953829" timestamp="2025-08-04T12:44:58Z" user="alokchauhan_Lyft" uid="21943149">
  <member type="node" ref="6315270799" role="stop"/>
  <member type="node" ref="6315270789" role="stop"/>
  <member type="node" ref="6350920735" role="stop"/>
  <member type="way" ref="319148438" role="forward"/>
  <member type="way" ref="20140696" role="forward"/>
  <member type="way" ref="674746358" role="forward"/>
  <member type="way" ref="319148435" role=""/>
  <member type="way" ref="97528956" role=""/>
  <member type="way" ref="20119718" role="forward"/>
  <member type="way" ref="245992527" role="forward"/>
  <member type="way" ref="96667239" role="forward"/>
  <member type="way" ref="20118820" role="forward"/>
  <member type="way" ref="96667240" role="forward"/>
  <member type="way" ref="249488988" role="forward"/>
  <member type="way" ref="226065961" role="forward"/>
  <member type="way" ref="226065964" role="forward"/>
  <member type="way" ref="20145087" role="forward"/>
  <member type="way" ref="306333785" role="forward"/>
  <member type="way" ref="306333784" role="forward"/>
  <member type="way" ref="97528865" role="forward"/>
  <member type="way" ref="166607835" role="forward"/>
  <member type="way" ref="97528979" role=""/>
  <member type="way" ref="1324489764" role=""/>
  <member type="way" ref="1324489765" role=""/>
  <member type="way" ref="139750875" role=""/>
  <member type="way" ref="379641101" role=""/>
  <member type="way" ref="20138430" role=""/>
  <member type="way" ref="322472467" role=""/>
  <member type="way" ref="322472470" role="forward"/>
  <member type="way" ref="674746363" role="forward"/>
  <member type="way" ref="158719824" role="forward"/>
  <member type="way" ref="322472472" role="forward"/>
  <member type="way" ref="158719869" role="forward"/>
  <member type="way" ref="322472459" role="forward"/>
  <member type="way" ref="675890242" role="forward"/>
  <member type="way" ref="322472456" role="forward"/>
  <member type="way" ref="322472456" role="forward"/>
  <member type="way" ref="675890242" role="forward"/>
  <member type="way" ref="322472459" role="forward"/>
  <member type="way" ref="158719869" role="forward"/>
  <member type="way" ref="322472472" role="forward"/>
  <member type="way" ref="158719824" role="forward"/>
  <member type="way" ref="674746363" role="forward"/>
  <member type="way" ref="20117996" role="forward"/>
  <member type="way" ref="20117996" role="forward"/>
  <member type="way" ref="322472470" role="forward"/>
  <member type="way" ref="322472467" role=""/>
  <member type="way" ref="20138430" role=""/>
  <member type="way" ref="295266074" role=""/>
  <member type="way" ref="674746365" role=""/>
  <member type="way" ref="249389679" role=""/>
  <member type="way" ref="249389659" role="forward"/>
  <member type="way" ref="249389659" role="forward"/>
  <member type="way" ref="249389679" role=""/>
  <member type="way" ref="20146035" role=""/>
  <member type="way" ref="674746366" role="forward"/>
  <member type="way" ref="487814282" role="forward"/>
  <member type="way" ref="487814283" role="forward"/>
  <member type="way" ref="20146031" role=""/>
  <member type="way" ref="545366975" role=""/>
  <member type="way" ref="674746367" role=""/>
  <member type="way" ref="674746368" role=""/>
  <member type="way" ref="674746370" role=""/>
  <member type="way" ref="386577433" role=""/>
  <member type="way" ref="1414012868" role=""/>
  <member type="way" ref="386577432" role=""/>
  <member type="way" ref="1419963303" role=""/>
  <member type="way" ref="1419963302" role=""/>
  <member type="way" ref="1419963301" role=""/>
  <member type="way" ref="1416229377" role=""/>
  <member type="way" ref="1416229376" role=""/>
  <member type="way" ref="1416229374" role=""/>
  <member type="way" ref="517777951" role=""/>
  <member type="way" ref="517777952" role=""/>
  <member type="way" ref="121772532" role=""/>
  <member type="way" ref="1388158572" role=""/>
  <member type="way" ref="20125739" role=""/>
  <member type="way" ref="1388156797" role=""/>
  <member type="way" ref="1254352989" role=""/>
  <member type="way" ref="1175231399" role=""/>
  <member type="way" ref="1254352988" role=""/>
  <member type="way" ref="1175231398" role=""/>
  <member type="way" ref="319126666" role=""/>
  <member type="way" ref="319126665" role=""/>
  <member type="way" ref="347316786" role=""/>
  <member type="way" ref="373861334" role=""/>
  <member type="way" ref="1254352987" role=""/>
  <member type="way" ref="20125746" role=""/>
  <member type="way" ref="20125607" role=""/>
  <member type="way" ref="1388154786" role=""/>
  <member type="way" ref="674338745" role=""/>
  <member type="way" ref="954209526" role=""/>
  <member type="way" ref="469983182" role=""/>
  <member type="way" ref="249488973" role=""/>
  <member type="way" ref="322874313" role=""/>
  <member type="way" ref="674338762" role=""/>
  <member type="way" ref="674338763" role="forward"/>
  <member type="way" ref="675890209" role="forward"/>
  <member type="way" ref="674746348" role="forward"/>
  <member type="way" ref="675049587" role="forward"/>
  <member type="way" ref="675049578" role="forward"/>
  <member type="way" ref="675331850" role="forward"/>
  <member type="way" ref="675323035" role="forward"/>
  <member type="way" ref="675323034" role="forward"/>
  <member type="way" ref="675049573" role="forward"/>
  <member type="way" ref="322874314" role="forward"/>
  <tag k="name" v="Centro 116 North Salina Street-7th North Street"/>
  <tag k="network" v="Centro Syracuse"/>
  <tag k="network:wikidata" v="Q130302372"/>
  <tag k="operator" v="Central New York Regional Transportation Authority"/>
  <tag k="operator:short" v="Centro"/>
  <tag k="operator:wikidata" v="Q5061513"/>
  <tag k="public_transport:version" v="1"/>
  <tag k="ref" v="116"/>
  <tag k="route" v="bus"/>
  <tag k="type" v="route"/>
 </relation>
 <relation id="9375183" visible="true" version="17" changeset="169953829" timestamp="2025-08-04T12:44:58Z" user="alokchauhan_Lyft" uid="21943149">
  <member type="node" ref="6315270799" role="stop"/>
  <member type="node" ref="6315270789" role="stop"/>
  <member type="node" ref="6350920735" role="stop"/>
  <member type="way" ref="20117996" role="forward"/>
  <member type="way" ref="322472456" role="forward"/>
  <member type="way" ref="675890242" role="forward"/>
  <member type="way" ref="322472459" role="forward"/>
  <member type="way" ref="158719869" role="forward"/>
  <member type="way" ref="322472472" role="forward"/>
  <member type="way" ref="158719824" role="forward"/>
  <member type="way" ref="674746363" role="forward"/>
  <member type="way" ref="322472470" role="forward"/>
  <member type="way" ref="322472467" role=""/>
  <member type="way" ref="20138430" role=""/>
  <member type="way" ref="295266074" role=""/>
  <member type="way" ref="674746365" role=""/>
  <member type="way" ref="249389679" role=""/>
  <member type="way" ref="249389659" role="forward"/>
  <member type="way" ref="249389659" role="forward"/>
  <member type="way" ref="249389679" role=""/>
  <member type="way" ref="20146035" role=""/>
  <member type="way" ref="674746366" role="forward"/>
  <member type="way" ref="487814282" role="forward"/>
  <member type="way" ref="487814283" role="forward"/>
  <member type="way" ref="20146031" role=""/>
  <member type="way" ref="545366975" role=""/>
  <member type="way" ref="674746367" role=""/>
  <member type="way" ref="674746368" role=""/>
  <member type="way" ref="674746370" role=""/>
  <member type="way" ref="386577433" role=""/>
  <member type="way" ref="1414012868" role=""/>
  <member type="way" ref="386577432" role=""/>
  <member type="way" ref="1419963303" role=""/>
  <member type="way" ref="1419963302" role=""/>
  <member type="way" ref="1419963301" role=""/>
  <member type="way" ref="1416229377" role=""/>
  <member type="way" ref="1416229376" role=""/>
  <member type="way" ref="1416229374" role=""/>
  <member type="way" ref="517777951" role=""/>
  <member type="way" ref="517777952" role=""/>
  <member type="way" ref="121772532" role=""/>
  <member type="way" ref="1388158572" role=""/>
  <member type="way" ref="20125739" role=""/>
  <member type="way" ref="1388156797" role=""/>
  <member type="way" ref="1254352989" role=""/>
  <member type="way" ref="1175231399" role=""/>
  <member type="way" ref="1254352988" role=""/>
  <member type="way" ref="1175231398" role=""/>
  <member type="way" ref="319126666" role=""/>
  <member type="way" ref="319126665" role=""/>
  <member type="way" ref="347316786" role=""/>
  <member type="way" ref="373861334" role=""/>
  <member type="way" ref="1254352987" role=""/>
  <member type="way" ref="20125746" role=""/>
  <member type="way" ref="20125607" role=""/>
  <member type="way" ref="1388154786" role=""/>
  <member type="way" ref="674338745" role=""/>
  <member type="way" ref="954209526" role=""/>
  <member type="way" ref="469983182" role=""/>
  <member type="way" ref="249488973" role=""/>
  <member type="way" ref="322874313" role=""/>
  <member type="way" ref="674338762" role=""/>
  <member type="way" ref="674338763" role="forward"/>
  <member type="way" ref="675890209" role="forward"/>
  <member type="way" ref="674746348" role="forward"/>
  <member type="way" ref="675049587" role="forward"/>
  <member type="way" ref="675049578" role="forward"/>
  <member type="way" ref="675331850" role="forward"/>
  <member type="way" ref="675323035" role="forward"/>
  <member type="way" ref="675323034" role="forward"/>
  <member type="way" ref="675049573" role="forward"/>
  <member type="way" ref="322874314" role="forward"/>
  <tag k="name" v="Centro 16 North Salina Street-Regional Transportation Center"/>
  <tag k="network" v="Centro Syracuse"/>
  <tag k="network:wikidata" v="Q130302372"/>
  <tag k="operator" v="Central New York Regional Transportation Authority"/>
  <tag k="operator:short" v="Centro"/>
  <tag k="operator:wikidata" v="Q5061513"/>
  <tag k="public_transport:version" v="1"/>
  <tag k="ref" v="16"/>
  <tag k="route" v="bus"/>
  <tag k="type" v="route"/>
 </relation>
 <relation id="9375184" visible="true" version="21" changeset="178931844" timestamp="2026-02-23T08:37:31Z" user="sbedwal_Lyft" uid="18783691">
  <member type="node" ref="6315270682" role="stop"/>
  <member type="node" ref="6315270799" role="stop"/>
  <member type="node" ref="6315270789" role="stop"/>
  <member type="way" ref="20125746" role="forward"/>
  <member type="way" ref="20125607" role="forward"/>
  <member type="way" ref="1388154786" role=""/>
  <member type="way" ref="674338745" role=""/>
  <member type="way" ref="469983182" role=""/>
  <member type="way" ref="954209526" role=""/>
  <member type="way" ref="249488973" role=""/>
  <member type="way" ref="322874313" role=""/>
  <member type="way" ref="674338762" role=""/>
  <member type="way" ref="674338763" role="forward"/>
  <member type="way" ref="675890209" role="forward"/>
  <member type="way" ref="674746347" role="forward"/>
  <member type="way" ref="675049572" role="forward"/>
  <member type="way" ref="675049571" role="forward"/>
  <member type="way" ref="675049570" role="forward"/>
  <member type="way" ref="299894536" role="forward"/>
  <member type="way" ref="675084206" role="forward"/>
  <member type="way" ref="322874315" role="forward"/>
  <member type="way" ref="674338764" role="forward"/>
  <member type="way" ref="295379525" role="forward"/>
  <member type="way" ref="295379528" role="forward"/>
  <member type="way" ref="295379527" role="forward"/>
  <member type="way" ref="97522948" role="forward"/>
  <member type="way" ref="295379526" role="forward"/>
  <member type="way" ref="295379530" role="forward"/>
  <member type="way" ref="249488959" role="forward"/>
  <member type="way" ref="1368385853" role="forward"/>
  <member type="way" ref="295379533" role="forward"/>
  <member type="way" ref="1289336149" role="forward"/>
  <member type="way" ref="221909126" role="forward"/>
  <member type="way" ref="97522984" role="forward"/>
  <member type="way" ref="377733773" role="forward"/>
  <member type="way" ref="20132803" role="forward"/>
  <member type="way" ref="377809619" role="forward"/>
  <member type="way" ref="295488621" role="forward"/>
  <member type="way" ref="295488619" role="forward"/>
  <member type="way" ref="674338747" role="forward"/>
  <member type="way" ref="674338746" role="forward"/>
  <member type="way" ref="20118056" role="forward"/>
  <member type="way" ref="175687990" role="forward"/>
  <member type="way" ref="291532644" role="forward"/>
  <member type="way" ref="43249170" role="forward"/>
  <member type="way" ref="1344469546" role="forward"/>
  <member type="way" ref="122088810" role="forward"/>
  <member type="way" ref="43249166" role="forward"/>
  <member type="way" ref="36896352" role="forward"/>
  <member type="way" ref="36896353" role="forward"/>
  <member type="way" ref="192762530" role="forward"/>
  <member type="way" ref="43249579" role="forward"/>
  <member type="way" ref="43249580" role="forward"/>
  <member type="way" ref="340365492" role="forward"/>
  <member type="way" ref="340365498" role="forward"/>
  <member type="way" ref="36896356" role="forward"/>
  <member type="way" ref="36896357" role="forward"/>
  <member type="way" ref="43249583" role="forward"/>
  <member type="way" ref="43249584" role="forward"/>
  <member type="way" ref="1203802910" role="forward"/>
  <member type="way" ref="1204919479" role="forward"/>
  <member type="way" ref="1204919480" role="forward"/>
  <member type="way" ref="36896359" role="forward"/>
  <member type="way" ref="1203802909" role="forward"/>
  <member type="way" ref="195327540" role="forward"/>
  <member type="way" ref="1376053488" role="forward"/>
  <member type="way" ref="20125191" role="forward"/>
  <member type="way" ref="36897249" role="forward"/>
  <member type="way" ref="322874314" role="forward"/>
  <member type="way" ref="675049573" role="forward"/>
  <member type="way" ref="675323034" role="forward"/>
  <member type="way" ref="675323035" role="forward"/>
  <member type="way" ref="675331850" role="forward"/>
  <member type="way" ref="675049578" role="forward"/>
  <member type="way" ref="675049587" role="forward"/>
  <member type="way" ref="674746348" role="forward"/>
  <member type="way" ref="299894537" role="forward"/>
  <member type="way" ref="674338761" role="forward"/>
  <member type="way" ref="295379536" role="forward"/>
  <member type="way" ref="323900777" role="forward"/>
  <member type="way" ref="318612631" role="forward"/>
  <member type="way" ref="1388559462" role="forward"/>
  <member type="way" ref="296530442" role="forward"/>
  <member type="way" ref="1482136460" role="forward"/>
  <member type="way" ref="249488960" role="forward"/>
  <member type="way" ref="249488961" role="forward"/>
  <member type="way" ref="295488616" role="forward"/>
  <member type="way" ref="295488611" role="forward"/>
  <member type="way" ref="97522983" role="forward"/>
  <member type="way" ref="674338747" role="forward"/>
  <member type="way" ref="295488619" role="forward"/>
  <member type="way" ref="295488621" role="forward"/>
  <member type="way" ref="377809619" role="forward"/>
  <member type="way" ref="20132803" role="forward"/>
  <member type="way" ref="377733773" role="forward"/>
  <member type="way" ref="97522984" role="forward"/>
  <member type="way" ref="556808157" role="forward"/>
  <member type="way" ref="43249171" role="forward"/>
  <member type="way" ref="20120492" role="forward"/>
  <member type="way" ref="43249160" role="forward"/>
  <member type="way" ref="36896351" role="forward"/>
  <member type="way" ref="36896350" role="forward"/>
  <member type="way" ref="43249581" role="forward"/>
  <member type="way" ref="43249582" role="forward"/>
  <member type="way" ref="36896355" role="forward"/>
  <member type="way" ref="627610022" role="forward"/>
  <member type="way" ref="627610025" role="forward"/>
  <member type="way" ref="36896354" role="forward"/>
  <member type="way" ref="192762528" role="forward"/>
  <member type="way" ref="43249585" role="forward"/>
  <member type="way" ref="43249586" role="forward"/>
  <member type="way" ref="122088808" role="forward"/>
  <member type="way" ref="321177944" role="forward"/>
  <member type="way" ref="1204919485" role="forward"/>
  <member type="way" ref="122088807" role="forward"/>
  <member type="way" ref="1204919501" role="forward"/>
  <member type="way" ref="295266065" role="forward"/>
  <member type="way" ref="36896360" role="forward"/>
  <member type="way" ref="295266066" role="forward"/>
  <member type="way" ref="388606156" role="forward"/>
  <member type="way" ref="43322230" role="forward"/>
  <member type="way" ref="1376053489" role="forward"/>
  <member type="way" ref="20121502" role="forward"/>
  <member type="way" ref="223284022" role=""/>
  <member type="way" ref="361059916" role=""/>
  <member type="way" ref="361059917" role=""/>
  <member type="way" ref="841909292" role=""/>
  <member type="way" ref="841909291" role=""/>
  <member type="way" ref="361059918" role=""/>
  <member type="way" ref="361059919" role=""/>
  <member type="way" ref="139456789" role="forward"/>
  <member type="way" ref="139456790" role="forward"/>
  <member type="way" ref="139631908" role="forward"/>
  <member type="way" ref="20147688" role="forward"/>
  <member type="way" ref="20143697" role="forward"/>
  <member type="way" ref="327518027" role="forward"/>
  <member type="way" ref="318579088" role="forward"/>
  <tag k="name" v="Centro 510 LaFayette-Tully"/>
  <tag k="network" v="Centro Syracuse"/>
  <tag k="network:wikidata" v="Q130302372"/>
  <tag k="operator" v="Central New York Regional Transportation Authority"/>
  <tag k="operator:short" v="Centro"/>
  <tag k="operator:wikidata" v="Q5061513"/>
  <tag k="public_transport:version" v="1"/>
  <tag k="ref" v="510"/>
  <tag k="route" v="bus"/>
  <tag k="type" v="route"/>
 </relation>
 <relation id="9377453" visible="true" version="25" changeset="186570677" timestamp="2026-07-29T08:55:59Z" user="MikeTheWhalersFan" uid="18419856">
  <member type="node" ref="6315270797" role="stop"/>
  <member type="node" ref="6315270793" role="stop"/>
  <member type="way" ref="675049527" role=""/>
  <member type="way" ref="675049529" role=""/>
  <member type="way" ref="675049530" role=""/>
  <member type="way" ref="54178750" role=""/>
  <member type="way" ref="54178751" role=""/>
  <member type="way" ref="20138556" role=""/>
  <member type="way" ref="675049531" role=""/>
  <member type="way" ref="20129548" role=""/>
  <member type="way" ref="1343495624" role=""/>
  <member type="way" ref="317569543" role=""/>
  <member type="way" ref="139602645" role=""/>
  <member type="way" ref="318209450" role=""/>
  <member type="way" ref="318209449" role=""/>
  <member type="way" ref="318209451" role=""/>
  <member type="way" ref="139631881" role=""/>
  <member type="way" ref="54178722" role=""/>
  <member type="way" ref="54178748" role=""/>
  <member type="way" ref="20143499" role=""/>
  <member type="way" ref="675049538" role=""/>
  <member type="way" ref="421289382" role=""/>
  <member type="way" ref="421289392" role=""/>
  <member type="way" ref="421289389" role=""/>
  <member type="way" ref="421289386" role=""/>
  <member type="way" ref="421289384" role=""/>
  <member type="way" ref="421289390" role=""/>
  <member type="way" ref="216265392" role=""/>
  <member type="way" ref="1432250358" role=""/>
  <member type="way" ref="1432250357" role=""/>
  <member type="way" ref="1432208539" role=""/>
  <member type="way" ref="1432208538" role=""/>
  <member type="way" ref="1431656918" role=""/>
  <member type="way" ref="1431656917" role=""/>
  <member type="way" ref="216265393" role=""/>
  <member type="way" ref="675049508" role=""/>
  <member type="way" ref="1430804277" role=""/>
  <member type="way" ref="1430211118" role=""/>
  <member type="way" ref="1430211119" role=""/>
  <member type="way" ref="1430282562" role=""/>
  <member type="way" ref="1430282563" role=""/>
  <member type="way" ref="194096099" role=""/>
  <member type="way" ref="1426825677" role=""/>
  <member type="way" ref="1426825676" role=""/>
  <member type="way" ref="1426657542" role=""/>
  <member type="way" ref="248460351" role=""/>
  <member type="way" ref="1424935757" role=""/>
  <member type="way" ref="108822883" role=""/>
  <member type="way" ref="20137951" role="forward"/>
  <member type="way" ref="295266072" role="forward"/>
  <member type="way" ref="20127824" role="backward"/>
  <member type="way" ref="306247973" role="backward"/>
  <member type="way" ref="306247972" role="backward"/>
  <member type="way" ref="675049544" role="forward"/>
  <member type="way" ref="675049543" role="forward"/>
  <member type="way" ref="163715857" role="forward"/>
  <member type="way" ref="675049542" role="forward"/>
  <member type="way" ref="675049518" role="forward"/>
  <member type="way" ref="675049525" role="forward"/>
  <member type="way" ref="163715860" role="forward"/>
  <member type="way" ref="675049545" role="forward"/>
  <member type="way" ref="675049544" role="backward"/>
  <member type="way" ref="306247972" role="forward"/>
  <member type="way" ref="306247973" role="forward"/>
  <member type="way" ref="20127824" role="forward"/>
  <member type="way" ref="295266071" role="forward"/>
  <member type="way" ref="248460354" role="forward"/>
  <member type="way" ref="139456761" role="forward"/>
  <member type="way" ref="295266067" role="forward"/>
  <member type="way" ref="20130010" role="forward"/>
  <member type="way" ref="295266051" role="forward"/>
  <member type="way" ref="20123156" role="forward"/>
  <member type="way" ref="295266088" role="forward"/>
  <member type="way" ref="324339727" role="forward"/>
  <member type="way" ref="295266077" role="forward"/>
  <member type="way" ref="220390371" role="forward"/>
  <member type="way" ref="20122721" role="forward"/>
  <member type="way" ref="1508769148" role="forward"/>
  <member type="way" ref="318210933" role="forward"/>
  <member type="way" ref="318210934" role="forward"/>
  <member type="way" ref="193891607" role="forward"/>
  <member type="way" ref="43249117" role="forward"/>
  <member type="way" ref="111654477" role="forward"/>
  <member type="way" ref="43249116" role="forward"/>
  <member type="way" ref="321721646" role="forward"/>
  <member type="way" ref="321721637" role="forward"/>
  <member type="way" ref="43249114" role="forward"/>
  <member type="way" ref="43249125" role="forward"/>
  <member type="way" ref="321721647" role="forward"/>
  <member type="way" ref="43249127" role="forward"/>
  <member type="way" ref="43249121" role="forward"/>
  <member type="way" ref="43249133" role="forward"/>
  <member type="way" ref="1001205354" role="forward"/>
  <member type="way" ref="43249132" role="forward"/>
  <member type="way" ref="43249131" role="forward"/>
  <member type="way" ref="43249130" role="forward"/>
  <member type="way" ref="192762527" role="forward"/>
  <member type="way" ref="43249142" role="forward"/>
  <member type="way" ref="43249143" role="forward"/>
  <member type="way" ref="321713517" role="forward"/>
  <member type="way" ref="20118390" role="forward"/>
  <member type="way" ref="43249151" role="forward"/>
  <member type="way" ref="43249148" role="forward"/>
  <member type="way" ref="43249146" role="forward"/>
  <member type="way" ref="221666420" role="forward"/>
  <member type="way" ref="43249149" role="forward"/>
  <member type="way" ref="157859542" role="forward"/>
  <member type="way" ref="654562491" role="forward"/>
  <member type="way" ref="675049501" role="forward"/>
  <member type="way" ref="139456736" role="forward"/>
  <member type="way" ref="45738910" role="forward"/>
  <member type="way" ref="319237801" role="forward"/>
  <member type="way" ref="564443348" role="forward"/>
  <member type="way" ref="20148947" role="forward"/>
  <member type="way" ref="675747286" role="forward"/>
  <member type="way" ref="373861334" role="forward"/>
  <member type="way" ref="1254352987" role="forward"/>
  <member type="way" ref="20138806" role="forward"/>
  <member type="way" ref="675747287" role="forward"/>
  <member type="way" ref="20136517" role="forward"/>
  <member type="way" ref="319241152" role="forward"/>
  <member type="way" ref="336600313" role="forward"/>
  <member type="way" ref="336600312" role="forward"/>
  <member type="way" ref="336600310" role="forward"/>
  <member type="way" ref="44866688" role="forward"/>
  <member type="way" ref="20127023" role="forward"/>
  <member type="way" ref="267554679" role="forward"/>
  <member type="way" ref="295266069" role="forward"/>
  <member type="way" ref="295266073" role="forward"/>
  <member type="way" ref="295266070" role="forward"/>
  <member type="way" ref="295266068" role="forward"/>
  <member type="way" ref="20137954" role="forward"/>
  <member type="way" ref="295266053" role="forward"/>
  <member type="way" ref="295266049" role="forward"/>
  <member type="way" ref="328867154" role="forward"/>
  <member type="way" ref="295266048" role="forward"/>
  <member type="way" ref="295266050" role="forward"/>
  <member type="way" ref="139601698" role="forward"/>
  <member type="way" ref="675322974" role="forward"/>
  <member type="way" ref="295266080" role="forward"/>
  <member type="way" ref="1545634974" role="forward"/>
  <member type="way" ref="20118315" role="forward"/>
  <member type="way" ref="220390370" role="forward"/>
  <member type="way" ref="220390372" role="forward"/>
  <member type="way" ref="1508769149" role="forward"/>
  <member type="way" ref="321188491" role="forward"/>
  <member type="way" ref="321188490" role="forward"/>
  <member type="way" ref="20118503" role="forward"/>
  <member type="way" ref="43249118" role="forward"/>
  <member type="way" ref="43249119" role="forward"/>
  <member type="way" ref="20125746" role=""/>
  <member type="way" ref="20125607" role=""/>
  <member type="way" ref="1388154786" role=""/>
  <member type="way" ref="674338745" role=""/>
  <member type="way" ref="954209526" role=""/>
  <member type="way" ref="469983182" role=""/>
  <member type="way" ref="249488973" role=""/>
  <member type="way" ref="322874313" role=""/>
  <member type="way" ref="674338762" role=""/>
  <member type="way" ref="674338763" role="forward"/>
  <member type="way" ref="675890209" role="forward"/>
  <member type="way" ref="674746347" role="forward"/>
  <member type="way" ref="675049572" role="forward"/>
  <member type="way" ref="675049571" role="forward"/>
  <member type="way" ref="675049570" role="forward"/>
  <member type="way" ref="674746348" role="forward"/>
  <member type="way" ref="675049504" role="forward"/>
  <member type="way" ref="336600314" role="forward"/>
  <member type="way" ref="384536949" role="forward"/>
  <member type="way" ref="44866687" role="forward"/>
  <member type="way" ref="675323010" role="forward"/>
  <member type="way" ref="384536945" role="forward"/>
  <member type="way" ref="1292286619" role="forward"/>
  <member type="way" ref="1378035655" role="forward"/>
  <member type="way" ref="1500648374" role="forward"/>
  <member type="way" ref="43249129" role="forward"/>
  <member type="way" ref="43249128" role="forward"/>
  <member type="way" ref="43249134" role="forward"/>
  <member type="way" ref="321724598" role="forward"/>
  <member type="way" ref="321724600" role="forward"/>
  <member type="way" ref="43249135" role="forward"/>
  <member type="way" ref="43249120" role="forward"/>
  <member type="way" ref="43249126" role="forward"/>
  <member type="way" ref="43249124" role="forward"/>
  <member type="way" ref="43249115" role="forward"/>
  <member type="way" ref="321724596" role="forward"/>
  <member type="way" ref="321724597" role="forward"/>
  <tag k="fixme" v="verify route at east end"/>
  <tag k="name" v="Centro 323X James Street-East Syracuse-Minoa Express"/>
  <tag k="network" v="Centro Syracuse"/>
  <tag k="network:wikidata" v="Q130302372"/>
  <tag k="operator" v="Central New York Regional Transportation Authority"/>
  <tag k="operator:short" v="Centro"/>
  <tag k="operator:wikidata" v="Q5061513"/>
  <tag k="public_transport:version" v="1"/>
  <tag k="ref" v="323X"/>
  <tag k="route" v="bus"/>
  <tag k="type" v="route"/>
 </relation>
 <relation id="9377454" visible="true" version="22" changeset="188641748" timestamp="2026-09-06T22:11:29Z" user="nopeinomicon" uid="21426053">
  <member type="node" ref="6315270797" role="stop"/>
  <member type="way" ref="674746348" role="forward"/>
  <member type="way" ref="674338762" role="backward"/>
  <member type="way" ref="322874313" role="backward"/>
  <member type="way" ref="249488973" role="forward"/>
  <member type="way" ref="469983182" role="forward"/>
  <member type="way" ref="954209526" role="forward"/>
  <member type="way" ref="674338745" role="backward"/>
  <member type="way" ref="1388154786" role="backward"/>
  <member type="way" ref="20125607" role="backward"/>
  <member type="way" ref="20125746" role="backward"/>
  <member type="way" ref="20138806" role="forward"/>
  <member type="way" ref="675747287" role="forward"/>
  <member type="way" ref="157188885" role="forward"/>
  <member type="way" ref="1175231304" role="forward"/>
  <member type="way" ref="319110231" role="forward"/>
  <member type="way" ref="139456736" role="backward"/>
  <member type="way" ref="675049501" role="backward"/>
  <member type="way" ref="323574766" role="forward"/>
  <member type="way" ref="196591470" role="forward"/>
  <member type="way" ref="627649777" role="forward"/>
  <member type="way" ref="397174251" role="forward"/>
  <member type="way" ref="198706375" role="forward"/>
  <member type="way" ref="198706376" role="forward"/>
  <member type="way" ref="1078377449" role="forward"/>
  <member type="way" ref="1078377450" role="forward"/>
  <member type="way" ref="675049621" role="forward"/>
  <member type="way" ref="1537179614" role="forward"/>
  <member type="way" ref="198706377" role="forward"/>
  <member type="way" ref="1537369376" role="forward"/>
  <member type="way" ref="326464527" role="forward"/>
  <member type="way" ref="326464528" role="forward"/>
  <member type="way" ref="1537369377" role="forward"/>
  <member type="way" ref="326464529" role="forward"/>
  <member type="way" ref="196591472" role="forward"/>
  <member type="way" ref="196591471" role="forward"/>
  <member type="way" ref="478723189" role="forward"/>
  <member type="way" ref="478723188" role="forward"/>
  <member type="way" ref="223849437" role="forward"/>
  <member type="way" ref="1414844864" role="forward"/>
  <member type="way" ref="1414844863" role="forward"/>
  <member type="way" ref="1414821593" role="forward"/>
  <member type="way" ref="1414821592" role="forward"/>
  <member type="way" ref="1414820670" role="forward"/>
  <member type="way" ref="1414820669" role="forward"/>
  <member type="way" ref="425659689" role="forward"/>
  <member type="way" ref="425659690" role="forward"/>
  <member type="way" ref="425659692" role="forward"/>
  <member type="way" ref="425659688" role="forward"/>
  <member type="way" ref="425659687" role="forward"/>
  <member type="way" ref="425659691" role="forward"/>
  <member type="way" ref="308210259" role="forward"/>
  <member type="way" ref="308210258" role="forward"/>
  <member type="way" ref="1556662810" role="forward"/>
  <member type="way" ref="675049627" role="forward"/>
  <member type="way" ref="1254353001" role="forward"/>
  <member type="way" ref="1556662811" role="forward"/>
  <member type="way" ref="308210260" role="forward"/>
  <member type="way" ref="1254353000" role="forward"/>
  <member type="way" ref="675049623" role="forward"/>
  <member type="way" ref="1254352999" role="forward"/>
  <member type="way" ref="183486341" role="forward"/>
  <member type="way" ref="183486344" role="forward"/>
  <member type="way" ref="49664427" role="forward"/>
  <member type="way" ref="675049662" role="forward"/>
  <member type="way" ref="49664429" role="forward"/>
  <member type="way" ref="325753453" role="forward"/>
  <member type="way" ref="325753452" role="forward"/>
  <member type="way" ref="325753449" role="forward"/>
  <member type="way" ref="325753451" role="forward"/>
  <member type="way" ref="325753450" role="forward"/>
  <member type="way" ref="220365213" role="forward"/>
  <member type="way" ref="1414847691" role="forward"/>
  <member type="way" ref="1414847690" role="forward"/>
  <member type="way" ref="220365211" role="forward"/>
  <member type="way" ref="220365216" role="forward"/>
  <member type="way" ref="1414850095" role="forward"/>
  <member type="way" ref="1414850096" role="forward"/>
  <member type="way" ref="220365214" role="forward"/>
  <member type="way" ref="20121510" role="forward"/>
  <member type="way" ref="352696642" role="forward"/>
  <member type="way" ref="220341584" role="forward"/>
  <member type="way" ref="20151213" role="forward"/>
  <member type="way" ref="20148469" role="forward"/>
  <member type="way" ref="675049567" role="forward"/>
  <member type="way" ref="248031126" role="forward"/>
  <member type="way" ref="1453535467" role="forward"/>
  <member type="way" ref="344612560" role="forward"/>
  <member type="way" ref="220341585" role="forward"/>
  <member type="way" ref="344571650" role="forward"/>
  <member type="way" ref="1122582908" role="forward"/>
  <member type="way" ref="344571651" role="forward"/>
  <member type="way" ref="249389681" role="forward"/>
  <member type="way" ref="249614166" role="forward"/>
  <member type="way" ref="191077752" role="forward"/>
  <member type="way" ref="20149706" role="forward"/>
  <member type="way" ref="139456751" role="backward"/>
  <member type="way" ref="344612558" role="backward"/>
  <member type="way" ref="344612557" role="backward"/>
  <member type="way" ref="20120299" role="forward"/>
  <member type="way" ref="675049564" role="forward"/>
  <member type="way" ref="675049561" role="forward"/>
  <member type="way" ref="20147154" role="forward"/>
  <member type="way" ref="317463903" role="forward"/>
  <member type="way" ref="317463902" role="forward"/>
  <member type="way" ref="317463890" role="forward"/>
  <member type="way" ref="317463888" role="forward"/>
  <member type="way" ref="317463891" role="forward"/>
  <member type="way" ref="246148621" role="forward"/>
  <member type="way" ref="246148625" role="forward"/>
  <member type="way" ref="317463895" role="forward"/>
  <member type="way" ref="675049556" role="forward"/>
  <member type="way" ref="675049555" role="forward"/>
  <member type="way" ref="20136329" role="forward"/>
  <member type="way" ref="317463895" role="backward"/>
  <member type="way" ref="246148625" role="backward"/>
  <member type="way" ref="246148621" role="backward"/>
  <member type="way" ref="317463891" role="backward"/>
  <member type="way" ref="317463888" role="backward"/>
  <member type="way" ref="317463890" role="backward"/>
  <member type="way" ref="317463885" role="forward"/>
  <member type="way" ref="317463892" role="forward"/>
  <member type="way" ref="317463893" role="forward"/>
  <member type="way" ref="317463887" role="forward"/>
  <member type="way" ref="317463894" role="forward"/>
  <member type="way" ref="317463886" role="forward"/>
  <member type="way" ref="317463884" role="forward"/>
  <member type="way" ref="1476340634" role="forward"/>
  <member type="way" ref="1476340633" role="forward"/>
  <member type="way" ref="271051464" role="forward"/>
  <member type="way" ref="317463889" role="forward"/>
  <member type="way" ref="20138485" role="forward"/>
  <member type="way" ref="20139657" role="forward"/>
  <member type="way" ref="675049547" role="forward"/>
  <member type="way" ref="675049553" role="forward"/>
  <member type="way" ref="675049550" role="forward"/>
  <member type="way" ref="675049548" role="forward"/>
  <member type="way" ref="675049547" role="forward"/>
  <member type="way" ref="675049554" role="forward"/>
  <member type="way" ref="20148974" role="forward"/>
  <member type="way" ref="675049526" role="forward"/>
  <member type="way" ref="306247984" role="forward"/>
  <member type="way" ref="306247983" role="forward"/>
  <member type="way" ref="111725809" role="forward"/>
  <member type="way" ref="675049522" role="forward"/>
  <member type="way" ref="54184952" role="forward"/>
  <member type="way" ref="54184948" role="forward"/>
  <member type="way" ref="306247981" role="forward"/>
  <member type="way" ref="139456687" role="forward"/>
  <member type="way" ref="306247980" role="forward"/>
  <member type="way" ref="306247978" role="forward"/>
  <member type="way" ref="139456688" role="forward"/>
  <member type="way" ref="306247977" role="forward"/>
  <member type="way" ref="139456686" role="forward"/>
  <member type="way" ref="295266047" role="forward"/>
  <member type="way" ref="364365417" role="forward"/>
  <member type="way" ref="675049544" role="forward"/>
  <member type="way" ref="675049543" role="forward"/>
  <member type="way" ref="163715857" role="forward"/>
  <member type="way" ref="675049542" role="forward"/>
  <member type="way" ref="103912850" role="forward"/>
  <member type="way" ref="344612555" role="forward"/>
  <member type="way" ref="20125170" role="forward"/>
  <member type="way" ref="675049557" role="forward"/>
  <member type="way" ref="20119748" role="forward"/>
  <member type="way" ref="675049569" role="forward"/>
  <member type="way" ref="193891605" role="forward"/>
  <member type="way" ref="295587192" role="forward"/>
  <member type="way" ref="139456702" role="forward"/>
  <member type="way" ref="20125895" role="forward"/>
  <member type="way" ref="295587197" role="forward"/>
  <member type="way" ref="295587194" role="forward"/>
  <member type="way" ref="139456813" role="forward"/>
  <member type="way" ref="20135496" role="forward"/>
  <member type="way" ref="319153972" role="forward"/>
  <member type="way" ref="675049514" role="forward"/>
  <member type="way" ref="675049512" role="forward"/>
  <member type="way" ref="388354530" role="forward"/>
  <member type="way" ref="675049517" role="forward"/>
  <member type="way" ref="675049515" role="forward"/>
  <member type="way" ref="319153972" role="backward"/>
  <member type="way" ref="20135496" role="backward"/>
  <member type="way" ref="20135523" role="forward"/>
  <member type="way" ref="295587193" role="forward"/>
  <member type="way" ref="139456701" role="forward"/>
  <member type="way" ref="139456700" role="forward"/>
  <member type="way" ref="295587195" role="forward"/>
  <member type="way" ref="295587192" role="forward"/>
  <member type="way" ref="20144145" role="forward"/>
  <tag k="name" v="Centro 122 James Street-Route 298-Fly Road"/>
  <tag k="network" v="Centro Syracuse"/>
  <tag k="network:wikidata" v="Q130302372"/>
  <tag k="operator" v="Central New York Regional Transportation Authority"/>
  <tag k="operator:short" v="Centro"/>
  <tag k="operator:wikidata" v="Q5061513"/>
  <tag k="public_transport:version" v="1"/>
  <tag k="ref" v="122"/>
  <tag k="route" v="bus"/>
  <tag k="type" v="route"/>
 </relation>
 <relation id="9377455" visible="true" version="23" changeset="188641748" timestamp="2026-09-06T22:11:29Z" user="nopeinomicon" uid="21426053">
  <member type="node" ref="6315270797" role="stop"/>
  <member type="node" ref="6315270793" role="stop"/>
  <member type="node" ref="6315270799" role="stop"/>
  <member type="node" ref="6315270786" role="stop"/>
  <member type="way" ref="20136329" role="forward"/>
  <member type="way" ref="675049555" role="forward"/>
  <member type="way" ref="675049556" role="forward"/>
  <member type="way" ref="317463895" role=""/>
  <member type="way" ref="246148625" role=""/>
  <member type="way" ref="246148621" role=""/>
  <member type="way" ref="317463891" role=""/>
  <member type="way" ref="20122618" role="forward"/>
  <member type="way" ref="317463888" role="forward"/>
  <member type="way" ref="317463890" role="forward"/>
  <member type="way" ref="317463902" role="forward"/>
  <member type="way" ref="317463903" role=""/>
  <member type="way" ref="20147154" role=""/>
  <member type="way" ref="675049561" role=""/>
  <member type="way" ref="675049564" role=""/>
  <member type="way" ref="20125170" role=""/>
  <member type="way" ref="220341587" role="forward"/>
  <member type="way" ref="344612557" role="forward"/>
  <member type="way" ref="344612558" role="forward"/>
  <member type="way" ref="139456751" role="forward"/>
  <member type="way" ref="320853126" role="forward"/>
  <member type="way" ref="220341585" role="forward"/>
  <member type="way" ref="344571650" role="forward"/>
  <member type="way" ref="1122582908" role="forward"/>
  <member type="way" ref="344571651" role="forward"/>
  <member type="way" ref="249389681" role="forward"/>
  <member type="way" ref="249614166" role="forward"/>
  <member type="way" ref="191077752" role="forward"/>
  <member type="way" ref="249531633" role="forward"/>
  <member type="way" ref="344612560" role="backward"/>
  <member type="way" ref="248031126" role="backward"/>
  <member type="way" ref="1453535467" role="backward"/>
  <member type="way" ref="344612555" role="forward"/>
  <member type="way" ref="103912850" role="forward"/>
  <member type="way" ref="675049567" role=""/>
  <member type="way" ref="20148469" role=""/>
  <member type="way" ref="20151213" role=""/>
  <member type="way" ref="220341584" role=""/>
  <member type="way" ref="220341586" role="forward"/>
  <member type="way" ref="20125895" role="forward"/>
  <member type="way" ref="295587197" role="forward"/>
  <member type="way" ref="295587194" role="forward"/>
  <member type="way" ref="295587196" role="forward"/>
  <member type="way" ref="295587193" role="forward"/>
  <member type="way" ref="139456701" role="forward"/>
  <member type="way" ref="139456700" role="forward"/>
  <member type="way" ref="43249100" role="forward"/>
  <member type="way" ref="350643023" role="forward"/>
  <member type="way" ref="193891602" role="forward"/>
  <member type="way" ref="352696642" role="forward"/>
  <member type="way" ref="20121510" role="forward"/>
  <member type="way" ref="220365214" role="forward"/>
  <member type="way" ref="1414850096" role="forward"/>
  <member type="way" ref="1414850095" role=""/>
  <member type="way" ref="220365216" role=""/>
  <member type="way" ref="220365211" role=""/>
  <member type="way" ref="1414847690" role=""/>
  <member type="way" ref="1414847691" role=""/>
  <member type="way" ref="220365213" role=""/>
  <member type="way" ref="325753450" role=""/>
  <member type="way" ref="325753451" role=""/>
  <member type="way" ref="325753449" role=""/>
  <member type="way" ref="325753452" role=""/>
  <member type="way" ref="325753453" role=""/>
  <member type="way" ref="49664429" role=""/>
  <member type="way" ref="675049662" role=""/>
  <member type="way" ref="49664427" role=""/>
  <member type="way" ref="183486344" role=""/>
  <member type="way" ref="183486341" role=""/>
  <member type="way" ref="1254352999" role=""/>
  <member type="way" ref="675049623" role=""/>
  <member type="way" ref="1254353000" role=""/>
  <member type="way" ref="308210260" role=""/>
  <member type="way" ref="1556662811" role=""/>
  <member type="way" ref="1254353001" role=""/>
  <member type="way" ref="675049627" role=""/>
  <member type="way" ref="1556662810" role=""/>
  <member type="way" ref="308210258" role=""/>
  <member type="way" ref="308210259" role=""/>
  <member type="way" ref="425659691" role=""/>
  <member type="way" ref="425659687" role=""/>
  <member type="way" ref="425659688" role=""/>
  <member type="way" ref="425659692" role=""/>
  <member type="way" ref="425659690" role=""/>
  <member type="way" ref="425659689" role=""/>
  <member type="way" ref="1414820669" role=""/>
  <member type="way" ref="1414820670" role=""/>
  <member type="way" ref="1414821592" role=""/>
  <member type="way" ref="1414821593" role=""/>
  <member type="way" ref="1414844863" role=""/>
  <member type="way" ref="1414844864" role=""/>
  <member type="way" ref="223849437" role=""/>
  <member type="way" ref="478723188" role=""/>
  <member type="way" ref="478723189" role=""/>
  <member type="way" ref="196591471" role=""/>
  <member type="way" ref="196591472" role=""/>
  <member type="way" ref="326464529" role=""/>
  <member type="way" ref="1537369377" role=""/>
  <member type="way" ref="326464528" role=""/>
  <member type="way" ref="326464527" role=""/>
  <member type="way" ref="1537369376" role=""/>
  <member type="way" ref="198706377" role=""/>
  <member type="way" ref="1537179614" role=""/>
  <member type="way" ref="675049621" role=""/>
  <member type="way" ref="1078377450" role=""/>
  <member type="way" ref="1078377449" role=""/>
  <member type="way" ref="198706376" role=""/>
  <member type="way" ref="198706375" role=""/>
  <member type="way" ref="397174251" role=""/>
  <member type="way" ref="627649777" role=""/>
  <member type="way" ref="196591470" role=""/>
  <member type="way" ref="323574766" role=""/>
  <member type="way" ref="675049501" role=""/>
  <member type="way" ref="139456736" role=""/>
  <member type="way" ref="45738910" role="forward"/>
  <member type="way" ref="319237801" role="forward"/>
  <member type="way" ref="564443348" role="forward"/>
  <member type="way" ref="20148947" role="forward"/>
  <member type="way" ref="675747286" role="forward"/>
  <member type="way" ref="373861334" role="forward"/>
  <member type="way" ref="1254352987" role="forward"/>
  <member type="way" ref="20138806" role="forward"/>
  <member type="way" ref="675747287" role="forward"/>
  <member type="way" ref="157188885" role="forward"/>
  <member type="way" ref="1175231304" role="forward"/>
  <member type="way" ref="319110231" role="forward"/>
  <member type="way" ref="20125746" role=""/>
  <member type="way" ref="20125607" role=""/>
  <member type="way" ref="1388154786" role=""/>
  <member type="way" ref="674338745" role=""/>
  <member type="way" ref="954209526" role=""/>
  <member type="way" ref="469983182" role=""/>
  <member type="way" ref="249488973" role=""/>
  <member type="way" ref="322874313" role=""/>
  <member type="way" ref="674338762" role=""/>
  <member type="way" ref="674746348" role=""/>
  <member type="way" ref="675049587" role="backward"/>
  <member type="way" ref="675049578" role="backward"/>
  <member type="way" ref="674338763" role="forward"/>
  <member type="way" ref="675890209" role="forward"/>
  <member type="way" ref="674746347" role="forward"/>
  <member type="way" ref="675049572" role="forward"/>
  <member type="way" ref="675049571" role="forward"/>
  <member type="way" ref="675049570" role="forward"/>
  <member type="way" ref="139456813" role="forward"/>
  <member type="way" ref="20135496" role="forward"/>
  <member type="way" ref="319153972" role="forward"/>
  <member type="way" ref="675049514" role="forward"/>
  <member type="way" ref="675049512" role="forward"/>
  <member type="way" ref="388354530" role="forward"/>
  <member type="way" ref="675049517" role="forward"/>
  <member type="way" ref="675049515" role="forward"/>
  <member type="way" ref="319153972" role="backward"/>
  <member type="way" ref="20135496" role="backward"/>
  <member type="way" ref="20135523" role="forward"/>
  <member type="way" ref="675049557" role="forward"/>
  <member type="way" ref="675049666" role="forward"/>
  <member type="way" ref="295408600" role="forward"/>
  <member type="way" ref="220365212" role="forward"/>
  <member type="way" ref="220365215" role="forward"/>
  <member type="way" ref="1369928431" role="forward"/>
  <member type="way" ref="1369928430" role="forward"/>
  <member type="way" ref="295408606" role="forward"/>
  <member type="way" ref="295408598" role="forward"/>
  <member type="way" ref="295408599" role="forward"/>
  <member type="way" ref="295408604" role="forward"/>
  <member type="way" ref="193891603" role="forward"/>
  <member type="way" ref="111654478" role="forward"/>
  <member type="way" ref="111654468" role="forward"/>
  <member type="way" ref="20117760" role="forward"/>
  <member type="way" ref="193891607" role="forward"/>
  <member type="way" ref="43249117" role="forward"/>
  <member type="way" ref="111654477" role="forward"/>
  <member type="way" ref="43249116" role="forward"/>
  <member type="way" ref="321721646" role="forward"/>
  <member type="way" ref="321721637" role="forward"/>
  <member type="way" ref="43249114" role="forward"/>
  <member type="way" ref="43249125" role="forward"/>
  <member type="way" ref="321721647" role="forward"/>
  <member type="way" ref="43249127" role="forward"/>
  <member type="way" ref="43249121" role="forward"/>
  <member type="way" ref="43249133" role="forward"/>
  <member type="way" ref="1001205354" role="forward"/>
  <member type="way" ref="43249132" role="forward"/>
  <member type="way" ref="43249131" role="forward"/>
  <member type="way" ref="43249130" role="forward"/>
  <member type="way" ref="192762527" role="forward"/>
  <member type="way" ref="43249142" role="forward"/>
  <member type="way" ref="43249143" role="forward"/>
  <member type="way" ref="321713517" role="forward"/>
  <member type="way" ref="20118390" role="forward"/>
  <member type="way" ref="43249151" role="forward"/>
  <member type="way" ref="43249148" role="forward"/>
  <member type="way" ref="43249146" role="forward"/>
  <member type="way" ref="221666420" role="forward"/>
  <member type="way" ref="43249149" role="forward"/>
  <member type="way" ref="157859542" role="forward"/>
  <member type="way" ref="654562491" role="forward"/>
  <tag k="name" v="Centro 22 James Street-Route 298"/>
  <tag k="network" v="Centro Syracuse"/>
  <tag k="network:wikidata" v="Q130302372"/>
  <tag k="operator" v="Central New York Regional Transportation Authority"/>
  <tag k="operator:short" v="Centro"/>
  <tag k="operator:wikidata" v="Q5061513"/>
  <tag k="public_transport:version" v="1"/>
  <tag k="ref" v="22"/>
  <tag k="route" v="bus"/>
  <tag k="type" v="route"/>
 </relation>
 <relation id="9377456" visible="true" version="25" changeset="188641748" timestamp="2026-09-06T22:11:29Z" user="nopeinomicon" uid="21426053">
  <member type="node" ref="6315270797" role="stop"/>
  <member type="node" ref="6315270793" role="stop"/>
  <member type="way" ref="675049519" role="forward"/>
  <member type="way" ref="675049521" role="forward"/>
  <member type="way" ref="320372864" role="forward"/>
  <member type="way" ref="320372862" role="forward"/>
  <member type="way" ref="156549256" role="forward"/>
  <member type="way" ref="675049520" role="forward"/>
  <member type="way" ref="317827521" role=""/>
  <member type="way" ref="20135823" role=""/>
  <member type="way" ref="317463911" role=""/>
  <member type="way" ref="317463913" role=""/>
  <member type="way" ref="317463912" role=""/>
  <member type="way" ref="192383414" role=""/>
  <member type="way" ref="192383413" role=""/>
  <member type="way" ref="317463910" role=""/>
  <member type="way" ref="317463914" role=""/>
  <member type="way" ref="415074783" role=""/>
  <member type="way" ref="306963559" role=""/>
  <member type="way" ref="220328000" role=""/>
  <member type="way" ref="220328001" role="forward"/>
  <member type="way" ref="295266052" role="forward"/>
  <member type="way" ref="139601698" role="forward"/>
  <member type="way" ref="295266050" role="forward"/>
  <member type="way" ref="295266048" role="forward"/>
  <member type="way" ref="328867154" role="forward"/>
  <member type="way" ref="295266049" role="forward"/>
  <member type="way" ref="295266053" role="forward"/>
  <member type="way" ref="139456686" role="forward"/>
  <member type="way" ref="295266047" role="forward"/>
  <member type="way" ref="364365417" role="forward"/>
  <member type="way" ref="326472870" role="forward"/>
  <member type="way" ref="328867156" role="forward"/>
  <member type="way" ref="1545634978" role="forward"/>
  <member type="way" ref="139601707" role="forward"/>
  <member type="way" ref="328867155" role="forward"/>
  <member type="way" ref="324339726" role="forward"/>
  <member type="way" ref="295266054" role="forward"/>
  <member type="way" ref="295266051" role="forward"/>
  <member type="way" ref="20130010" role="forward"/>
  <member type="way" ref="295266067" role="forward"/>
  <member type="way" ref="139456761" role="forward"/>
  <member type="way" ref="248460354" role="forward"/>
  <member type="way" ref="295266071" role="forward"/>
  <member type="way" ref="20127824" role="forward"/>
  <member type="way" ref="306247973" role="forward"/>
  <member type="way" ref="306247972" role="forward"/>
  <member type="way" ref="675049544" role=""/>
  <member type="way" ref="675049543" role="forward"/>
  <member type="way" ref="163715857" role="forward"/>
  <member type="way" ref="675049542" role="forward"/>
  <member type="way" ref="675049518" role="forward"/>
  <member type="way" ref="675049525" role="forward"/>
  <member type="way" ref="163715860" role="forward"/>
  <member type="way" ref="675049545" role="forward"/>
  <member type="way" ref="675049545" role="forward"/>
  <member type="way" ref="163715860" role="forward"/>
  <member type="way" ref="675049525" role="forward"/>
  <member type="way" ref="675049518" role="forward"/>
  <member type="way" ref="675049542" role="forward"/>
  <member type="way" ref="163715857" role="forward"/>
  <member type="way" ref="675049543" role="forward"/>
  <member type="way" ref="675049544" role=""/>
  <member type="way" ref="306247972" role="forward"/>
  <member type="way" ref="306247973" role="forward"/>
  <member type="way" ref="20127824" role="forward"/>
  <member type="way" ref="295266071" role="forward"/>
  <member type="way" ref="248460354" role="forward"/>
  <member type="way" ref="139456761" role="forward"/>
  <member type="way" ref="20122221" role="forward"/>
  <member type="way" ref="364365417" role="forward"/>
  <member type="way" ref="295266047" role="forward"/>
  <member type="way" ref="139456686" role="forward"/>
  <member type="way" ref="306247977" role="forward"/>
  <member type="way" ref="139456688" role="forward"/>
  <member type="way" ref="306247978" role=""/>
  <member type="way" ref="306247980" role=""/>
  <member type="way" ref="139456687" role=""/>
  <member type="way" ref="306247981" role=""/>
  <member type="way" ref="54184948" role=""/>
  <member type="way" ref="54184952" role=""/>
  <member type="way" ref="20121045" role="forward"/>
  <member type="way" ref="675049522" role="forward"/>
  <member type="way" ref="111725809" role="forward"/>
  <member type="way" ref="306247983" role="forward"/>
  <member type="way" ref="306247984" role=""/>
  <member type="way" ref="675049526" role=""/>
  <member type="way" ref="675049551" role="forward"/>
  <member type="way" ref="675049550" role="forward"/>
  <member type="way" ref="675049548" role="forward"/>
  <member type="way" ref="20148974" role="forward"/>
  <member type="way" ref="675049554" role="forward"/>
  <member type="way" ref="675049547" role="forward"/>
  <member type="way" ref="20151224" role=""/>
  <member type="way" ref="20144148" role=""/>
  <member type="way" ref="675049523" role="forward"/>
  <member type="way" ref="675049524" role="forward"/>
  <member type="way" ref="675049524" role="forward"/>
  <member type="way" ref="675049523" role="forward"/>
  <member type="way" ref="20144148" role=""/>
  <member type="way" ref="20151224" role=""/>
  <member type="way" ref="675049547" role="forward"/>
  <member type="way" ref="675049554" role="forward"/>
  <member type="way" ref="20148974" role="forward"/>
  <member type="way" ref="675049548" role="forward"/>
  <member type="way" ref="675049550" role="forward"/>
  <member type="way" ref="675049551" role="forward"/>
  <member type="way" ref="675049526" role=""/>
  <member type="way" ref="306247984" role=""/>
  <member type="way" ref="306247983" role=""/>
  <member type="way" ref="139456713" role=""/>
  <member type="way" ref="1302099463" role=""/>
  <member type="way" ref="139456712" role=""/>
  <member type="way" ref="1302099467" role=""/>
  <member type="way" ref="675049546" role=""/>
  <member type="way" ref="20149700" role=""/>
  <member type="way" ref="194280663" role=""/>
  <member type="way" ref="139456726" role=""/>
  <member type="way" ref="421283226" role=""/>
  <member type="way" ref="183486342" role=""/>
  <member type="way" ref="139456727" role=""/>
  <member type="way" ref="1372533056" role=""/>
  <member type="way" ref="183486340" role=""/>
  <member type="way" ref="183486343" role=""/>
  <member type="way" ref="139456729" role=""/>
  <member type="way" ref="675049662" role=""/>
  <member type="way" ref="49664427" role=""/>
  <member type="way" ref="183486344" role=""/>
  <member type="way" ref="183486341" role=""/>
  <member type="way" ref="1254352999" role=""/>
  <member type="way" ref="675049623" role=""/>
  <member type="way" ref="1254353000" role=""/>
  <member type="way" ref="308210260" role=""/>
  <member type="way" ref="1556662811" role=""/>
  <member type="way" ref="1254353001" role=""/>
  <member type="way" ref="675049627" role=""/>
  <member type="way" ref="1556662810" role=""/>
  <member type="way" ref="308210258" role=""/>
  <member type="way" ref="308210259" role=""/>
  <member type="way" ref="425659691" role=""/>
  <member type="way" ref="425659687" role=""/>
  <member type="way" ref="425659688" role=""/>
  <member type="way" ref="425659692" role=""/>
  <member type="way" ref="425659690" role=""/>
  <member type="way" ref="425659689" role=""/>
  <member type="way" ref="1414820669" role=""/>
  <member type="way" ref="1414820670" role=""/>
  <member type="way" ref="1414821592" role=""/>
  <member type="way" ref="1414821593" role=""/>
  <member type="way" ref="1414844863" role=""/>
  <member type="way" ref="1414844864" role=""/>
  <member type="way" ref="223849437" role=""/>
  <member type="way" ref="478723188" role=""/>
  <member type="way" ref="478723189" role=""/>
  <member type="way" ref="196591471" role=""/>
  <member type="way" ref="196591472" role=""/>
  <member type="way" ref="326464529" role=""/>
  <member type="way" ref="1537369377" role=""/>
  <member type="way" ref="326464528" role=""/>
  <member type="way" ref="326464527" role=""/>
  <member type="way" ref="1537369376" role=""/>
  <member type="way" ref="198706377" role=""/>
  <member type="way" ref="1537179614" role=""/>
  <member type="way" ref="675049621" role=""/>
  <member type="way" ref="1078377450" role=""/>
  <member type="way" ref="1078377449" role=""/>
  <member type="way" ref="198706376" role=""/>
  <member type="way" ref="198706375" role=""/>
  <member type="way" ref="397174251" role=""/>
  <member type="way" ref="627649777" role=""/>
  <member type="way" ref="196591470" role=""/>
  <member type="way" ref="323574766" role=""/>
  <member type="way" ref="675049501" role=""/>
  <member type="way" ref="139456736" role=""/>
  <member type="way" ref="45738910" role="forward"/>
  <member type="way" ref="319237801" role="forward"/>
  <member type="way" ref="564443348" role="forward"/>
  <member type="way" ref="20148947" role="forward"/>
  <member type="way" ref="675747286" role="forward"/>
  <member type="way" ref="373861334" role="forward"/>
  <member type="way" ref="1254352987" role="forward"/>
  <member type="way" ref="20138806" role="forward"/>
  <member type="way" ref="675747287" role="forward"/>
  <member type="way" ref="319110231" role="forward"/>
  <member type="way" ref="157188885" role="forward"/>
  <member type="way" ref="1175231304" role="forward"/>
  <member type="way" ref="20125746" role=""/>
  <member type="way" ref="20125607" role=""/>
  <member type="way" ref="1388154786" role=""/>
  <member type="way" ref="674338745" role=""/>
  <member type="way" ref="954209526" role=""/>
  <member type="way" ref="469983182" role=""/>
  <member type="way" ref="249488973" role=""/>
  <member type="way" ref="322874313" role=""/>
  <member type="way" ref="674338762" role=""/>
  <member type="way" ref="674338763" role="forward"/>
  <member type="way" ref="675890209" role="forward"/>
  <member type="way" ref="674746347" role="forward"/>
  <member type="way" ref="675049572" role="forward"/>
  <member type="way" ref="675049571" role="forward"/>
  <member type="way" ref="675049570" role="forward"/>
  <member type="way" ref="674746348" role="forward"/>
  <member type="way" ref="20118926" role="forward"/>
  <member type="way" ref="20130001" role="forward"/>
  <member type="way" ref="20147317" role="forward"/>
  <member type="way" ref="675049511" role="forward"/>
  <member type="way" ref="675049510" role="forward"/>
  <member type="way" ref="43202254" role="forward"/>
  <member type="way" ref="43202253" role="forward"/>
  <member type="way" ref="20123800" role="forward"/>
  <member type="way" ref="829995313" role="forward"/>
  <member type="way" ref="829995314" role="forward"/>
  <member type="way" ref="675049508" role="forward"/>
  <member type="way" ref="216265393" role="forward"/>
  <member type="way" ref="1431656917" role="forward"/>
  <member type="way" ref="1431656918" role="forward"/>
  <member type="way" ref="1432208538" role="forward"/>
  <member type="way" ref="1432208539" role="forward"/>
  <member type="way" ref="1432250357" role="forward"/>
  <member type="way" ref="1432250358" role="forward"/>
  <member type="way" ref="216265392" role="forward"/>
  <member type="way" ref="421289390" role="forward"/>
  <member type="way" ref="421289384" role="forward"/>
  <member type="way" ref="421289386" role="forward"/>
  <member type="way" ref="421289389" role="forward"/>
  <member type="way" ref="421289392" role="forward"/>
  <member type="way" ref="421289382" role="forward"/>
  <member type="way" ref="675049538" role="forward"/>
  <member type="way" ref="20143499" role="forward"/>
  <member type="way" ref="54178748" role="forward"/>
  <member type="way" ref="54178722" role="forward"/>
  <member type="way" ref="139631918" role="forward"/>
  <member type="way" ref="675049537" role="forward"/>
  <member type="way" ref="20148327" role="forward"/>
  <member type="way" ref="20138557" role="forward"/>
  <member type="way" ref="20133105" role="forward"/>
  <member type="way" ref="54178751" role="forward"/>
  <member type="way" ref="54178750" role="forward"/>
  <member type="way" ref="675049530" role="forward"/>
  <member type="way" ref="675049529" role="forward"/>
  <member type="way" ref="675049527" role="forward"/>
  <tag k="name" v="Centro 223 James Street-East Syracuse-ShoppingTown Mall"/>
  <tag k="network" v="Centro Syracuse"/>
  <tag k="network:wikidata" v="Q130302372"/>
  <tag k="operator" v="Central New York Regional Transportation Authority"/>
  <tag k="operator:short" v="Centro"/>
  <tag k="operator:wikidata" v="Q5061513"/>
  <tag k="public_transport:version" v="1"/>
  <tag k="ref" v="223"/>
  <tag k="route" v="bus"/>
  <tag k="type" v="route"/>
 </relation>
 <relation id="9377457" visible="true" version="18" changeset="188641748" timestamp="2026-09-06T22:11:29Z" user="nopeinomicon" uid="21426053">
  <member type="node" ref="6315270797" role="stop"/>
  <member type="node" ref="6315270793" role="stop"/>
  <member type="node" ref="6315270786" role="stop"/>
  <member type="way" ref="675049545" role="forward"/>
  <member type="way" ref="163715860" role="forward"/>
  <member type="way" ref="675049525" role="forward"/>
  <member type="way" ref="675049518" role="forward"/>
  <member type="way" ref="675049542" role="forward"/>
  <member type="way" ref="163715857" role="forward"/>
  <member type="way" ref="675049543" role="forward"/>
  <member type="way" ref="675049544" role=""/>
  <member type="way" ref="306247972" role="forward"/>
  <member type="way" ref="306247973" role="forward"/>
  <member type="way" ref="20127824" role="forward"/>
  <member type="way" ref="295266071" role="forward"/>
  <member type="way" ref="248460354" role="forward"/>
  <member type="way" ref="139456761" role="forward"/>
  <member type="way" ref="20122221" role="forward"/>
  <member type="way" ref="364365417" role="forward"/>
  <member type="way" ref="295266047" role="forward"/>
  <member type="way" ref="139456686" role="forward"/>
  <member type="way" ref="306247977" role="forward"/>
  <member type="way" ref="139456688" role="forward"/>
  <member type="way" ref="306247978" role=""/>
  <member type="way" ref="306247980" role=""/>
  <member type="way" ref="139456687" role=""/>
  <member type="way" ref="306247981" role=""/>
  <member type="way" ref="54184948" role=""/>
  <member type="way" ref="54184952" role=""/>
  <member type="way" ref="20130001" role="forward"/>
  <member type="way" ref="139456713" role="forward"/>
  <member type="way" ref="1302099463" role="forward"/>
  <member type="way" ref="20118926" role="forward"/>
  <member type="way" ref="675049522" role="forward"/>
  <member type="way" ref="139456712" role=""/>
  <member type="way" ref="1302099467" role=""/>
  <member type="way" ref="675049546" role=""/>
  <member type="way" ref="20149700" role=""/>
  <member type="way" ref="194280663" role=""/>
  <member type="way" ref="139456726" role=""/>
  <member type="way" ref="421283226" role=""/>
  <member type="way" ref="183486342" role=""/>
  <member type="way" ref="139456727" role=""/>
  <member type="way" ref="1372533056" role=""/>
  <member type="way" ref="183486340" role=""/>
  <member type="way" ref="183486343" role=""/>
  <member type="way" ref="139456729" role=""/>
  <member type="way" ref="675049662" role=""/>
  <member type="way" ref="49664427" role=""/>
  <member type="way" ref="183486344" role=""/>
  <member type="way" ref="183486341" role=""/>
  <member type="way" ref="1254352999" role=""/>
  <member type="way" ref="675049623" role=""/>
  <member type="way" ref="1254353000" role=""/>
  <member type="way" ref="308210260" role=""/>
  <member type="way" ref="1556662811" role=""/>
  <member type="way" ref="1254353001" role=""/>
  <member type="way" ref="675049627" role=""/>
  <member type="way" ref="1556662810" role=""/>
  <member type="way" ref="308210258" role=""/>
  <member type="way" ref="308210259" role=""/>
  <member type="way" ref="425659691" role=""/>
  <member type="way" ref="425659687" role=""/>
  <member type="way" ref="425659688" role=""/>
  <member type="way" ref="425659692" role=""/>
  <member type="way" ref="425659690" role=""/>
  <member type="way" ref="425659689" role=""/>
  <member type="way" ref="1414820669" role=""/>
  <member type="way" ref="1414820670" role=""/>
  <member type="way" ref="1414821592" role=""/>
  <member type="way" ref="1414821593" role=""/>
  <member type="way" ref="1414844863" role=""/>
  <member type="way" ref="1414844864" role=""/>
  <member type="way" ref="223849437" role=""/>
  <member type="way" ref="478723188" role=""/>
  <member type="way" ref="478723189" role=""/>
  <member type="way" ref="196591471" role=""/>
  <member type="way" ref="196591472" role=""/>
  <member type="way" ref="326464529" role=""/>
  <member type="way" ref="1537369377" role=""/>
  <member type="way" ref="326464528" role=""/>
  <member type="way" ref="326464527" role=""/>
  <member type="way" ref="1537369376" role=""/>
  <member type="way" ref="198706377" role=""/>
  <member type="way" ref="1537179614" role=""/>
  <member type="way" ref="675049621" role=""/>
  <member type="way" ref="1078377450" role=""/>
  <member type="way" ref="1078377449" role=""/>
  <member type="way" ref="198706376" role=""/>
  <member type="way" ref="198706375" role=""/>
  <member type="way" ref="397174251" role=""/>
  <member type="way" ref="627649777" role=""/>
  <member type="way" ref="196591470" role=""/>
  <member type="way" ref="323574766" role=""/>
  <member type="way" ref="675049501" role=""/>
  <member type="way" ref="139456736" role=""/>
  <member type="way" ref="45738910" role="forward"/>
  <member type="way" ref="319237801" role="forward"/>
  <member type="way" ref="564443348" role="forward"/>
  <member type="way" ref="20148947" role="forward"/>
  <member type="way" ref="675747286" role="forward"/>
  <member type="way" ref="373861334" role="forward"/>
  <member type="way" ref="1254352987" role="forward"/>
  <member type="way" ref="20138806" role="forward"/>
  <member type="way" ref="675747287" role="forward"/>
  <member type="way" ref="319110231" role="forward"/>
  <member type="way" ref="157188885" role="forward"/>
  <member type="way" ref="1175231304" role="forward"/>
  <member type="way" ref="20125746" role=""/>
  <member type="way" ref="20125607" role=""/>
  <member type="way" ref="1388154786" role=""/>
  <member type="way" ref="674338745" role=""/>
  <member type="way" ref="954209526" role=""/>
  <member type="way" ref="469983182" role=""/>
  <member type="way" ref="249488973" role=""/>
  <member type="way" ref="322874313" role=""/>
  <member type="way" ref="674338762" role=""/>
  <member type="way" ref="674746348" role=""/>
  <member type="way" ref="675049587" role="backward"/>
  <member type="way" ref="675049578" role="backward"/>
  <member type="way" ref="674338763" role="forward"/>
  <member type="way" ref="675890209" role="forward"/>
  <member type="way" ref="674746347" role="forward"/>
  <member type="way" ref="675049572" role="forward"/>
  <member type="way" ref="675049571" role="forward"/>
  <member type="way" ref="675049570" role="forward"/>
  <tag k="name" v="Centro 123 James Street-East Syracuse-Walmart"/>
  <tag k="network" v="Centro Syracuse"/>
  <tag k="network:wikidata" v="Q130302372"/>
  <tag k="operator" v="Central New York Regional Transportation Authority"/>
  <tag k="operator:short" v="Centro"/>
  <tag k="operator:wikidata" v="Q5061513"/>
  <tag k="public_transport:version" v="1"/>
  <tag k="ref" v="123"/>
  <tag k="route" v="bus"/>
  <tag k="type" v="route"/>
 </relation>
 <relation id="9377458" visible="true" version="18" changeset="188641748" timestamp="2026-09-06T22:11:29Z" user="nopeinomicon" uid="21426053">
  <member type="node" ref="6315270797" role="stop"/>
  <member type="node" ref="6315270793" role="stop"/>
  <member type="way" ref="20148974" role="forward"/>
  <member type="way" ref="675049554" role="forward"/>
  <member type="way" ref="675049547" role="forward"/>
  <member type="way" ref="675049548" role="forward"/>
  <member type="way" ref="675049550" role="forward"/>
  <member type="way" ref="675049551" role="forward"/>
  <member type="way" ref="675049526" role=""/>
  <member type="way" ref="306247984" role=""/>
  <member type="way" ref="306247983" role=""/>
  <member type="way" ref="139456713" role=""/>
  <member type="way" ref="1302099463" role=""/>
  <member type="way" ref="139456712" role=""/>
  <member type="way" ref="1302099467" role=""/>
  <member type="way" ref="675049546" role=""/>
  <member type="way" ref="20149700" role=""/>
  <member type="way" ref="194280663" role=""/>
  <member type="way" ref="139456726" role=""/>
  <member type="way" ref="421283226" role=""/>
  <member type="way" ref="183486342" role=""/>
  <member type="way" ref="139456727" role=""/>
  <member type="way" ref="1372533056" role=""/>
  <member type="way" ref="183486340" role=""/>
  <member type="way" ref="183486343" role=""/>
  <member type="way" ref="139456729" role=""/>
  <member type="way" ref="675049662" role=""/>
  <member type="way" ref="49664427" role=""/>
  <member type="way" ref="183486344" role=""/>
  <member type="way" ref="183486341" role=""/>
  <member type="way" ref="1254352999" role=""/>
  <member type="way" ref="675049623" role=""/>
  <member type="way" ref="1254353000" role=""/>
  <member type="way" ref="308210260" role=""/>
  <member type="way" ref="1556662811" role=""/>
  <member type="way" ref="1254353001" role=""/>
  <member type="way" ref="675049627" role=""/>
  <member type="way" ref="1556662810" role=""/>
  <member type="way" ref="308210258" role=""/>
  <member type="way" ref="308210259" role=""/>
  <member type="way" ref="425659691" role=""/>
  <member type="way" ref="425659687" role=""/>
  <member type="way" ref="425659688" role=""/>
  <member type="way" ref="425659692" role=""/>
  <member type="way" ref="425659690" role=""/>
  <member type="way" ref="425659689" role=""/>
  <member type="way" ref="1414820669" role=""/>
  <member type="way" ref="1414820670" role=""/>
  <member type="way" ref="1414821592" role=""/>
  <member type="way" ref="1414821593" role=""/>
  <member type="way" ref="1414844863" role=""/>
  <member type="way" ref="1414844864" role=""/>
  <member type="way" ref="223849437" role=""/>
  <member type="way" ref="478723188" role=""/>
  <member type="way" ref="478723189" role=""/>
  <member type="way" ref="196591471" role=""/>
  <member type="way" ref="196591472" role=""/>
  <member type="way" ref="326464529" role=""/>
  <member type="way" ref="1537369377" role=""/>
  <member type="way" ref="326464528" role=""/>
  <member type="way" ref="326464527" role=""/>
  <member type="way" ref="1537369376" role=""/>
  <member type="way" ref="198706377" role=""/>
  <member type="way" ref="1537179614" role=""/>
  <member type="way" ref="675049621" role=""/>
  <member type="way" ref="1078377450" role=""/>
  <member type="way" ref="1078377449" role=""/>
  <member type="way" ref="198706376" role=""/>
  <member type="way" ref="198706375" role=""/>
  <member type="way" ref="397174251" role=""/>
  <member type="way" ref="627649777" role=""/>
  <member type="way" ref="196591470" role=""/>
  <member type="way" ref="323574766" role=""/>
  <member type="way" ref="675049501" role=""/>
  <member type="way" ref="139456736" role=""/>
  <member type="way" ref="45738910" role="forward"/>
  <member type="way" ref="319237801" role="forward"/>
  <member type="way" ref="564443348" role="forward"/>
  <member type="way" ref="20148947" role="forward"/>
  <member type="way" ref="675747286" role="forward"/>
  <member type="way" ref="373861334" role="forward"/>
  <member type="way" ref="1254352987" role="forward"/>
  <member type="way" ref="20138806" role="forward"/>
  <member type="way" ref="675747287" role="forward"/>
  <member type="way" ref="319110231" role="forward"/>
  <member type="way" ref="157188885" role="forward"/>
  <member type="way" ref="1175231304" role="forward"/>
  <member type="way" ref="20125746" role=""/>
  <member type="way" ref="20125607" role=""/>
  <member type="way" ref="1388154786" role=""/>
  <member type="way" ref="674338745" role=""/>
  <member type="way" ref="954209526" role=""/>
  <member type="way" ref="469983182" role=""/>
  <member type="way" ref="249488973" role=""/>
  <member type="way" ref="322874313" role=""/>
  <member type="way" ref="674338762" role=""/>
  <member type="way" ref="674338763" role="forward"/>
  <member type="way" ref="675890209" role="forward"/>
  <member type="way" ref="674746347" role="forward"/>
  <member type="way" ref="675049572" role="forward"/>
  <member type="way" ref="675049571" role="forward"/>
  <member type="way" ref="675049570" role="forward"/>
  <member type="way" ref="674746348" role="forward"/>
  <member type="way" ref="20151224" role="forward"/>
  <member type="way" ref="20144148" role="forward"/>
  <member type="way" ref="675049523" role="forward"/>
  <tag k="name" v="Centro 23 James Street-East Syracuse"/>
  <tag k="network" v="Centro Syracuse"/>
  <tag k="network:wikidata" v="Q130302372"/>
  <tag k="operator" v="Central New York Regional Transportation Authority"/>
  <tag k="operator:short" v="Centro"/>
  <tag k="operator:wikidata" v="Q5061513"/>
  <tag k="public_transport:version" v="1"/>
  <tag k="ref" v="23"/>
  <tag k="route" v="bus"/>
  <tag k="type" v="route"/>
 </relation>
 <relation id="9377459" visible="true" version="28" changeset="188641748" timestamp="2026-09-06T22:11:29Z" user="nopeinomicon" uid="21426053">
  <member type="node" ref="6315270797" role="stop"/>
  <member type="node" ref="6315270793" role="stop"/>
  <member type="way" ref="675049527" role=""/>
  <member type="way" ref="675049529" role=""/>
  <member type="way" ref="675049530" role=""/>
  <member type="way" ref="54178750" role=""/>
  <member type="way" ref="54178751" role=""/>
  <member type="way" ref="20138556" role=""/>
  <member type="way" ref="20149896" role=""/>
  <member type="way" ref="675049533" role=""/>
  <member type="way" ref="20148376" role=""/>
  <member type="way" ref="20129321" role=""/>
  <member type="way" ref="139631918" role=""/>
  <member type="way" ref="54178722" role=""/>
  <member type="way" ref="54178748" role=""/>
  <member type="way" ref="20143499" role=""/>
  <member type="way" ref="675049539" role=""/>
  <member type="way" ref="20135978" role=""/>
  <member type="way" ref="194096100" role=""/>
  <member type="way" ref="421289387" role=""/>
  <member type="way" ref="421289392" role=""/>
  <member type="way" ref="421289389" role=""/>
  <member type="way" ref="421289386" role=""/>
  <member type="way" ref="421289384" role=""/>
  <member type="way" ref="421289390" role=""/>
  <member type="way" ref="216265392" role=""/>
  <member type="way" ref="1432250358" role=""/>
  <member type="way" ref="1432250357" role=""/>
  <member type="way" ref="1432208539" role=""/>
  <member type="way" ref="1432208538" role=""/>
  <member type="way" ref="1431656918" role=""/>
  <member type="way" ref="1431656917" role=""/>
  <member type="way" ref="216265393" role=""/>
  <member type="way" ref="675049508" role=""/>
  <member type="way" ref="1430804277" role=""/>
  <member type="way" ref="1430211118" role=""/>
  <member type="way" ref="1430211119" role=""/>
  <member type="way" ref="1430282562" role=""/>
  <member type="way" ref="1430282563" role=""/>
  <member type="way" ref="194096099" role=""/>
  <member type="way" ref="1426825677" role=""/>
  <member type="way" ref="1426825676" role=""/>
  <member type="way" ref="1426657542" role=""/>
  <member type="way" ref="248460351" role=""/>
  <member type="way" ref="1424935757" role=""/>
  <member type="way" ref="108822883" role=""/>
  <member type="way" ref="20137951" role="forward"/>
  <member type="way" ref="295266072" role="forward"/>
  <member type="way" ref="295266071" role="forward"/>
  <member type="way" ref="248460354" role="forward"/>
  <member type="way" ref="139456761" role="forward"/>
  <member type="way" ref="20122221" role="forward"/>
  <member type="way" ref="295266069" role="forward"/>
  <member type="way" ref="295266073" role="forward"/>
  <member type="way" ref="295266070" role="forward"/>
  <member type="way" ref="295266068" role="forward"/>
  <member type="way" ref="20137954" role="forward"/>
  <member type="way" ref="306247977" role="forward"/>
  <member type="way" ref="139456688" role="forward"/>
  <member type="way" ref="306247978" role=""/>
  <member type="way" ref="306247980" role=""/>
  <member type="way" ref="139456687" role=""/>
  <member type="way" ref="306247981" role=""/>
  <member type="way" ref="54184948" role=""/>
  <member type="way" ref="54184952" role=""/>
  <member type="way" ref="20130001" role="forward"/>
  <member type="way" ref="139456713" role="forward"/>
  <member type="way" ref="1302099463" role="forward"/>
  <member type="way" ref="20118926" role="forward"/>
  <member type="way" ref="675049522" role="forward"/>
  <member type="way" ref="139456712" role=""/>
  <member type="way" ref="1302099467" role=""/>
  <member type="way" ref="675049546" role=""/>
  <member type="way" ref="20149700" role=""/>
  <member type="way" ref="194280663" role=""/>
  <member type="way" ref="139456726" role=""/>
  <member type="way" ref="421283226" role=""/>
  <member type="way" ref="183486342" role=""/>
  <member type="way" ref="139456727" role=""/>
  <member type="way" ref="1372533056" role=""/>
  <member type="way" ref="183486340" role=""/>
  <member type="way" ref="183486343" role=""/>
  <member type="way" ref="139456729" role=""/>
  <member type="way" ref="675049662" role=""/>
  <member type="way" ref="49664427" role=""/>
  <member type="way" ref="183486344" role=""/>
  <member type="way" ref="183486341" role=""/>
  <member type="way" ref="1254352999" role=""/>
  <member type="way" ref="675049623" role=""/>
  <member type="way" ref="1254353000" role=""/>
  <member type="way" ref="308210260" role=""/>
  <member type="way" ref="1556662811" role=""/>
  <member type="way" ref="1254353001" role=""/>
  <member type="way" ref="675049627" role=""/>
  <member type="way" ref="1556662810" role=""/>
  <member type="way" ref="308210258" role=""/>
  <member type="way" ref="308210259" role=""/>
  <member type="way" ref="425659691" role=""/>
  <member type="way" ref="425659687" role=""/>
  <member type="way" ref="425659688" role=""/>
  <member type="way" ref="425659692" role=""/>
  <member type="way" ref="425659690" role=""/>
  <member type="way" ref="425659689" role=""/>
  <member type="way" ref="1414820669" role=""/>
  <member type="way" ref="1414820670" role=""/>
  <member type="way" ref="1414821592" role=""/>
  <member type="way" ref="1414821593" role=""/>
  <member type="way" ref="1414844863" role=""/>
  <member type="way" ref="1414844864" role=""/>
  <member type="way" ref="223849437" role=""/>
  <member type="way" ref="478723188" role=""/>
  <member type="way" ref="478723189" role=""/>
  <member type="way" ref="196591471" role=""/>
  <member type="way" ref="196591472" role=""/>
  <member type="way" ref="326464529" role=""/>
  <member type="way" ref="1537369377" role=""/>
  <member type="way" ref="326464528" role=""/>
  <member type="way" ref="326464527" role=""/>
  <member type="way" ref="1537369376" role=""/>
  <member type="way" ref="198706377" role=""/>
  <member type="way" ref="1537179614" role=""/>
  <member type="way" ref="675049621" role=""/>
  <member type="way" ref="1078377450" role=""/>
  <member type="way" ref="1078377449" role=""/>
  <member type="way" ref="198706376" role=""/>
  <member type="way" ref="198706375" role=""/>
  <member type="way" ref="397174251" role=""/>
  <member type="way" ref="627649777" role=""/>
  <member type="way" ref="196591470" role=""/>
  <member type="way" ref="323574766" role=""/>
  <member type="way" ref="675049501" role=""/>
  <member type="way" ref="139456736" role=""/>
  <member type="way" ref="45738910" role="forward"/>
  <member type="way" ref="319237801" role="forward"/>
  <member type="way" ref="564443348" role="forward"/>
  <member type="way" ref="20148947" role="forward"/>
  <member type="way" ref="675747286" role="forward"/>
  <member type="way" ref="373861334" role="forward"/>
  <member type="way" ref="1254352987" role="forward"/>
  <member type="way" ref="20138806" role="forward"/>
  <member type="way" ref="675747287" role="forward"/>
  <member type="way" ref="319110231" role="forward"/>
  <member type="way" ref="157188885" role="forward"/>
  <member type="way" ref="1175231304" role="forward"/>
  <member type="way" ref="20125746" role=""/>
  <member type="way" ref="20125607" role=""/>
  <member type="way" ref="1388154786" role=""/>
  <member type="way" ref="674338745" role=""/>
  <member type="way" ref="954209526" role=""/>
  <member type="way" ref="469983182" role=""/>
  <member type="way" ref="249488973" role=""/>
  <member type="way" ref="322874313" role=""/>
  <member type="way" ref="674338762" role=""/>
  <member type="way" ref="674338763" role="forward"/>
  <member type="way" ref="675890209" role="forward"/>
  <member type="way" ref="674746347" role="forward"/>
  <member type="way" ref="675049572" role="forward"/>
  <member type="way" ref="675049571" role="forward"/>
  <member type="way" ref="675049570" role="forward"/>
  <member type="way" ref="674746348" role="forward"/>
  <tag k="fixme" v="verify route at east end"/>
  <tag k="name" v="Centro 323 James Street-Minoa"/>
  <tag k="network" v="Centro Syracuse"/>
  <tag k="network:wikidata" v="Q130302372"/>
  <tag k="operator" v="Central New York Regional Transportation Authority"/>
  <tag k="operator:short" v="Centro"/>
  <tag k="operator:wikidata" v="Q5061513"/>
  <tag k="public_transport:version" v="1"/>
  <tag k="ref" v="323"/>
  <tag k="route" v="bus"/>
  <tag k="type" v="route"/>
 </relation>
 <relation id="9377460" visible="true" version="12" changeset="166505836" timestamp="2025-05-20T05:36:59Z" user="amitshrivastava_lyft" uid="21019370">
  <member type="node" ref="6315270791" role="stop"/>
  <member type="node" ref="6315270788" role="stop"/>
  <member type="node" ref="6315270796" role="stop"/>
  <member type="way" ref="236896631" role="forward"/>
  <member type="way" ref="237054936" role="forward"/>
  <member type="way" ref="20141991" role="forward"/>
  <member type="way" ref="20150883" role="forward"/>
  <member type="way" ref="20127207" role="forward"/>
  <member type="way" ref="20142272" role="forward"/>
  <member type="way" ref="675049644" role="forward"/>
  <member type="way" ref="675049640" role="forward"/>
  <member type="way" ref="675049637" role="forward"/>
  <member type="way" ref="20133709" role="forward"/>
  <member type="way" ref="675323077" role="forward"/>
  <member type="way" ref="675049581" role="forward"/>
  <member type="way" ref="172391716" role="forward"/>
  <member type="way" ref="675049577" role="forward"/>
  <member type="way" ref="20148358" role="forward"/>
  <member type="way" ref="675049583" role=""/>
  <member type="way" ref="317569535" role=""/>
  <member type="way" ref="317569534" role=""/>
  <member type="way" ref="317569537" role=""/>
  <member type="way" ref="317569536" role=""/>
  <member type="way" ref="317569538" role=""/>
  <member type="way" ref="20149750" role="forward"/>
  <member type="way" ref="319148446" role="forward"/>
  <member type="way" ref="226009115" role="forward"/>
  <member type="way" ref="226009116" role=""/>
  <member type="way" ref="20123709" role=""/>
  <member type="way" ref="194280665" role=""/>
  <member type="way" ref="198706375" role=""/>
  <member type="way" ref="397174251" role=""/>
  <member type="way" ref="627649777" role=""/>
  <member type="way" ref="196591470" role=""/>
  <member type="way" ref="323574766" role=""/>
  <member type="way" ref="675049501" role=""/>
  <member type="way" ref="139456736" role=""/>
  <member type="way" ref="45738910" role="forward"/>
  <member type="way" ref="319237801" role="forward"/>
  <member type="way" ref="564443348" role="forward"/>
  <member type="way" ref="20148947" role="forward"/>
  <member type="way" ref="675747286" role="forward"/>
  <member type="way" ref="373861334" role="forward"/>
  <member type="way" ref="1254352987" role="forward"/>
  <member type="way" ref="20138806" role="forward"/>
  <member type="way" ref="675747287" role="forward"/>
  <member type="way" ref="319110231" role="forward"/>
  <member type="way" ref="157188885" role="forward"/>
  <member type="way" ref="1175231304" role="forward"/>
  <member type="way" ref="20125746" role=""/>
  <member type="way" ref="20125607" role=""/>
  <member type="way" ref="1388154786" role=""/>
  <member type="way" ref="674338745" role=""/>
  <member type="way" ref="954209526" role=""/>
  <member type="way" ref="469983182" role=""/>
  <member type="way" ref="249488973" role=""/>
  <member type="way" ref="322874313" role=""/>
  <member type="way" ref="674338762" role=""/>
  <member type="way" ref="674746348" role=""/>
  <member type="way" ref="675049587" role=""/>
  <member type="way" ref="675049578" role="backward"/>
  <member type="way" ref="675331850" role="backward"/>
  <member type="way" ref="675323035" role="backward"/>
  <member type="way" ref="675323034" role="backward"/>
  <member type="way" ref="675049573" role="backward"/>
  <member type="way" ref="674338763" role="forward"/>
  <member type="way" ref="675890209" role="forward"/>
  <member type="way" ref="674746347" role="forward"/>
  <member type="way" ref="675049572" role="forward"/>
  <tag k="name" v="Centro 180 Grant Boulevard-Taft Avenue"/>
  <tag k="network" v="Centro Syracuse"/>
  <tag k="network:wikidata" v="Q130302372"/>
  <tag k="operator" v="Central New York Regional Transportation Authority"/>
  <tag k="operator:short" v="Centro"/>
  <tag k="operator:wikidata" v="Q5061513"/>
  <tag k="public_transport:version" v="1"/>
  <tag k="ref" v="180"/>
  <tag k="route" v="bus"/>
  <tag k="type" v="route"/>
 </relation>
 <relation id="9377461" visible="true" version="10" changeset="166505836" timestamp="2025-05-20T05:36:59Z" user="amitshrivastava_lyft" uid="21019370">
  <member type="node" ref="6315270791" role="stop"/>
  <member type="node" ref="6315270796" role="stop"/>
  <member type="way" ref="20117808" role="forward"/>
  <member type="way" ref="172391712" role="forward"/>
  <member type="way" ref="20135830" role="forward"/>
  <member type="way" ref="172391716" role="forward"/>
  <member type="way" ref="675049577" role="forward"/>
  <member type="way" ref="20148358" role=""/>
  <member type="way" ref="675049583" role=""/>
  <member type="way" ref="317569535" role=""/>
  <member type="way" ref="317569534" role=""/>
  <member type="way" ref="317569537" role=""/>
  <member type="way" ref="317569536" role=""/>
  <member type="way" ref="317569538" role=""/>
  <member type="way" ref="20149750" role="forward"/>
  <member type="way" ref="319148446" role="forward"/>
  <member type="way" ref="226009115" role="forward"/>
  <member type="way" ref="226009116" role=""/>
  <member type="way" ref="20123709" role=""/>
  <member type="way" ref="194280665" role=""/>
  <member type="way" ref="198706375" role=""/>
  <member type="way" ref="397174251" role=""/>
  <member type="way" ref="627649777" role=""/>
  <member type="way" ref="196591470" role=""/>
  <member type="way" ref="323574766" role=""/>
  <member type="way" ref="675049501" role=""/>
  <member type="way" ref="139456736" role=""/>
  <member type="way" ref="45738910" role="forward"/>
  <member type="way" ref="319237801" role="forward"/>
  <member type="way" ref="564443348" role="forward"/>
  <member type="way" ref="20148947" role="forward"/>
  <member type="way" ref="675747286" role="forward"/>
  <member type="way" ref="373861334" role="forward"/>
  <member type="way" ref="1254352987" role="forward"/>
  <member type="way" ref="20138806" role="forward"/>
  <member type="way" ref="675747287" role="forward"/>
  <member type="way" ref="319110231" role="forward"/>
  <member type="way" ref="157188885" role="forward"/>
  <member type="way" ref="1175231304" role="forward"/>
  <member type="way" ref="20125746" role=""/>
  <member type="way" ref="20125607" role=""/>
  <member type="way" ref="1388154786" role=""/>
  <member type="way" ref="674338745" role=""/>
  <member type="way" ref="954209526" role=""/>
  <member type="way" ref="469983182" role=""/>
  <member type="way" ref="249488973" role=""/>
  <member type="way" ref="322874313" role=""/>
  <member type="way" ref="674338762" role=""/>
  <member type="way" ref="674338763" role="forward"/>
  <member type="way" ref="675890209" role="forward"/>
  <member type="way" ref="674746347" role="forward"/>
  <member type="way" ref="675049572" role="forward"/>
  <member type="way" ref="674746348" role="forward"/>
  <member type="way" ref="675049587" role="forward"/>
  <tag k="name" v="Centro 80 Grant Boulevard"/>
  <tag k="network" v="Centro Syracuse"/>
  <tag k="network:wikidata" v="Q130302372"/>
  <tag k="operator" v="Central New York Regional Transportation Authority"/>
  <tag k="operator:short" v="Centro"/>
  <tag k="operator:wikidata" v="Q5061513"/>
  <tag k="public_transport:version" v="1"/>
  <tag k="ref" v="80"/>
  <tag k="route" v="bus"/>
  <tag k="type" v="route"/>
 </relation>
 <relation id="9377462" visible="true" version="12" changeset="187300546" timestamp="2026-08-11T17:57:35Z" user="nopeinomicon" uid="21426053">
  <member type="node" ref="6315270797" role="stop"/>
  <member type="node" ref="6315270799" role="stop"/>
  <member type="way" ref="675049589" role="forward"/>
  <member type="way" ref="675049593" role="forward"/>
  <member type="way" ref="675049588" role="forward"/>
  <member type="way" ref="20136544" role="forward"/>
  <member type="way" ref="675049594" role="forward"/>
  <member type="way" ref="675049595" role="forward"/>
  <member type="way" ref="675049596" role=""/>
  <member type="way" ref="20133111" role=""/>
  <member type="way" ref="675049599" role=""/>
  <member type="way" ref="20136074" role=""/>
  <member type="way" ref="675049600" role="forward"/>
  <member type="way" ref="20136071" role="forward"/>
  <member type="way" ref="1548913284" role="forward"/>
  <member type="way" ref="158398398" role=""/>
  <member type="way" ref="196591471" role="forward"/>
  <member type="way" ref="20149747" role="forward"/>
  <member type="way" ref="675049574" role="forward"/>
  <member type="way" ref="237054936" role="forward"/>
  <member type="way" ref="20121151" role="forward"/>
  <member type="way" ref="236896631" role=""/>
  <member type="way" ref="675049583" role=""/>
  <member type="way" ref="317569535" role="forward"/>
  <member type="way" ref="317569534" role="forward"/>
  <member type="way" ref="249903366" role="forward"/>
  <member type="way" ref="20118137" role="forward"/>
  <member type="way" ref="675049601" role=""/>
  <member type="way" ref="194280666" role=""/>
  <member type="way" ref="249903363" role=""/>
  <member type="way" ref="675323063" role=""/>
  <member type="way" ref="675049609" role=""/>
  <member type="way" ref="20139536" role=""/>
  <member type="way" ref="675049615" role=""/>
  <member type="way" ref="20132945" role=""/>
  <member type="way" ref="675049616" role=""/>
  <member type="way" ref="20125207" role=""/>
  <member type="way" ref="675049621" role=""/>
  <member type="way" ref="1078377450" role=""/>
  <member type="way" ref="1078377449" role=""/>
  <member type="way" ref="198706376" role=""/>
  <member type="way" ref="198706375" role=""/>
  <member type="way" ref="397174251" role=""/>
  <member type="way" ref="627649777" role=""/>
  <member type="way" ref="196591470" role=""/>
  <member type="way" ref="323574766" role=""/>
  <member type="way" ref="675049501" role=""/>
  <member type="way" ref="139456736" role=""/>
  <member type="way" ref="45738910" role="forward"/>
  <member type="way" ref="319237801" role="forward"/>
  <member type="way" ref="564443348" role="forward"/>
  <member type="way" ref="20148947" role="forward"/>
  <member type="way" ref="675747286" role="forward"/>
  <member type="way" ref="373861334" role="forward"/>
  <member type="way" ref="1254352987" role="forward"/>
  <member type="way" ref="20138806" role="forward"/>
  <member type="way" ref="675747287" role="forward"/>
  <member type="way" ref="319110231" role="forward"/>
  <member type="way" ref="157188885" role="forward"/>
  <member type="way" ref="1175231304" role="forward"/>
  <member type="way" ref="20125746" role=""/>
  <member type="way" ref="20125607" role=""/>
  <member type="way" ref="1388154786" role=""/>
  <member type="way" ref="674338745" role=""/>
  <member type="way" ref="954209526" role=""/>
  <member type="way" ref="469983182" role=""/>
  <member type="way" ref="249488973" role=""/>
  <member type="way" ref="322874313" role=""/>
  <member type="way" ref="674338762" role=""/>
  <member type="way" ref="674338763" role="forward"/>
  <member type="way" ref="675890209" role="forward"/>
  <member type="way" ref="674746348" role="forward"/>
  <tag k="name" v="Centro 121 James Street-Sunnycrest Road Extension"/>
  <tag k="network" v="Centro Syracuse"/>
  <tag k="network:wikidata" v="Q130302372"/>
  <tag k="operator" v="Central New York Regional Transportation Authority"/>
  <tag k="operator:short" v="Centro"/>
  <tag k="operator:wikidata" v="Q5061513"/>
  <tag k="public_transport:version" v="1"/>
  <tag k="ref" v="121"/>
  <tag k="route" v="bus"/>
  <tag k="type" v="route"/>
 </relation>
 <relation id="9377463" visible="true" version="14" changeset="187300546" timestamp="2026-08-11T17:57:35Z" user="nopeinomicon" uid="21426053">
  <member type="node" ref="6315270797" role="stop"/>
  <member type="node" ref="6315270792" role="stop"/>
  <member type="node" ref="6315270799" role="stop"/>
  <member type="node" ref="6315270683" role="stop"/>
  <member type="node" ref="6315270786" role="stop"/>
  <member type="way" ref="20136538" role=""/>
  <member type="way" ref="20151226" role="forward"/>
  <member type="way" ref="675049593" role="forward"/>
  <member type="way" ref="675049589" role="forward"/>
  <member type="way" ref="20127577" role="forward"/>
  <member type="way" ref="675049591" role="forward"/>
  <member type="way" ref="675049594" role="forward"/>
  <member type="way" ref="675049595" role="forward"/>
  <member type="way" ref="675049596" role=""/>
  <member type="way" ref="20133111" role=""/>
  <member type="way" ref="675049599" role=""/>
  <member type="way" ref="20136074" role=""/>
  <member type="way" ref="675049600" role="forward"/>
  <member type="way" ref="20136071" role="forward"/>
  <member type="way" ref="1548913284" role="forward"/>
  <member type="way" ref="158398398" role=""/>
  <member type="way" ref="196591472" role=""/>
  <member type="way" ref="326464529" role=""/>
  <member type="way" ref="1537369377" role=""/>
  <member type="way" ref="326464528" role=""/>
  <member type="way" ref="249903363" role=""/>
  <member type="way" ref="675323063" role=""/>
  <member type="way" ref="675049609" role=""/>
  <member type="way" ref="20139536" role=""/>
  <member type="way" ref="675049615" role=""/>
  <member type="way" ref="20132945" role=""/>
  <member type="way" ref="675049616" role=""/>
  <member type="way" ref="20125207" role=""/>
  <member type="way" ref="675049621" role=""/>
  <member type="way" ref="1078377450" role=""/>
  <member type="way" ref="1078377449" role=""/>
  <member type="way" ref="198706376" role=""/>
  <member type="way" ref="198706375" role=""/>
  <member type="way" ref="397174251" role=""/>
  <member type="way" ref="627649777" role=""/>
  <member type="way" ref="196591470" role=""/>
  <member type="way" ref="323574766" role=""/>
  <member type="way" ref="675049501" role=""/>
  <member type="way" ref="139456736" role=""/>
  <member type="way" ref="45738910" role="forward"/>
  <member type="way" ref="319237801" role="forward"/>
  <member type="way" ref="564443348" role="forward"/>
  <member type="way" ref="20148947" role="forward"/>
  <member type="way" ref="675747286" role="forward"/>
  <member type="way" ref="373861334" role="forward"/>
  <member type="way" ref="1254352987" role="forward"/>
  <member type="way" ref="20138806" role="forward"/>
  <member type="way" ref="675747287" role="forward"/>
  <member type="way" ref="319110231" role="forward"/>
  <member type="way" ref="157188885" role="forward"/>
  <member type="way" ref="1175231304" role="forward"/>
  <member type="way" ref="20125746" role=""/>
  <member type="way" ref="20125607" role=""/>
  <member type="way" ref="1388154786" role=""/>
  <member type="way" ref="674338745" role=""/>
  <member type="way" ref="954209526" role=""/>
  <member type="way" ref="469983182" role=""/>
  <member type="way" ref="249488973" role=""/>
  <member type="way" ref="322874313" role=""/>
  <member type="way" ref="674338762" role=""/>
  <member type="way" ref="674746348" role=""/>
  <member type="way" ref="675049587" role="backward"/>
  <member type="way" ref="675049578" role="backward"/>
  <member type="way" ref="674338763" role="forward"/>
  <member type="way" ref="675890209" role="forward"/>
  <member type="way" ref="674746347" role="forward"/>
  <member type="way" ref="675049572" role="forward"/>
  <member type="way" ref="675049571" role="forward"/>
  <member type="way" ref="296530442" role="forward"/>
  <member type="way" ref="1388559462" role="forward"/>
  <member type="way" ref="318612631" role="forward"/>
  <member type="way" ref="323900777" role="forward"/>
  <member type="way" ref="295379536" role="forward"/>
  <member type="way" ref="674338761" role="forward"/>
  <member type="way" ref="318579088" role="forward"/>
  <member type="way" ref="674746372" role="forward"/>
  <tag k="name" v="Centro 21 James Street-Sunnycrest Road"/>
  <tag k="network" v="Centro Syracuse"/>
  <tag k="network:wikidata" v="Q130302372"/>
  <tag k="operator" v="Central New York Regional Transportation Authority"/>
  <tag k="operator:short" v="Centro"/>
  <tag k="operator:wikidata" v="Q5061513"/>
  <tag k="public_transport:version" v="1"/>
  <tag k="ref" v="21"/>
  <tag k="route" v="bus"/>
  <tag k="type" v="route"/>
 </relation>
 <relation id="9377464" visible="true" version="18" changeset="185514784" timestamp="2026-07-11T02:52:37Z" user="nopeinomicon" uid="21426053">
  <member type="node" ref="6315270797" role="stop"/>
  <member type="node" ref="6315270792" role="stop"/>
  <member type="node" ref="6315270799" role="stop"/>
  <member type="node" ref="6315270788" role="stop"/>
  <member type="way" ref="20135024" role="forward"/>
  <member type="way" ref="675049656" role="forward"/>
  <member type="way" ref="249630418" role="forward"/>
  <member type="way" ref="319126647" role="forward"/>
  <member type="way" ref="139456707" role="forward"/>
  <member type="way" ref="20150011" role="forward"/>
  <member type="way" ref="911234889" role="forward"/>
  <member type="way" ref="261468496" role="forward"/>
  <member type="way" ref="675049649" role="forward"/>
  <member type="way" ref="675049640" role="forward"/>
  <member type="way" ref="675049637" role="forward"/>
  <member type="way" ref="675323078" role="forward"/>
  <member type="way" ref="675049636" role="forward"/>
  <member type="way" ref="675049633" role="forward"/>
  <member type="way" ref="249488970" role=""/>
  <member type="way" ref="524815141" role=""/>
  <member type="way" ref="308210263" role=""/>
  <member type="way" ref="20130724" role=""/>
  <member type="way" ref="308210259" role=""/>
  <member type="way" ref="425659691" role=""/>
  <member type="way" ref="425659687" role=""/>
  <member type="way" ref="425659688" role=""/>
  <member type="way" ref="425659692" role=""/>
  <member type="way" ref="425659690" role=""/>
  <member type="way" ref="425659689" role=""/>
  <member type="way" ref="1414820669" role=""/>
  <member type="way" ref="1414820670" role=""/>
  <member type="way" ref="1414821592" role=""/>
  <member type="way" ref="1414821593" role=""/>
  <member type="way" ref="1414844863" role=""/>
  <member type="way" ref="1414844864" role=""/>
  <member type="way" ref="223849437" role=""/>
  <member type="way" ref="478723188" role=""/>
  <member type="way" ref="478723189" role=""/>
  <member type="way" ref="196591471" role=""/>
  <member type="way" ref="196591472" role=""/>
  <member type="way" ref="326464529" role=""/>
  <member type="way" ref="1537369377" role=""/>
  <member type="way" ref="326464528" role=""/>
  <member type="way" ref="326464527" role=""/>
  <member type="way" ref="1537369376" role=""/>
  <member type="way" ref="198706377" role=""/>
  <member type="way" ref="1537179614" role=""/>
  <member type="way" ref="675049621" role=""/>
  <member type="way" ref="1078377450" role=""/>
  <member type="way" ref="1078377449" role=""/>
  <member type="way" ref="198706376" role=""/>
  <member type="way" ref="198706375" role=""/>
  <member type="way" ref="397174251" role=""/>
  <member type="way" ref="627649777" role=""/>
  <member type="way" ref="196591470" role=""/>
  <member type="way" ref="323574766" role=""/>
  <member type="way" ref="675049501" role=""/>
  <member type="way" ref="139456736" role=""/>
  <member type="way" ref="45738910" role="forward"/>
  <member type="way" ref="319237801" role="forward"/>
  <member type="way" ref="564443348" role="forward"/>
  <member type="way" ref="20148947" role="forward"/>
  <member type="way" ref="675747286" role="forward"/>
  <member type="way" ref="373861334" role="forward"/>
  <member type="way" ref="1254352987" role="forward"/>
  <member type="way" ref="20138806" role="forward"/>
  <member type="way" ref="675747287" role="forward"/>
  <member type="way" ref="319110231" role="forward"/>
  <member type="way" ref="157188885" role="forward"/>
  <member type="way" ref="1175231304" role="forward"/>
  <member type="way" ref="20125746" role=""/>
  <member type="way" ref="20125607" role=""/>
  <member type="way" ref="1388154786" role=""/>
  <member type="way" ref="674338745" role=""/>
  <member type="way" ref="954209526" role=""/>
  <member type="way" ref="469983182" role=""/>
  <member type="way" ref="249488973" role=""/>
  <member type="way" ref="322874313" role=""/>
  <member type="way" ref="674338762" role=""/>
  <member type="way" ref="674746348" role=""/>
  <member type="way" ref="675049587" role="backward"/>
  <member type="way" ref="675049578" role="backward"/>
  <member type="way" ref="675331850" role="backward"/>
  <member type="way" ref="675323035" role="backward"/>
  <member type="way" ref="675323034" role="backward"/>
  <member type="way" ref="675049573" role="backward"/>
  <member type="way" ref="674338763" role="forward"/>
  <member type="way" ref="675890209" role="forward"/>
  <member type="way" ref="674746347" role="forward"/>
  <member type="way" ref="675049572" role="forward"/>
  <member type="way" ref="675049571" role="forward"/>
  <tag k="name" v="Centro 120 James Street-Midler Avenue"/>
  <tag k="network" v="Centro Syracuse"/>
  <tag k="network:wikidata" v="Q130302372"/>
  <tag k="operator" v="Central New York Regional Transportation Authority"/>
  <tag k="operator:short" v="Centro"/>
  <tag k="operator:wikidata" v="Q5061513"/>
  <tag k="public_transport:version" v="1"/>
  <tag k="ref" v="120"/>
  <tag k="route" v="bus"/>
  <tag k="type" v="route"/>
 </relation>
 <relation id="9377465" visible="true" version="16" changeset="188641748" timestamp="2026-09-06T22:11:29Z" user="nopeinomicon" uid="21426053">
  <member type="node" ref="6315270797" role="stop"/>
  <member type="node" ref="6315270793" role="stop"/>
  <member type="node" ref="6315270786" role="stop"/>
  <member type="node" ref="6315270799" role="stop"/>
  <member type="way" ref="675049624" role="forward"/>
  <member type="way" ref="20139864" role="forward"/>
  <member type="way" ref="20123278" role="forward"/>
  <member type="way" ref="1254353000" role="forward"/>
  <member type="way" ref="308210260" role="forward"/>
  <member type="way" ref="1556662811" role=""/>
  <member type="way" ref="1254353001" role=""/>
  <member type="way" ref="675049627" role=""/>
  <member type="way" ref="1556662810" role=""/>
  <member type="way" ref="308210258" role=""/>
  <member type="way" ref="308210259" role=""/>
  <member type="way" ref="425659691" role=""/>
  <member type="way" ref="425659687" role=""/>
  <member type="way" ref="425659688" role=""/>
  <member type="way" ref="425659692" role=""/>
  <member type="way" ref="425659690" role=""/>
  <member type="way" ref="425659689" role=""/>
  <member type="way" ref="1414820669" role=""/>
  <member type="way" ref="1414820670" role=""/>
  <member type="way" ref="1414821592" role=""/>
  <member type="way" ref="1414821593" role=""/>
  <member type="way" ref="1414844863" role=""/>
  <member type="way" ref="1414844864" role=""/>
  <member type="way" ref="223849437" role=""/>
  <member type="way" ref="478723188" role=""/>
  <member type="way" ref="478723189" role=""/>
  <member type="way" ref="196591471" role=""/>
  <member type="way" ref="196591472" role=""/>
  <member type="way" ref="326464529" role=""/>
  <member type="way" ref="1537369377" role=""/>
  <member type="way" ref="326464528" role=""/>
  <member type="way" ref="326464527" role=""/>
  <member type="way" ref="1537369376" role=""/>
  <member type="way" ref="198706377" role=""/>
  <member type="way" ref="1537179614" role=""/>
  <member type="way" ref="675049621" role=""/>
  <member type="way" ref="1078377450" role=""/>
  <member type="way" ref="1078377449" role=""/>
  <member type="way" ref="198706376" role=""/>
  <member type="way" ref="198706375" role=""/>
  <member type="way" ref="397174251" role=""/>
  <member type="way" ref="627649777" role=""/>
  <member type="way" ref="196591470" role=""/>
  <member type="way" ref="323574766" role=""/>
  <member type="way" ref="675049501" role=""/>
  <member type="way" ref="139456736" role=""/>
  <member type="way" ref="45738910" role="forward"/>
  <member type="way" ref="319237801" role="forward"/>
  <member type="way" ref="564443348" role="forward"/>
  <member type="way" ref="20148947" role="forward"/>
  <member type="way" ref="675747286" role="forward"/>
  <member type="way" ref="373861334" role="forward"/>
  <member type="way" ref="1254352987" role="forward"/>
  <member type="way" ref="20138806" role="forward"/>
  <member type="way" ref="675747287" role="forward"/>
  <member type="way" ref="319110231" role="forward"/>
  <member type="way" ref="157188885" role="forward"/>
  <member type="way" ref="1175231304" role="forward"/>
  <member type="way" ref="20125746" role=""/>
  <member type="way" ref="20125607" role=""/>
  <member type="way" ref="1388154786" role=""/>
  <member type="way" ref="674338745" role=""/>
  <member type="way" ref="954209526" role=""/>
  <member type="way" ref="469983182" role=""/>
  <member type="way" ref="249488973" role=""/>
  <member type="way" ref="322874313" role=""/>
  <member type="way" ref="674338762" role=""/>
  <member type="way" ref="674746348" role=""/>
  <member type="way" ref="675049587" role="backward"/>
  <member type="way" ref="675049578" role="backward"/>
  <member type="way" ref="674338763" role="forward"/>
  <member type="way" ref="675890209" role="forward"/>
  <member type="way" ref="674746347" role="forward"/>
  <member type="way" ref="675049572" role="forward"/>
  <member type="way" ref="675049571" role="forward"/>
  <member type="way" ref="675049570" role="forward"/>
  <tag k="name" v="Centro 20 James Street-Lamson Street"/>
  <tag k="network" v="Centro Syracuse"/>
  <tag k="network:wikidata" v="Q130302372"/>
  <tag k="operator" v="Central New York Regional Transportation Authority"/>
  <tag k="operator:short" v="Centro"/>
  <tag k="operator:wikidata" v="Q5061513"/>
  <tag k="public_transport:version" v="1"/>
  <tag k="ref" v="20"/>
  <tag k="route" v="bus"/>
  <tag k="type" v="route"/>
 </relation>
 <relation id="9380053" visible="true" version="21" changeset="178628552" timestamp="2026-02-16T12:42:35Z" user="sanjanasharma_lyft" uid="21668461">
  <member type="node" ref="6315270786" role="stop"/>
  <member type="node" ref="6315270787" role="stop"/>
  <member type="node" ref="6315270794" role="stop"/>
  <member type="way" ref="139602248" role="forward"/>
  <member type="way" ref="319153975" role="forward"/>
  <member type="way" ref="319153973" role="forward"/>
  <member type="way" ref="675323037" role="forward"/>
  <member type="way" ref="675323036" role="forward"/>
  <member type="way" ref="20132361" role="forward"/>
  <member type="way" ref="675323038" role=""/>
  <member type="way" ref="319153970" role=""/>
  <member type="way" ref="675323041" role=""/>
  <member type="way" ref="675323040" role=""/>
  <member type="way" ref="20137792" role=""/>
  <member type="way" ref="139750661" role=""/>
  <member type="way" ref="20135004" role=""/>
  <member type="way" ref="1479250365" role=""/>
  <member type="way" ref="1479250366" role=""/>
  <member type="way" ref="319153969" role=""/>
  <member type="way" ref="675323042" role=""/>
  <member type="way" ref="20151215" role=""/>
  <member type="way" ref="139750737" role=""/>
  <member type="way" ref="139750508" role=""/>
  <member type="way" ref="20137251" role=""/>
  <member type="way" ref="317463906" role=""/>
  <member type="way" ref="317463904" role=""/>
  <member type="way" ref="317463907" role=""/>
  <member type="way" ref="43185251" role=""/>
  <member type="way" ref="43185250" role=""/>
  <member type="way" ref="319153971" role=""/>
  <member type="way" ref="675049512" role=""/>
  <member type="way" ref="20139829" role=""/>
  <member type="way" ref="911234886" role=""/>
  <member type="way" ref="911234884" role=""/>
  <member type="way" ref="911234887" role=""/>
  <member type="way" ref="20148393" role=""/>
  <member type="way" ref="319126649" role=""/>
  <member type="way" ref="20118320" role="forward"/>
  <member type="way" ref="675323046" role="forward"/>
  <member type="way" ref="20121713" role="forward"/>
  <member type="way" ref="538119681" role="forward"/>
  <member type="way" ref="249488964" role="forward"/>
  <member type="way" ref="911234891" role="forward"/>
  <member type="way" ref="911234894" role="forward"/>
  <member type="way" ref="139456707" role="forward"/>
  <member type="way" ref="249488958" role="forward"/>
  <member type="way" ref="20149715" role="forward"/>
  <member type="way" ref="675049630" role="forward"/>
  <member type="way" ref="675049633" role="forward"/>
  <member type="way" ref="249488954" role="forward"/>
  <member type="way" ref="249488969" role="forward"/>
  <member type="way" ref="911234892" role="forward"/>
  <member type="way" ref="20122676" role="forward"/>
  <member type="way" ref="503889173" role=""/>
  <member type="way" ref="139456705" role=""/>
  <member type="way" ref="249488957" role=""/>
  <member type="way" ref="1474245186" role=""/>
  <member type="way" ref="139456706" role=""/>
  <member type="way" ref="249488955" role=""/>
  <member type="way" ref="675323082" role=""/>
  <member type="way" ref="674746368" role=""/>
  <member type="way" ref="674746369" role="forward"/>
  <member type="way" ref="1289230925" role="forward"/>
  <member type="way" ref="1223649802" role="forward"/>
  <member type="way" ref="43149234" role="backward"/>
  <member type="way" ref="20149720" role="backward"/>
  <member type="way" ref="20138677" role="backward"/>
  <member type="way" ref="139456716" role="forward"/>
  <member type="way" ref="318209452" role="forward"/>
  <member type="way" ref="1223649800" role="forward"/>
  <member type="way" ref="318209453" role="forward"/>
  <member type="way" ref="1221826059" role="forward"/>
  <member type="way" ref="643573134" role="forward"/>
  <member type="way" ref="20120329" role="forward"/>
  <member type="way" ref="321713535" role="forward"/>
  <member type="way" ref="321713531" role="forward"/>
  <member type="way" ref="194546281" role="forward"/>
  <member type="way" ref="20119650" role="forward"/>
  <member type="way" ref="324338809" role="forward"/>
  <member type="way" ref="175688027" role="forward"/>
  <member type="way" ref="319126666" role="forward"/>
  <member type="way" ref="1175231398" role="forward"/>
  <member type="way" ref="1254352988" role="forward"/>
  <member type="way" ref="1175231399" role="forward"/>
  <member type="way" ref="1254352989" role="forward"/>
  <member type="way" ref="1388156797" role="forward"/>
  <member type="way" ref="20125739" role="forward"/>
  <member type="way" ref="1388158572" role="forward"/>
  <member type="way" ref="121772532" role="forward"/>
  <member type="way" ref="517777952" role="forward"/>
  <member type="way" ref="517777951" role="forward"/>
  <member type="way" ref="1416229374" role="forward"/>
  <member type="way" ref="1416229376" role="forward"/>
  <member type="way" ref="1416229377" role="forward"/>
  <member type="way" ref="1419963301" role="forward"/>
  <member type="way" ref="1419963302" role="forward"/>
  <member type="way" ref="1419963303" role="forward"/>
  <member type="way" ref="386577432" role="forward"/>
  <member type="way" ref="1414012868" role="forward"/>
  <member type="way" ref="386577433" role="forward"/>
  <member type="way" ref="674746370" role="forward"/>
  <member type="way" ref="319126665" role=""/>
  <member type="way" ref="347316786" role=""/>
  <member type="way" ref="373861334" role=""/>
  <member type="way" ref="1254352987" role=""/>
  <member type="way" ref="20125746" role=""/>
  <member type="way" ref="20125607" role=""/>
  <member type="way" ref="1388154786" role=""/>
  <member type="way" ref="674338745" role=""/>
  <member type="way" ref="954209526" role=""/>
  <member type="way" ref="469983182" role=""/>
  <member type="way" ref="249488973" role=""/>
  <member type="way" ref="322874313" role=""/>
  <member type="way" ref="674338762" role=""/>
  <member type="way" ref="674746348" role=""/>
  <member type="way" ref="675049587" role=""/>
  <member type="way" ref="675049578" role=""/>
  <member type="way" ref="675331850" role=""/>
  <member type="way" ref="675323035" role=""/>
  <member type="way" ref="675323034" role="forward"/>
  <member type="way" ref="43185252" role="forward"/>
  <member type="way" ref="43185253" role="forward"/>
  <member type="way" ref="185220767" role="forward"/>
  <member type="way" ref="185220763" role="forward"/>
  <member type="way" ref="322577372" role="forward"/>
  <member type="way" ref="312900786" role="forward"/>
  <member type="way" ref="20147742" role="forward"/>
  <member type="way" ref="20135284" role="forward"/>
  <member type="way" ref="365028645" role="forward"/>
  <member type="way" ref="365028648" role="forward"/>
  <member type="way" ref="365028647" role="forward"/>
  <member type="way" ref="20126673" role="forward"/>
  <tag k="fixme" v="what hub bay do the morning trips end at?"/>
  <tag k="name" v="Centro 152 Court Street-Industrial Park"/>
  <tag k="network" v="Centro Syracuse"/>
  <tag k="network:wikidata" v="Q130302372"/>
  <tag k="operator" v="Central New York Regional Transportation Authority"/>
  <tag k="operator:short" v="Centro"/>
  <tag k="operator:wikidata" v="Q5061513"/>
  <tag k="public_transport:version" v="1"/>
  <tag k="ref" v="152"/>
  <tag k="route" v="bus"/>
  <tag k="type" v="route"/>
 </relation>
 <relation id="9380054" visible="true" version="16" changeset="189374734" timestamp="2026-09-22T01:14:09Z" user="nopeinomicon" uid="21426053">
  <member type="node" ref="6315270794" role="stop"/>
  <member type="node" ref="6315270787" role="stop"/>
  <member type="node" ref="6315270793" role="stop"/>
  <member type="node" ref="6315270788" role="stop"/>
  <member type="node" ref="6315270786" role="stop"/>
  <member type="way" ref="675049581" role="forward"/>
  <member type="way" ref="172391716" role="forward"/>
  <member type="way" ref="675049582" role="forward"/>
  <member type="way" ref="675323077" role=""/>
  <member type="way" ref="20133709" role=""/>
  <member type="way" ref="675323078" role=""/>
  <member type="way" ref="20147732" role=""/>
  <member type="way" ref="675323079" role=""/>
  <member type="way" ref="320853125" role=""/>
  <member type="way" ref="20146692" role=""/>
  <member type="way" ref="249903365" role=""/>
  <member type="way" ref="139456705" role=""/>
  <member type="way" ref="249488957" role=""/>
  <member type="way" ref="1474245186" role=""/>
  <member type="way" ref="139456706" role=""/>
  <member type="way" ref="249488955" role=""/>
  <member type="way" ref="1561245927" role=""/>
  <member type="way" ref="1472717406" role=""/>
  <member type="way" ref="675323084" role=""/>
  <member type="way" ref="20149785" role=""/>
  <member type="way" ref="20123721" role=""/>
  <member type="way" ref="675049584" role=""/>
  <member type="way" ref="317569528" role=""/>
  <member type="way" ref="317569530" role=""/>
  <member type="way" ref="317569533" role=""/>
  <member type="way" ref="1395707807" role=""/>
  <member type="way" ref="675323088" role=""/>
  <member type="way" ref="675323089" role="forward"/>
  <member type="way" ref="20142478" role="forward"/>
  <member type="way" ref="1291736167" role="forward"/>
  <member type="way" ref="1291736166" role="forward"/>
  <member type="way" ref="230918076" role="forward"/>
  <member type="way" ref="20150910" role="forward"/>
  <member type="way" ref="675323090" role="forward"/>
  <member type="way" ref="675323093" role="forward"/>
  <member type="way" ref="675323094" role=""/>
  <member type="way" ref="564443348" role=""/>
  <member type="way" ref="20148947" role=""/>
  <member type="way" ref="675747286" role=""/>
  <member type="way" ref="373861334" role=""/>
  <member type="way" ref="1254352987" role=""/>
  <member type="way" ref="20125746" role=""/>
  <member type="way" ref="20125607" role=""/>
  <member type="way" ref="1388154786" role=""/>
  <member type="way" ref="674338745" role=""/>
  <member type="way" ref="469983182" role=""/>
  <member type="way" ref="954209526" role=""/>
  <member type="way" ref="249488973" role=""/>
  <member type="way" ref="322874313" role=""/>
  <member type="way" ref="674338762" role=""/>
  <member type="way" ref="674746348" role=""/>
  <member type="way" ref="675049587" role=""/>
  <member type="way" ref="675049578" role=""/>
  <member type="way" ref="675331850" role=""/>
  <member type="way" ref="675323035" role=""/>
  <member type="way" ref="675323034" role=""/>
  <member type="way" ref="675049573" role=""/>
  <member type="way" ref="322874314" role="forward"/>
  <member type="way" ref="299894537" role="forward"/>
  <member type="way" ref="674338761" role="forward"/>
  <member type="way" ref="295379536" role="forward"/>
  <member type="way" ref="323900777" role="forward"/>
  <member type="way" ref="318612631" role="forward"/>
  <member type="way" ref="1388559462" role="forward"/>
  <member type="way" ref="296530442" role="forward"/>
  <member type="way" ref="674338763" role="forward"/>
  <member type="way" ref="675890209" role="forward"/>
  <member type="way" ref="674746347" role="forward"/>
  <member type="way" ref="675049572" role="forward"/>
  <member type="way" ref="675049571" role="forward"/>
  <member type="way" ref="675049570" role="forward"/>
  <member type="way" ref="675323076" role="forward"/>
  <member type="way" ref="20124822" role="forward"/>
  <member type="way" ref="675323071" role="forward"/>
  <member type="way" ref="20138456" role="forward"/>
  <member type="way" ref="249903358" role="forward"/>
  <member type="way" ref="247645375" role="forward"/>
  <member type="way" ref="206820353" role="forward"/>
  <member type="way" ref="249903362" role="forward"/>
  <member type="way" ref="249903366" role="forward"/>
  <member type="way" ref="675049601" role="forward"/>
  <member type="way" ref="194280666" role="backward"/>
  <member type="way" ref="249903363" role="backward"/>
  <member type="way" ref="20141675" role="forward"/>
  <member type="way" ref="682368117" role="backward"/>
  <member type="way" ref="675323058" role="backward"/>
  <member type="way" ref="675323053" role="forward"/>
  <member type="way" ref="675323054" role="forward"/>
  <member type="way" ref="675323058" role="forward"/>
  <member type="way" ref="682368117" role="forward"/>
  <member type="way" ref="20141675" role="backward"/>
  <member type="way" ref="249903363" role="forward"/>
  <member type="way" ref="194280666" role="forward"/>
  <member type="way" ref="675049601" role="backward"/>
  <member type="way" ref="20118137" role="forward"/>
  <member type="way" ref="675049583" role="forward"/>
  <member type="way" ref="20148358" role="forward"/>
  <member type="way" ref="675049577" role="forward"/>
  <tag k="name" v="Centro 52 Court Street"/>
  <tag k="network" v="Centro Syracuse"/>
  <tag k="network:wikidata" v="Q130302372"/>
  <tag k="operator" v="Central New York Regional Transportation Authority"/>
  <tag k="operator:short" v="Centro"/>
  <tag k="operator:wikidata" v="Q5061513"/>
  <tag k="public_transport:version" v="1"/>
  <tag k="ref" v="52"/>
  <tag k="route" v="bus"/>
  <tag k="type" v="route"/>
 </relation>
 <relation id="9384800" visible="true" version="11" changeset="171119230" timestamp="2025-08-28T08:00:07Z" user="Lkumar_lyft" uid="18800729">
  <member type="node" ref="6315270796" role="stop"/>
  <member type="node" ref="6315270682" role="stop"/>
  <member type="node" ref="6315270791" role="stop"/>
  <member type="way" ref="675747295" role="forward"/>
  <member type="way" ref="675747299" role="forward"/>
  <member type="way" ref="675747298" role="forward"/>
  <member type="way" ref="675747296" role="forward"/>
  <member type="way" ref="675331829" role=""/>
  <member type="way" ref="675747305" role=""/>
  <member type="way" ref="1425521457" role=""/>
  <member type="way" ref="97522999" role=""/>
  <member type="way" ref="1047484805" role=""/>
  <member type="way" ref="20132636" role=""/>
  <member type="way" ref="439211578" role=""/>
  <member type="way" ref="20124173" role=""/>
  <member type="way" ref="20130219" role=""/>
  <member type="way" ref="1262001880" role=""/>
  <member type="way" ref="675747288" role=""/>
  <member type="way" ref="675747317" role=""/>
  <member type="way" ref="675190829" role=""/>
  <member type="way" ref="157803593" role=""/>
  <member type="way" ref="675331869" role=""/>
  <member type="way" ref="1368388257" role=""/>
  <member type="way" ref="295408596" role="forward"/>
  <member type="way" ref="295408593" role="forward"/>
  <member type="way" ref="20119124" role="forward"/>
  <member type="way" ref="249488972" role="forward"/>
  <member type="way" ref="675331870" role="forward"/>
  <member type="way" ref="295408590" role="forward"/>
  <member type="way" ref="118714166" role="forward"/>
  <member type="way" ref="165032558" role="forward"/>
  <member type="way" ref="20148661" role=""/>
  <member type="way" ref="108285092" role=""/>
  <member type="way" ref="108285085" role=""/>
  <member type="way" ref="295379536" role=""/>
  <member type="way" ref="674338761" role="forward"/>
  <member type="way" ref="299894537" role="forward"/>
  <member type="way" ref="322874314" role="forward"/>
  <member type="way" ref="675049573" role="forward"/>
  <member type="way" ref="675323034" role="forward"/>
  <member type="way" ref="675323035" role="forward"/>
  <member type="way" ref="675331850" role="forward"/>
  <member type="way" ref="675049578" role="forward"/>
  <member type="way" ref="675049587" role="forward"/>
  <member type="way" ref="674746348" role="forward"/>
  <member type="way" ref="20127352" role="forward"/>
  <member type="way" ref="674338764" role="forward"/>
  <member type="way" ref="322874315" role="forward"/>
  <member type="way" ref="675084206" role="forward"/>
  <member type="way" ref="299894536" role="forward"/>
  <member type="way" ref="675049570" role="forward"/>
  <member type="way" ref="675049571" role="forward"/>
  <member type="way" ref="675049572" role="forward"/>
  <member type="way" ref="674746347" role="forward"/>
  <member type="way" ref="675890209" role="forward"/>
  <member type="way" ref="674338763" role="forward"/>
  <member type="way" ref="674338762" role=""/>
  <member type="way" ref="322874313" role=""/>
  <member type="way" ref="249488973" role=""/>
  <member type="way" ref="469983182" role=""/>
  <member type="way" ref="954209526" role=""/>
  <member type="way" ref="674338745" role=""/>
  <member type="way" ref="1388154786" role=""/>
  <member type="way" ref="20125607" role=""/>
  <member type="way" ref="20125746" role=""/>
  <member type="way" ref="20138806" role="forward"/>
  <member type="way" ref="295893020" role="forward"/>
  <member type="way" ref="675747286" role="forward"/>
  <member type="way" ref="373861334" role="forward"/>
  <member type="way" ref="1254352987" role="forward"/>
  <member type="way" ref="318579088" role="forward"/>
  <tag k="name" v="Centro 74 Solvay-Milton Avenue"/>
  <tag k="network" v="Centro Syracuse"/>
  <tag k="network:wikidata" v="Q130302372"/>
  <tag k="operator" v="Central New York Regional Transportation Authority"/>
  <tag k="operator:short" v="Centro"/>
  <tag k="operator:wikidata" v="Q5061513"/>
  <tag k="public_transport:version" v="1"/>
  <tag k="ref" v="74"/>
  <tag k="route" v="bus"/>
  <tag k="type" v="route"/>
 </relation>
 <relation id="9384802" visible="true" version="11" changeset="185803048" timestamp="2026-07-15T18:38:27Z" user="MikeTheWhalersFan" uid="18419856">
  <member type="node" ref="6315270684" role="stop"/>
  <member type="node" ref="6315270796" role="stop"/>
  <member type="node" ref="6315270683" role="stop"/>
  <member type="node" ref="6315270682" role="stop"/>
  <member type="node" ref="6315270794" role="stop"/>
  <member type="node" ref="6315270791" role="stop"/>
  <member type="way" ref="600442044" role="forward"/>
  <member type="way" ref="675747291" role="forward"/>
  <member type="way" ref="600442032" role="forward"/>
  <member type="way" ref="675747289" role="forward"/>
  <member type="way" ref="675747293" role="forward"/>
  <member type="way" ref="591354084" role=""/>
  <member type="way" ref="1153976085" role=""/>
  <member type="way" ref="1153976086" role=""/>
  <member type="way" ref="591354082" role=""/>
  <member type="way" ref="1539539446" role=""/>
  <member type="way" ref="1539539445" role=""/>
  <member type="way" ref="318962575" role=""/>
  <member type="way" ref="320614744" role=""/>
  <member type="way" ref="318962576" role=""/>
  <member type="way" ref="591354083" role="forward"/>
  <member type="way" ref="1153976084" role=""/>
  <member type="way" ref="318962584" role=""/>
  <member type="way" ref="318962583" role=""/>
  <member type="way" ref="233931744" role=""/>
  <member type="way" ref="20135132" role=""/>
  <member type="way" ref="226071826" role=""/>
  <member type="way" ref="675747296" role=""/>
  <member type="way" ref="675331829" role=""/>
  <member type="way" ref="675747309" role=""/>
  <member type="way" ref="675747310" role=""/>
  <member type="way" ref="20151033" role=""/>
  <member type="way" ref="675747314" role=""/>
  <member type="way" ref="20139578" role=""/>
  <member type="way" ref="675747285" role=""/>
  <member type="way" ref="20124173" role=""/>
  <member type="way" ref="20130219" role=""/>
  <member type="way" ref="1262001880" role=""/>
  <member type="way" ref="675747288" role=""/>
  <member type="way" ref="675747317" role=""/>
  <member type="way" ref="675190829" role=""/>
  <member type="way" ref="157803593" role=""/>
  <member type="way" ref="675331869" role=""/>
  <member type="way" ref="1368388257" role=""/>
  <member type="way" ref="295408596" role="forward"/>
  <member type="way" ref="295408593" role="forward"/>
  <member type="way" ref="20119124" role="forward"/>
  <member type="way" ref="249488972" role="forward"/>
  <member type="way" ref="675331870" role="forward"/>
  <member type="way" ref="295408590" role="forward"/>
  <member type="way" ref="118714166" role="forward"/>
  <member type="way" ref="165032558" role="forward"/>
  <member type="way" ref="20148661" role=""/>
  <member type="way" ref="108285092" role=""/>
  <member type="way" ref="108285085" role=""/>
  <member type="way" ref="295379536" role=""/>
  <member type="way" ref="674338761" role="forward"/>
  <member type="way" ref="299894537" role="forward"/>
  <member type="way" ref="322874314" role="forward"/>
  <member type="way" ref="675049573" role="forward"/>
  <member type="way" ref="675323034" role="forward"/>
  <member type="way" ref="675323035" role="forward"/>
  <member type="way" ref="675331850" role="forward"/>
  <member type="way" ref="675049578" role="forward"/>
  <member type="way" ref="675049587" role="forward"/>
  <member type="way" ref="674746348" role="forward"/>
  <member type="way" ref="20127352" role="forward"/>
  <member type="way" ref="674338764" role="forward"/>
  <member type="way" ref="322874315" role="forward"/>
  <member type="way" ref="675084206" role="forward"/>
  <member type="way" ref="299894536" role="forward"/>
  <member type="way" ref="675049570" role="forward"/>
  <member type="way" ref="675049571" role="forward"/>
  <member type="way" ref="675049572" role="forward"/>
  <member type="way" ref="674746347" role="forward"/>
  <member type="way" ref="675890209" role="forward"/>
  <member type="way" ref="674338763" role="forward"/>
  <member type="way" ref="674338762" role=""/>
  <member type="way" ref="322874313" role=""/>
  <member type="way" ref="249488973" role=""/>
  <member type="way" ref="469983182" role=""/>
  <member type="way" ref="954209526" role=""/>
  <member type="way" ref="674338745" role=""/>
  <member type="way" ref="1388154786" role=""/>
  <member type="way" ref="20125607" role=""/>
  <member type="way" ref="20125746" role=""/>
  <member type="way" ref="20138806" role="forward"/>
  <member type="way" ref="295893020" role="forward"/>
  <member type="way" ref="675747286" role="forward"/>
  <member type="way" ref="373861334" role="forward"/>
  <member type="way" ref="1254352987" role="forward"/>
  <member type="way" ref="318579088" role="forward"/>
  <member type="way" ref="674746372" role="forward"/>
  <member type="way" ref="674746371" role="forward"/>
  <member type="way" ref="1153976088" role=""/>
  <tag k="name" v="Centro 374 Solvay-Avery Avenue"/>
  <tag k="network" v="Centro Syracuse"/>
  <tag k="network:wikidata" v="Q130302372"/>
  <tag k="operator" v="Central New York Regional Transportation Authority"/>
  <tag k="operator:short" v="Centro"/>
  <tag k="operator:wikidata" v="Q5061513"/>
  <tag k="public_transport:version" v="1"/>
  <tag k="ref" v="374"/>
  <tag k="route" v="bus"/>
  <tag k="type" v="route"/>
 </relation>
 <relation id="9386977" visible="true" version="17" changeset="170702051" timestamp="2025-08-20T04:57:14Z" user="bhartinegi_lyft" uid="23086961">
  <member type="node" ref="6315270684" role="stop"/>
  <member type="node" ref="6315270785" role="stop"/>
  <member type="way" ref="20139834" role=""/>
  <member type="way" ref="346885257" role=""/>
  <member type="way" ref="346885258" role=""/>
  <member type="way" ref="20134814" role="forward"/>
  <member type="way" ref="346885252" role="forward"/>
  <member type="way" ref="121772429" role="forward"/>
  <member type="way" ref="346885253" role="forward"/>
  <member type="way" ref="121772423" role="forward"/>
  <member type="way" ref="365028641" role="forward"/>
  <member type="way" ref="20131327" role="forward"/>
  <member type="way" ref="347316784" role=""/>
  <member type="way" ref="43185257" role=""/>
  <member type="way" ref="43185256" role=""/>
  <member type="way" ref="166607825" role=""/>
  <member type="way" ref="166607824" role=""/>
  <member type="way" ref="420031679" role=""/>
  <member type="way" ref="121772430" role=""/>
  <member type="way" ref="347316780" role=""/>
  <member type="way" ref="347316775" role=""/>
  <member type="way" ref="20132671" role=""/>
  <member type="way" ref="1423474865" role=""/>
  <member type="way" ref="139193618" role=""/>
  <member type="way" ref="20138411" role=""/>
  <member type="way" ref="347338311" role=""/>
  <member type="way" ref="674746369" role=""/>
  <member type="way" ref="1289230925" role=""/>
  <member type="way" ref="1223649802" role=""/>
  <member type="way" ref="43149234" role="backward"/>
  <member type="way" ref="20149720" role="backward"/>
  <member type="way" ref="20138677" role="backward"/>
  <member type="way" ref="139456716" role="forward"/>
  <member type="way" ref="318209452" role="forward"/>
  <member type="way" ref="1223649800" role="forward"/>
  <member type="way" ref="318209453" role="forward"/>
  <member type="way" ref="1221826059" role="forward"/>
  <member type="way" ref="643573134" role="forward"/>
  <member type="way" ref="20120329" role="forward"/>
  <member type="way" ref="321713535" role="forward"/>
  <member type="way" ref="321713531" role="forward"/>
  <member type="way" ref="194546281" role="forward"/>
  <member type="way" ref="20119650" role="forward"/>
  <member type="way" ref="324338809" role="forward"/>
  <member type="way" ref="175688027" role="forward"/>
  <member type="way" ref="319126665" role="forward"/>
  <member type="way" ref="347316786" role="forward"/>
  <member type="way" ref="139750901" role="forward"/>
  <member type="way" ref="666963717" role="forward"/>
  <member type="way" ref="20119288" role="forward"/>
  <member type="way" ref="321177943" role="forward"/>
  <member type="way" ref="194546282" role="forward"/>
  <member type="way" ref="675240337" role="forward"/>
  <member type="way" ref="43149242" role="forward"/>
  <member type="way" ref="43149240" role="forward"/>
  <member type="way" ref="43149241" role="forward"/>
  <member type="way" ref="20121493" role="forward"/>
  <member type="way" ref="382039855" role="forward"/>
  <member type="way" ref="20148947" role="backward"/>
  <member type="way" ref="675747286" role="backward"/>
  <member type="way" ref="373861334" role=""/>
  <member type="way" ref="1254352987" role=""/>
  <member type="way" ref="20125746" role=""/>
  <member type="way" ref="20125607" role=""/>
  <member type="way" ref="1388154786" role=""/>
  <member type="way" ref="674338745" role=""/>
  <member type="way" ref="469983182" role=""/>
  <member type="way" ref="954209526" role=""/>
  <member type="way" ref="296530442" role="forward"/>
  <member type="way" ref="1388559462" role="forward"/>
  <member type="way" ref="318612631" role="forward"/>
  <member type="way" ref="323900777" role="forward"/>
  <member type="way" ref="295379536" role="forward"/>
  <member type="way" ref="674338761" role="forward"/>
  <member type="way" ref="318579088" role="forward"/>
  <member type="way" ref="674746372" role="forward"/>
  <member type="way" ref="674746371" role="forward"/>
  <member type="way" ref="1388535721" role="forward"/>
  <member type="way" ref="1388535722" role="forward"/>
  <member type="way" ref="674338760" role="forward"/>
  <member type="way" ref="249488973" role="forward"/>
  <member type="way" ref="20141824" role="forward"/>
  <member type="way" ref="675890231" role="forward"/>
  <member type="way" ref="675890228" role="forward"/>
  <member type="way" ref="675890230" role="forward"/>
  <member type="way" ref="618360542" role="forward"/>
  <member type="way" ref="346885256" role="forward"/>
  <member type="way" ref="1371653367" role="forward"/>
  <member type="way" ref="20147278" role="forward"/>
  <member type="way" ref="1370258130" role="forward"/>
  <member type="way" ref="675890232" role="forward"/>
  <member type="way" ref="346885246" role="forward"/>
  <member type="way" ref="1370293862" role="forward"/>
  <member type="way" ref="1370293861" role="forward"/>
  <member type="way" ref="346885248" role="forward"/>
  <member type="way" ref="346885244" role="forward"/>
  <member type="way" ref="346885235" role="forward"/>
  <member type="way" ref="346885247" role="forward"/>
  <member type="way" ref="295364370" role="forward"/>
  <member type="way" ref="295364372" role="forward"/>
  <member type="way" ref="618364378" role="forward"/>
  <member type="way" ref="121772426" role="forward"/>
  <member type="way" ref="675890193" role="forward"/>
  <member type="way" ref="319201251" role="forward"/>
  <member type="way" ref="20131244" role="forward"/>
  <member type="way" ref="20132687" role="forward"/>
  <member type="way" ref="319201239" role="forward"/>
  <member type="way" ref="675890227" role="forward"/>
  <member type="way" ref="675890226" role="forward"/>
  <member type="way" ref="1224032824" role="forward"/>
  <member type="way" ref="175687959" role="forward"/>
  <member type="way" ref="20143233" role="forward"/>
  <member type="way" ref="400916092" role="forward"/>
  <member type="way" ref="675890217" role="forward"/>
  <member type="way" ref="277593485" role="forward"/>
  <member type="way" ref="675890222" role="forward"/>
  <member type="way" ref="675890218" role="forward"/>
  <member type="way" ref="907796764" role="forward"/>
  <member type="way" ref="175687950" role="forward"/>
  <member type="way" ref="121772428" role="forward"/>
  <member type="way" ref="346885240" role="forward"/>
  <member type="way" ref="346885236" role="forward"/>
  <member type="way" ref="675890233" role="forward"/>
  <member type="way" ref="346885259" role=""/>
  <member type="way" ref="675890234" role=""/>
  <tag k="name" v="Centro 84 Mattydale"/>
  <tag k="network" v="Centro Syracuse"/>
  <tag k="network:wikidata" v="Q130302372"/>
  <tag k="operator" v="Central New York Regional Transportation Authority"/>
  <tag k="operator:short" v="Centro"/>
  <tag k="operator:wikidata" v="Q5061513"/>
  <tag k="public_transport:version" v="1"/>
  <tag k="ref" v="84"/>
  <tag k="route" v="bus"/>
  <tag k="type" v="route"/>
 </relation>
 <relation id="9386978" visible="true" version="21" changeset="170702051" timestamp="2025-08-20T04:57:14Z" user="bhartinegi_lyft" uid="23086961">
  <member type="node" ref="6315270785" role="stop"/>
  <member type="node" ref="6315270789" role="stop"/>
  <member type="way" ref="319110234" role="forward"/>
  <member type="way" ref="319110232" role="forward"/>
  <member type="way" ref="319110233" role="forward"/>
  <member type="way" ref="319201265" role="forward"/>
  <member type="way" ref="319201264" role="forward"/>
  <member type="way" ref="205970720" role="forward"/>
  <member type="way" ref="20150703" role="forward"/>
  <member type="way" ref="319201224" role="forward"/>
  <member type="way" ref="215347443" role="forward"/>
  <member type="way" ref="20125505" role="forward"/>
  <member type="way" ref="216919021" role="forward"/>
  <member type="way" ref="247460758" role="forward"/>
  <member type="way" ref="319148421" role="forward"/>
  <member type="way" ref="20139877" role="forward"/>
  <member type="way" ref="343907801" role="forward"/>
  <member type="way" ref="249490225" role="forward"/>
  <member type="way" ref="343907794" role="forward"/>
  <member type="way" ref="343907795" role="forward"/>
  <member type="way" ref="343907799" role="forward"/>
  <member type="way" ref="343908033" role="forward"/>
  <member type="way" ref="343907797" role="forward"/>
  <member type="way" ref="343907798" role="forward"/>
  <member type="way" ref="343907767" role=""/>
  <member type="way" ref="319201256" role=""/>
  <member type="way" ref="319201236" role=""/>
  <member type="way" ref="319201229" role=""/>
  <member type="way" ref="319201242" role=""/>
  <member type="way" ref="1372018915" role=""/>
  <member type="way" ref="319201228" role=""/>
  <member type="way" ref="350350149" role=""/>
  <member type="way" ref="1072394607" role=""/>
  <member type="way" ref="675890211" role="forward"/>
  <member type="way" ref="675890210" role="forward"/>
  <member type="way" ref="675890216" role="forward"/>
  <member type="way" ref="346898776" role="forward"/>
  <member type="way" ref="346898776" role="forward"/>
  <member type="way" ref="675890216" role="forward"/>
  <member type="way" ref="675890210" role="forward"/>
  <member type="way" ref="675890211" role="forward"/>
  <member type="way" ref="1072394607" role=""/>
  <member type="way" ref="350350149" role=""/>
  <member type="way" ref="319201252" role=""/>
  <member type="way" ref="1072394608" role=""/>
  <member type="way" ref="319201257" role=""/>
  <member type="way" ref="319201237" role=""/>
  <member type="way" ref="319201239" role="forward"/>
  <member type="way" ref="20132687" role="forward"/>
  <member type="way" ref="20131244" role="forward"/>
  <member type="way" ref="319201251" role="forward"/>
  <member type="way" ref="675890193" role="forward"/>
  <member type="way" ref="121772426" role="forward"/>
  <member type="way" ref="618364378" role="forward"/>
  <member type="way" ref="295364372" role="forward"/>
  <member type="way" ref="295364370" role="forward"/>
  <member type="way" ref="346885247" role="forward"/>
  <member type="way" ref="346885235" role="forward"/>
  <member type="way" ref="346885244" role="forward"/>
  <member type="way" ref="346885248" role="forward"/>
  <member type="way" ref="1370293861" role="forward"/>
  <member type="way" ref="1370293862" role="forward"/>
  <member type="way" ref="346885246" role="forward"/>
  <member type="way" ref="675890232" role="forward"/>
  <member type="way" ref="1370258130" role="forward"/>
  <member type="way" ref="20147278" role="forward"/>
  <member type="way" ref="675890233" role="forward"/>
  <member type="way" ref="346885240" role="forward"/>
  <member type="way" ref="346885236" role="forward"/>
  <member type="way" ref="675890227" role="forward"/>
  <member type="way" ref="675890226" role="forward"/>
  <member type="way" ref="1224032824" role="forward"/>
  <member type="way" ref="175687959" role="forward"/>
  <member type="way" ref="20143233" role="forward"/>
  <member type="way" ref="400916092" role="forward"/>
  <member type="way" ref="675890217" role="forward"/>
  <member type="way" ref="277593485" role="forward"/>
  <member type="way" ref="675890222" role="forward"/>
  <member type="way" ref="675890218" role="forward"/>
  <member type="way" ref="907796764" role="forward"/>
  <member type="way" ref="175687950" role="forward"/>
  <member type="way" ref="121772428" role="forward"/>
  <member type="way" ref="20139834" role=""/>
  <member type="way" ref="346885257" role=""/>
  <member type="way" ref="346885258" role=""/>
  <member type="way" ref="20134814" role="forward"/>
  <member type="way" ref="346885252" role="forward"/>
  <member type="way" ref="121772429" role="forward"/>
  <member type="way" ref="346885253" role="forward"/>
  <member type="way" ref="121772423" role="forward"/>
  <member type="way" ref="365028641" role="forward"/>
  <member type="way" ref="20131327" role="forward"/>
  <member type="way" ref="347316784" role=""/>
  <member type="way" ref="43185257" role=""/>
  <member type="way" ref="43185256" role=""/>
  <member type="way" ref="166607825" role=""/>
  <member type="way" ref="166607824" role=""/>
  <member type="way" ref="420031679" role=""/>
  <member type="way" ref="121772430" role=""/>
  <member type="way" ref="347316780" role=""/>
  <member type="way" ref="347316775" role=""/>
  <member type="way" ref="20132671" role=""/>
  <member type="way" ref="1423474865" role=""/>
  <member type="way" ref="139193618" role=""/>
  <member type="way" ref="20138411" role=""/>
  <member type="way" ref="347338311" role=""/>
  <member type="way" ref="674746369" role=""/>
  <member type="way" ref="1289230925" role=""/>
  <member type="way" ref="1223649802" role=""/>
  <member type="way" ref="43149234" role="backward"/>
  <member type="way" ref="20149720" role="backward"/>
  <member type="way" ref="20138677" role="backward"/>
  <member type="way" ref="139456716" role="forward"/>
  <member type="way" ref="318209452" role="forward"/>
  <member type="way" ref="1223649800" role="forward"/>
  <member type="way" ref="318209453" role="forward"/>
  <member type="way" ref="1221826059" role="forward"/>
  <member type="way" ref="643573134" role="forward"/>
  <member type="way" ref="20120329" role="forward"/>
  <member type="way" ref="321713535" role="forward"/>
  <member type="way" ref="321713531" role="forward"/>
  <member type="way" ref="194546281" role="forward"/>
  <member type="way" ref="20119650" role="forward"/>
  <member type="way" ref="324338809" role="forward"/>
  <member type="way" ref="175688027" role="forward"/>
  <member type="way" ref="319126665" role="forward"/>
  <member type="way" ref="347316786" role="forward"/>
  <member type="way" ref="139750901" role="forward"/>
  <member type="way" ref="666963717" role="forward"/>
  <member type="way" ref="20119288" role="forward"/>
  <member type="way" ref="321177943" role="forward"/>
  <member type="way" ref="194546282" role="forward"/>
  <member type="way" ref="675240337" role="forward"/>
  <member type="way" ref="43149242" role="forward"/>
  <member type="way" ref="43149240" role="forward"/>
  <member type="way" ref="43149241" role="forward"/>
  <member type="way" ref="20121493" role="forward"/>
  <member type="way" ref="382039855" role="forward"/>
  <member type="way" ref="20148947" role="backward"/>
  <member type="way" ref="675747286" role="backward"/>
  <member type="way" ref="373861334" role=""/>
  <member type="way" ref="1254352987" role=""/>
  <member type="way" ref="20125746" role=""/>
  <member type="way" ref="20125607" role=""/>
  <member type="way" ref="1388154786" role=""/>
  <member type="way" ref="674338745" role=""/>
  <member type="way" ref="469983182" role=""/>
  <member type="way" ref="954209526" role=""/>
  <member type="way" ref="296530442" role="forward"/>
  <member type="way" ref="1388559462" role="forward"/>
  <member type="way" ref="318612631" role="forward"/>
  <member type="way" ref="323900777" role="forward"/>
  <member type="way" ref="295379536" role="forward"/>
  <member type="way" ref="674338761" role="forward"/>
  <member type="way" ref="318579088" role="forward"/>
  <member type="way" ref="674746372" role="forward"/>
  <member type="way" ref="674746371" role="forward"/>
  <member type="way" ref="1388535721" role="forward"/>
  <member type="way" ref="1388535722" role="forward"/>
  <member type="way" ref="674338760" role="forward"/>
  <member type="way" ref="249488973" role="forward"/>
  <member type="way" ref="299894537" role="forward"/>
  <member type="way" ref="20141824" role="forward"/>
  <member type="way" ref="675890231" role="forward"/>
  <member type="way" ref="675890228" role="forward"/>
  <member type="way" ref="675890230" role="forward"/>
  <member type="way" ref="618360542" role="forward"/>
  <member type="way" ref="346885256" role="forward"/>
  <member type="way" ref="1371653367" role="forward"/>
  <member type="way" ref="346885259" role=""/>
  <member type="way" ref="675890234" role=""/>
  <member type="way" ref="346885242" role="forward"/>
  <member type="way" ref="1370258131" role="forward"/>
  <member type="way" ref="346885241" role="forward"/>
  <member type="way" ref="346885239" role="forward"/>
  <member type="way" ref="346885238" role="forward"/>
  <member type="way" ref="1371653369" role="forward"/>
  <member type="way" ref="618360546" role="forward"/>
  <member type="way" ref="1371653368" role="forward"/>
  <member type="way" ref="346885255" role="forward"/>
  <member type="way" ref="618360537" role="forward"/>
  <member type="way" ref="346885237" role="forward"/>
  <member type="way" ref="1371166162" role="forward"/>
  <member type="way" ref="346885249" role="forward"/>
  <member type="way" ref="1371070740" role="forward"/>
  <member type="way" ref="346885254" role="forward"/>
  <member type="way" ref="175688006" role="forward"/>
  <member type="way" ref="249531646" role="forward"/>
  <member type="way" ref="340365495" role="forward"/>
  <member type="way" ref="340365494" role="forward"/>
  <member type="way" ref="340365501" role="forward"/>
  <member type="way" ref="38606200" role="forward"/>
  <member type="way" ref="38606196" role="forward"/>
  <member type="way" ref="340365500" role="forward"/>
  <member type="way" ref="322381614" role="forward"/>
  <member type="way" ref="193191907" role="forward"/>
  <member type="way" ref="322381610" role="forward"/>
  <member type="way" ref="43149224" role="forward"/>
  <member type="way" ref="675240319" role="forward"/>
  <member type="way" ref="43149225" role="forward"/>
  <member type="way" ref="675190809" role="forward"/>
  <member type="way" ref="324338807" role="forward"/>
  <member type="way" ref="324338806" role="forward"/>
  <tag k="name" v="Centro 184 Mattydale-Allen Road"/>
  <tag k="network" v="Centro Syracuse"/>
  <tag k="network:wikidata" v="Q130302372"/>
  <tag k="operator" v="Central New York Regional Transportation Authority"/>
  <tag k="operator:short" v="Centro"/>
  <tag k="operator:wikidata" v="Q5061513"/>
  <tag k="public_transport:version" v="1"/>
  <tag k="ref" v="184"/>
  <tag k="route" v="bus"/>
  <tag k="type" v="route"/>
 </relation>
 <relation id="11688624" visible="true" version="34" changeset="186183368" timestamp="2026-07-22T15:00:01Z" user="nopeinomicon" uid="21426053">
  <member type="way" ref="1504294109" role=""/>
  <member type="way" ref="1504294110" role=""/>
  <member type="way" ref="886812791" role=""/>
  <member type="way" ref="1504294098" role=""/>
  <member type="way" ref="1504294099" role=""/>
  <member type="way" ref="1504294100" role=""/>
  <member type="way" ref="1504294097" role=""/>
  <member type="way" ref="1504284450" role=""/>
  <member type="way" ref="1504284449" role=""/>
  <member type="way" ref="1504283473" role=""/>
  <member type="way" ref="1504284451" role=""/>
  <member type="way" ref="1504284452" role=""/>
  <member type="way" ref="1504284447" role=""/>
  <member type="way" ref="1504284448" role=""/>
  <member type="way" ref="1504283472" role=""/>
  <member type="way" ref="1505434945" role=""/>
  <member type="way" ref="1505434944" role=""/>
  <member type="way" ref="1505434955" role=""/>
  <member type="way" ref="1505434956" role=""/>
  <member type="way" ref="1505434957" role=""/>
  <member type="way" ref="1505434958" role=""/>
  <member type="way" ref="1506459871" role=""/>
  <member type="way" ref="1506459872" role=""/>
  <member type="way" ref="886816874" role=""/>
  <member type="way" ref="1506459874" role=""/>
  <member type="way" ref="1506459875" role=""/>
  <member type="way" ref="1506459876" role=""/>
  <member type="way" ref="1506459873" role=""/>
  <member type="way" ref="1506464433" role=""/>
  <member type="way" ref="1436334579" role=""/>
  <member type="way" ref="1436334581" role=""/>
  <member type="way" ref="890883720" role=""/>
  <member type="way" ref="1436334582" role=""/>
  <member type="way" ref="1506464434" role=""/>
  <member type="way" ref="1506464435" role=""/>
  <member type="way" ref="1506480386" role=""/>
  <member type="way" ref="1506480387" role=""/>
  <member type="way" ref="1506480384" role=""/>
  <member type="way" ref="1506480385" role=""/>
  <member type="way" ref="1506480388" role=""/>
  <member type="way" ref="1506480389" role=""/>
  <member type="way" ref="1506480397" role=""/>
  <member type="way" ref="1506480398" role=""/>
  <member type="way" ref="890883719" role=""/>
  <member type="way" ref="886816873" role=""/>
  <member type="way" ref="1506480400" role=""/>
  <member type="way" ref="886816872" role=""/>
  <member type="way" ref="231959061" role=""/>
  <member type="way" ref="1531767104" role=""/>
  <member type="way" ref="157804463" role=""/>
  <member type="way" ref="20125680" role=""/>
  <member type="way" ref="20150664" role=""/>
  <member type="way" ref="157804462" role=""/>
  <member type="way" ref="157804464" role=""/>
  <member type="way" ref="1175231374" role=""/>
  <member type="way" ref="1175231376" role=""/>
  <member type="way" ref="1175231377" role=""/>
  <member type="way" ref="848557058" role=""/>
  <member type="way" ref="1175231380" role=""/>
  <member type="way" ref="1175231378" role=""/>
  <member type="way" ref="1300152181" role=""/>
  <member type="way" ref="356296496" role=""/>
  <member type="way" ref="356113962" role=""/>
  <member type="way" ref="356113965" role=""/>
  <member type="way" ref="219239987" role=""/>
  <member type="way" ref="219239984" role=""/>
  <member type="way" ref="848557056" role=""/>
  <member type="way" ref="71334049" role=""/>
  <member type="way" ref="71333977" role=""/>
  <member type="way" ref="166656346" role=""/>
  <member type="way" ref="1177758778" role=""/>
  <member type="way" ref="1177758777" role=""/>
  <member type="way" ref="166656345" role=""/>
  <member type="way" ref="165333224" role=""/>
  <member type="way" ref="165333225" role=""/>
  <member type="way" ref="1057951877" role=""/>
  <member type="way" ref="1057951878" role=""/>
  <member type="way" ref="97522968" role=""/>
  <member type="way" ref="1409656185" role=""/>
  <member type="way" ref="848557055" role=""/>
  <member type="way" ref="1413255325" role=""/>
  <member type="way" ref="1413255326" role=""/>
  <member type="way" ref="852990686" role=""/>
  <member type="way" ref="848557054" role=""/>
  <member type="way" ref="853087781" role=""/>
  <member type="way" ref="848557053" role=""/>
  <member type="way" ref="840254595" role=""/>
  <member type="way" ref="853098271" role=""/>
  <member type="way" ref="848540998" role=""/>
  <member type="way" ref="848540997" role=""/>
  <member type="way" ref="20118375" role=""/>
  <member type="way" ref="107489398" role=""/>
  <member type="way" ref="97522977" role=""/>
  <member type="way" ref="107489395" role=""/>
  <member type="way" ref="849078122" role=""/>
  <member type="way" ref="1270900585" role=""/>
  <member type="way" ref="852492121" role=""/>
  <member type="way" ref="1270900584" role=""/>
  <member type="way" ref="20150563" role=""/>
  <member type="way" ref="852492118" role=""/>
  <member type="way" ref="1057272699" role=""/>
  <member type="way" ref="1254340541" role=""/>
  <member type="way" ref="1057272698" role=""/>
  <member type="way" ref="1543010998" role=""/>
  <member type="way" ref="1543010999" role=""/>
  <member type="way" ref="886725872" role=""/>
  <member type="way" ref="1504294116" role=""/>
  <member type="way" ref="1504294115" role=""/>
  <member type="way" ref="1504294108" role=""/>
  <tag k="cycle_network" v="US:NY"/>
  <tag k="from" v="Fairgrounds"/>
  <tag k="name" v="ECT - Erie Canalway Trail - 2 Fairgrounds to DeWitt - Cycling"/>
  <tag k="network" v="rcn"/>
  <tag k="ref" v="ECT"/>
  <tag k="route" v="bicycle"/>
  <tag k="to" v="DeWitt"/>
  <tag k="type" v="route"/>
  <tag k="website" v="https://www.canals.ny.gov/trails/"/>
 </relation>
 <relation id="12230303" visible="true" version="29" changeset="187153660" timestamp="2026-08-08T21:16:04Z" user="lawton10" uid="24399693">
  <member type="way" ref="20129806" role=""/>
  <member type="way" ref="51984984" role=""/>
  <member type="way" ref="52869850" role=""/>
  <member type="way" ref="1548197238" role=""/>
  <member type="way" ref="1548197237" role=""/>
  <member type="way" ref="52869841" role=""/>
  <member type="way" ref="246148636" role=""/>
  <member type="way" ref="318103966" role=""/>
  <member type="way" ref="318103968" role=""/>
  <member type="way" ref="295587218" role=""/>
  <member type="way" ref="295587220" role=""/>
  <member type="way" ref="295587217" role=""/>
  <member type="way" ref="295587215" role=""/>
  <member type="way" ref="295587216" role=""/>
  <member type="way" ref="295587214" role=""/>
  <member type="way" ref="229214662" role=""/>
  <member type="way" ref="295587212" role=""/>
  <member type="way" ref="20132092" role=""/>
  <member type="way" ref="295587221" role=""/>
  <member type="way" ref="295587219" role=""/>
  <member type="way" ref="20132084" role=""/>
  <member type="way" ref="229214663" role=""/>
  <member type="way" ref="45361912" role=""/>
  <member type="way" ref="295587213" role=""/>
  <member type="way" ref="20132562" role=""/>
  <member type="way" ref="295587206" role=""/>
  <member type="way" ref="295587207" role=""/>
  <member type="way" ref="139602744" role=""/>
  <member type="way" ref="318103950" role=""/>
  <member type="way" ref="216269305" role=""/>
  <member type="way" ref="216269304" role=""/>
  <member type="way" ref="318103942" role=""/>
  <member type="way" ref="318103941" role=""/>
  <member type="way" ref="318103943" role=""/>
  <member type="way" ref="318103946" role=""/>
  <member type="way" ref="20141994" role=""/>
  <member type="way" ref="246397598" role=""/>
  <member type="way" ref="193250477" role=""/>
  <member type="way" ref="300737357" role=""/>
  <member type="way" ref="300737359" role=""/>
  <member type="way" ref="675084236" role=""/>
  <member type="way" ref="319241160" role=""/>
  <member type="way" ref="1432715102" role=""/>
  <member type="way" ref="1432715101" role=""/>
  <member type="way" ref="319241154" role=""/>
  <member type="way" ref="1432249938" role=""/>
  <member type="way" ref="310012482" role=""/>
  <member type="way" ref="965615149" role=""/>
  <member type="way" ref="965615148" role=""/>
  <member type="way" ref="965615142" role=""/>
  <member type="way" ref="432695547" role=""/>
  <member type="way" ref="139603725" role=""/>
  <member type="way" ref="965617483" role=""/>
  <member type="way" ref="965617486" role=""/>
  <member type="way" ref="310012481" role=""/>
  <member type="way" ref="965617489" role=""/>
  <member type="way" ref="965617496" role=""/>
  <member type="way" ref="965617501" role=""/>
  <member type="way" ref="965617503" role=""/>
  <member type="way" ref="965617495" role=""/>
  <member type="way" ref="965617497" role=""/>
  <member type="way" ref="675084228" role=""/>
  <member type="way" ref="1372266134" role=""/>
  <member type="way" ref="1425530378" role=""/>
  <member type="way" ref="1425530377" role=""/>
  <member type="way" ref="1372021582" role=""/>
  <member type="way" ref="44873077" role=""/>
  <member type="way" ref="1204782949" role=""/>
  <member type="way" ref="432315710" role=""/>
  <member type="way" ref="1539539436" role=""/>
  <member type="way" ref="386674966" role=""/>
  <member type="way" ref="44873078" role=""/>
  <member type="way" ref="1539539437" role=""/>
  <member type="way" ref="20132560" role=""/>
  <member type="way" ref="319241161" role=""/>
  <member type="way" ref="319241158" role=""/>
  <member type="way" ref="44873079" role=""/>
  <member type="way" ref="319241156" role=""/>
  <member type="way" ref="20132536" role=""/>
  <member type="way" ref="386674965" role=""/>
  <member type="way" ref="44873076" role=""/>
  <member type="way" ref="313314343" role=""/>
  <member type="way" ref="313314342" role=""/>
  <member type="way" ref="300737806" role=""/>
  <member type="way" ref="386674964" role=""/>
  <member type="way" ref="313314341" role=""/>
  <member type="way" ref="313314340" role=""/>
  <member type="way" ref="313314339" role=""/>
  <member type="way" ref="313314338" role=""/>
  <member type="way" ref="386674962" role=""/>
  <member type="way" ref="327171101" role=""/>
  <member type="way" ref="327171102" role=""/>
  <member type="way" ref="357482441" role=""/>
  <member type="way" ref="20117754" role=""/>
  <member type="way" ref="319126653" role=""/>
  <member type="way" ref="327171103" role=""/>
  <member type="way" ref="221358840" role=""/>
  <member type="way" ref="221358841" role=""/>
  <member type="way" ref="344565439" role=""/>
  <member type="way" ref="1336636162" role=""/>
  <member type="way" ref="1336636161" role=""/>
  <member type="way" ref="173516075" role=""/>
  <member type="way" ref="1368646107" role=""/>
  <member type="way" ref="1368646112" role=""/>
  <member type="way" ref="541982401" role=""/>
  <member type="way" ref="1445729981" role=""/>
  <member type="way" ref="1175231338" role=""/>
  <member type="way" ref="221923217" role=""/>
  <member type="way" ref="97100899" role=""/>
  <member type="way" ref="97100870" role=""/>
  <member type="way" ref="221923218" role=""/>
  <member type="way" ref="97523013" role=""/>
  <member type="way" ref="354071316" role=""/>
  <member type="way" ref="295893011" role=""/>
  <member type="way" ref="295893009" role=""/>
  <member type="way" ref="295893010" role=""/>
  <member type="way" ref="295893007" role=""/>
  <member type="way" ref="295893008" role=""/>
  <member type="way" ref="108285051" role=""/>
  <member type="way" ref="320903175" role=""/>
  <member type="way" ref="44873074" role=""/>
  <member type="way" ref="319241152" role=""/>
  <member type="way" ref="336600313" role=""/>
  <member type="way" ref="336600312" role=""/>
  <member type="way" ref="336600310" role=""/>
  <member type="way" ref="44866688" role=""/>
  <member type="way" ref="336600315" role=""/>
  <member type="way" ref="336600311" role=""/>
  <member type="way" ref="293377045" role=""/>
  <member type="way" ref="218185885" role=""/>
  <member type="way" ref="336600314" role=""/>
  <member type="way" ref="675049504" role=""/>
  <member type="way" ref="267554679" role=""/>
  <member type="way" ref="20127023" role=""/>
  <member type="way" ref="384536949" role=""/>
  <member type="way" ref="44866687" role=""/>
  <member type="way" ref="675323010" role=""/>
  <member type="way" ref="384536945" role=""/>
  <member type="way" ref="384536947" role=""/>
  <member type="way" ref="384536950" role=""/>
  <member type="way" ref="384536951" role=""/>
  <member type="way" ref="384536956" role=""/>
  <member type="way" ref="384536948" role=""/>
  <member type="way" ref="295315726" role=""/>
  <member type="way" ref="384536953" role=""/>
  <member type="way" ref="849194134" role=""/>
  <member type="way" ref="384536946" role=""/>
  <member type="way" ref="849194135" role=""/>
  <member type="way" ref="193891599" role=""/>
  <member type="way" ref="849209112" role=""/>
  <member type="way" ref="295408564" role=""/>
  <member type="way" ref="295408563" role=""/>
  <member type="way" ref="230364021" role=""/>
  <member type="way" ref="1436341600" role=""/>
  <member type="way" ref="849291348" role=""/>
  <member type="way" ref="1304136125" role=""/>
  <member type="way" ref="849291349" role=""/>
  <member type="way" ref="1304136126" role=""/>
  <member type="way" ref="295408565" role=""/>
  <member type="way" ref="849376089" role=""/>
  <member type="way" ref="675331826" role=""/>
  <member type="way" ref="849376090" role=""/>
  <member type="way" ref="849376091" role=""/>
  <member type="way" ref="849303133" role=""/>
  <member type="way" ref="230355990" role=""/>
  <member type="way" ref="849303129" role=""/>
  <member type="way" ref="849303130" role=""/>
  <member type="way" ref="295391104" role=""/>
  <member type="way" ref="912372655" role=""/>
  <member type="way" ref="20127019" role=""/>
  <member type="way" ref="295266063" role=""/>
  <member type="way" ref="295266061" role=""/>
  <member type="way" ref="295266064" role=""/>
  <member type="way" ref="295391113" role=""/>
  <member type="way" ref="295391105" role=""/>
  <member type="way" ref="1545634975" role=""/>
  <member type="way" ref="295316272" role=""/>
  <member type="way" ref="295316270" role=""/>
  <member type="way" ref="675331824" role=""/>
  <member type="way" ref="675747284" role=""/>
  <member type="way" ref="295316260" role=""/>
  <member type="way" ref="295316258" role=""/>
  <member type="way" ref="295316264" role=""/>
  <member type="way" ref="295316263" role=""/>
  <member type="way" ref="44866684" role=""/>
  <member type="way" ref="295316261" role=""/>
  <member type="way" ref="295316259" role=""/>
  <member type="way" ref="1374403140" role=""/>
  <member type="way" ref="295316266" role=""/>
  <member type="way" ref="295316268" role=""/>
  <member type="way" ref="295316262" role=""/>
  <member type="way" ref="20123152" role=""/>
  <member type="way" ref="248343291" role=""/>
  <member type="way" ref="296113405" role=""/>
  <member type="way" ref="20135080" role=""/>
  <member type="way" ref="321188447" role=""/>
  <member type="way" ref="296113409" role=""/>
  <member type="way" ref="686317676" role=""/>
  <member type="way" ref="296113407" role=""/>
  <member type="way" ref="628283503" role=""/>
  <member type="way" ref="675322987" role=""/>
  <member type="way" ref="343694272" role=""/>
  <member type="way" ref="158370470" role=""/>
  <member type="way" ref="1374403141" role=""/>
  <member type="way" ref="295316256" role=""/>
  <member type="way" ref="295316265" role=""/>
  <member type="way" ref="295316257" role=""/>
  <member type="way" ref="295316269" role=""/>
  <member type="way" ref="295316255" role=""/>
  <member type="way" ref="295316267" role=""/>
  <member type="way" ref="295316271" role=""/>
  <member type="way" ref="1545634976" role=""/>
  <member type="way" ref="295316273" role=""/>
  <member type="way" ref="291206940" role=""/>
  <member type="way" ref="291206946" role=""/>
  <member type="way" ref="912372657" role=""/>
  <member type="way" ref="295266060" role=""/>
  <member type="way" ref="295266062" role=""/>
  <member type="way" ref="230364020" role=""/>
  <member type="way" ref="295391112" role=""/>
  <member type="way" ref="196463333" role=""/>
  <member type="way" ref="849303131" role=""/>
  <member type="way" ref="849303132" role=""/>
  <member type="way" ref="849299065" role=""/>
  <member type="way" ref="849299064" role=""/>
  <member type="way" ref="230364019" role=""/>
  <member type="way" ref="849299066" role=""/>
  <member type="way" ref="849299067" role=""/>
  <member type="way" ref="193891600" role=""/>
  <member type="way" ref="849288480" role=""/>
  <member type="way" ref="849288481" role=""/>
  <member type="way" ref="849288482" role=""/>
  <member type="way" ref="849288483" role=""/>
  <member type="way" ref="849209569" role=""/>
  <member type="way" ref="295408566" role=""/>
  <member type="way" ref="158294591" role=""/>
  <member type="way" ref="139260117" role=""/>
  <member type="way" ref="194108900" role=""/>
  <member type="way" ref="221923216" role=""/>
  <member type="way" ref="194108899" role=""/>
  <member type="way" ref="157624311" role=""/>
  <member type="way" ref="157624314" role=""/>
  <member type="way" ref="185095003" role=""/>
  <member type="way" ref="185094996" role=""/>
  <member type="way" ref="185094997" role=""/>
  <member type="way" ref="384535462" role=""/>
  <member type="way" ref="185095002" role=""/>
  <member type="way" ref="384535463" role=""/>
  <member type="way" ref="384535464" role=""/>
  <member type="way" ref="324317083" role=""/>
  <member type="way" ref="185095004" role=""/>
  <member type="way" ref="185095000" role=""/>
  <member type="way" ref="249614163" role=""/>
  <member type="way" ref="185094998" role=""/>
  <member type="way" ref="185094989" role=""/>
  <member type="way" ref="262486057" role=""/>
  <member type="way" ref="185094999" role=""/>
  <member type="way" ref="295249994" role=""/>
  <member type="way" ref="1122015667" role=""/>
  <member type="way" ref="185094987" role=""/>
  <member type="way" ref="20140909" role=""/>
  <member type="way" ref="237818898" role=""/>
  <member type="way" ref="237818901" role=""/>
  <member type="way" ref="237818899" role=""/>
  <member type="way" ref="319054068" role=""/>
  <member type="way" ref="295287284" role=""/>
  <member type="way" ref="295287286" role=""/>
  <member type="way" ref="319054067" role=""/>
  <member type="way" ref="295287283" role=""/>
  <member type="way" ref="295287285" role=""/>
  <member type="way" ref="295287292" role=""/>
  <member type="way" ref="237818900" role=""/>
  <member type="way" ref="155848219" role=""/>
  <member type="way" ref="295287290" role=""/>
  <member type="way" ref="295287287" role=""/>
  <member type="way" ref="295287288" role=""/>
  <member type="way" ref="155848211" role=""/>
  <member type="way" ref="85371032" role=""/>
  <member type="way" ref="295287291" role=""/>
  <member type="way" ref="1434337824" role=""/>
  <member type="way" ref="1434337823" role=""/>
  <member type="way" ref="85371033" role=""/>
  <member type="way" ref="295287282" role=""/>
  <member type="way" ref="241736515" role=""/>
  <member type="way" ref="295316274" role=""/>
  <member type="way" ref="20133889" role=""/>
  <member type="way" ref="295287281" role=""/>
  <member type="way" ref="20141770" role=""/>
  <member type="way" ref="164478861" role=""/>
  <member type="way" ref="20147150" role=""/>
  <member type="way" ref="85372485" role=""/>
  <member type="way" ref="217130312" role=""/>
  <member type="way" ref="194108912" role=""/>
  <member type="way" ref="85372496" role=""/>
  <member type="way" ref="295316254" role=""/>
  <member type="way" ref="295316251" role=""/>
  <member type="way" ref="328671977" role=""/>
  <member type="way" ref="295316253" role=""/>
  <member type="way" ref="295316252" role=""/>
  <member type="way" ref="295316250" role=""/>
  <member type="way" ref="85372500" role=""/>
  <member type="way" ref="85372490" role=""/>
  <member type="way" ref="85372503" role=""/>
  <member type="way" ref="217130309" role=""/>
  <member type="way" ref="217130307" role=""/>
  <member type="way" ref="20139041" role=""/>
  <member type="way" ref="217130314" role=""/>
  <member type="way" ref="20111010" role=""/>
  <member type="way" ref="295316249" role=""/>
  <member type="way" ref="217130308" role=""/>
  <member type="way" ref="20108923" role=""/>
  <member type="way" ref="323916107" role=""/>
  <member type="way" ref="20111008" role=""/>
  <tag k="description" v="Former NY Route 20SY"/>
  <tag k="note" v="This relation applies to a historical route. It does not exist nor is signed."/>
  <tag k="route" v="road"/>
  <tag k="type" v="route"/>
  <tag k="was:network" v="US:NY"/>
  <tag k="was:ref" v="20SY"/>
  <tag k="wikidata" v="Q2487133"/>
  <tag k="wikipedia" v="en:New York State Route 20SY"/>
 </relation>
 <relation id="13133682" visible="true" version="1" changeset="110345526" timestamp="2021-08-27T14:25:03Z" user="bncrain" uid="7208213">
  <member type="way" ref="108263019" role="outer"/>
  <member type="way" ref="184849506" role="inner"/>
  <member type="way" ref="184849505" role="inner"/>
  <member type="way" ref="156514659" role="inner"/>
  <member type="way" ref="184849507" role="inner"/>
  <member type="way" ref="184849500" role="inner"/>
  <member type="way" ref="184849498" role="inner"/>
  <member type="way" ref="290614353" role="inner"/>
  <member type="way" ref="290614354" role="inner"/>
  <tag k="highway" v="pedestrian"/>
  <tag k="leisure" v="park"/>
  <tag k="name" v="Clinton Square"/>
  <tag k="place" v="square"/>
  <tag k="type" v="multipolygon"/>
  <tag k="wikidata" v="Q5134229"/>
  <tag k="wikipedia" v="en:Clinton Square"/>
 </relation>
 <relation id="17818359" visible="true" version="14" changeset="186183368" timestamp="2026-07-22T15:00:01Z" user="nopeinomicon" uid="21426053">
  <member type="way" ref="1300152181" role=""/>
  <member type="way" ref="1175231378" role=""/>
  <member type="way" ref="1175231380" role=""/>
  <member type="way" ref="848557058" role=""/>
  <member type="way" ref="1175231377" role=""/>
  <member type="way" ref="1175231376" role=""/>
  <member type="way" ref="1175231374" role=""/>
  <member type="way" ref="157804464" role=""/>
  <member type="way" ref="157804462" role=""/>
  <member type="way" ref="20150664" role=""/>
  <member type="way" ref="20125680" role=""/>
  <member type="way" ref="157804463" role=""/>
  <member type="way" ref="1531767104" role=""/>
  <member type="way" ref="231959061" role=""/>
  <member type="way" ref="886816872" role=""/>
  <member type="way" ref="1506480400" role=""/>
  <member type="way" ref="886816873" role=""/>
  <member type="way" ref="1506480399" role=""/>
  <member type="way" ref="1436334571" role=""/>
  <member type="way" ref="1506480396" role=""/>
  <member type="way" ref="1506480395" role=""/>
  <member type="way" ref="1506480394" role=""/>
  <member type="way" ref="1506480393" role=""/>
  <member type="way" ref="1506480392" role=""/>
  <member type="way" ref="1506480391" role=""/>
  <member type="way" ref="1506464437" role=""/>
  <member type="way" ref="1506464436" role=""/>
  <member type="way" ref="1436334572" role=""/>
  <member type="way" ref="1436334594" role=""/>
  <member type="way" ref="1436334593" role=""/>
  <member type="way" ref="886816875" role=""/>
  <member type="way" ref="1505434954" role=""/>
  <member type="way" ref="1505434953" role=""/>
  <member type="way" ref="1504283466" role=""/>
  <member type="way" ref="1504283467" role=""/>
  <member type="way" ref="1504294089" role=""/>
  <member type="way" ref="1504294090" role=""/>
  <member type="way" ref="886725873" role=""/>
  <member type="way" ref="1504286679" role=""/>
  <member type="way" ref="1504286676" role=""/>
  <member type="way" ref="1504286677" role=""/>
  <member type="way" ref="1504286678" role=""/>
  <member type="way" ref="1504286675" role=""/>
  <member type="way" ref="1504286674" role=""/>
  <member type="way" ref="1543011003" role=""/>
  <member type="way" ref="1543011006" role=""/>
  <member type="way" ref="1543011007" role=""/>
  <member type="way" ref="1543011002" role=""/>
  <member type="way" ref="1543011005" role=""/>
  <member type="way" ref="1543011004" role=""/>
  <member type="way" ref="1254340541" role=""/>
  <member type="way" ref="1057272699" role=""/>
  <member type="way" ref="849071717" role=""/>
  <member type="way" ref="1436347044" role=""/>
  <member type="way" ref="1254340540" role=""/>
  <tag k="from" v="Syracuse"/>
  <tag k="name" v="Erie Canalway Trail (Syracuse to Dewitt)"/>
  <tag k="network" v="lwn"/>
  <tag k="operator" v="Empire State Trails"/>
  <tag k="ref" v="ECT"/>
  <tag k="route" v="hiking"/>
  <tag k="to" v="Dewitt"/>
  <tag k="type" v="route"/>
 </relation>
 <relation id="17818360" visible="true" version="12" changeset="154574246" timestamp="2024-07-29T17:56:06Z" user="bhietsch" uid="5390272">
  <member type="relation" ref="17818359" role=""/>
  <member type="relation" ref="17818387" role=""/>
  <member type="relation" ref="17818388" role=""/>
  <member type="relation" ref="17821267" role=""/>
  <member type="relation" ref="17821311" role=""/>
  <tag k="from" v="Syracuse"/>
  <tag k="name" v="Erie Canalway Trail (Syracuse to Utica)"/>
  <tag k="network" v="rwn"/>
  <tag k="operator" v="Empire State Trails"/>
  <tag k="ref" v="ECT"/>
  <tag k="route" v="hiking"/>
  <tag k="to" v="Utica"/>
  <tag k="type" v="route"/>
  <tag k="via" v="Dewitt;Chittenango;Erie Canal Lock 21;Rome"/>
 </relation>
 <relation id="18827550" visible="true" version="1" changeset="163641205" timestamp="2025-03-15T09:03:10Z" user="grawat_Lyft" uid="18783549">
  <member type="way" ref="20138806" role="from"/>
  <member type="node" ref="212796093" role="via"/>
  <member type="way" ref="20125746" role="to"/>
  <tag k="restriction:conditional" v="no_left_turn @ (Mo-Su 07:00-09:00,16:00-18:00)"/>
  <tag k="type" v="restriction"/>
 </relation>
 <relation id="18875043" visible="true" version="1" changeset="163930406" timestamp="2025-03-22T02:30:03Z" user="sbedwal_Lyft" uid="18783691">
  <member type="way" ref="44873074" role="from"/>
  <member type="node" ref="212787778" role="via"/>
  <member type="way" ref="20136517" role="to"/>
  <tag k="restriction" v="no_left_turn"/>
  <tag k="type" v="restriction"/>
 </relation>
</osm>
