<?xml version="1.0" encoding="UTF-8"?>
<osm version="0.6" generator="openstreetmap-cgimap 2.1.0 (2942792 spike-08.openstreetmap.org)" copyright="OpenStreetMap and contributors" attribution="http://www.openstreetmap.org/copyright" license="http://opendatacommons.org/licenses/odbl/1-0/">
 <bounds minlat="43.0670000" minlon="-76.1140000" maxlat="43.0700000" maxlon="-76.1110000"/>
 <node id="212715954" visible="true" version="4" changeset="181522425" timestamp="2026-04-19T04:31:09Z" user="nopeinomicon" uid="21426053" lat="43.0630793" lon="-76.1109260"/>
 <node id="212715958" visible="true" version="4" changeset="181522425" timestamp="2026-04-19T04:31:09Z" user="nopeinomicon" uid="21426053" lat="43.0630851" lon="-76.1108120"/>
 <node id="212726085" visible="true" version="3" changeset="181522425" timestamp="2026-04-19T04:31:09Z" user="nopeinomicon" uid="21426053" lat="43.0676239" lon="-76.1113351"/>
 <node id="212726086" visible="true" version="3" changeset="181522425" timestamp="2026-04-19T04:31:09Z" user="nopeinomicon" uid="21426053" lat="43.0676298" lon="-76.1112106"/>
 <node id="212735823" visible="true" version="2" changeset="2826434" timestamp="2009-10-12T15:20:41Z" user="woodpeck_fixbot" uid="147510" lat="43.0745570" lon="-76.1117150"/>
 <node id="212741422" visible="true" version="3" changeset="181522425" timestamp="2026-04-19T04:31:09Z" user="nopeinomicon" uid="21426053" lat="43.0653461" lon="-76.1111301"/>
 <node id="212741423" visible="true" version="3" changeset="181522425" timestamp="2026-04-19T04:31:09Z" user="nopeinomicon" uid="21426053" lat="43.0653524" lon="-76.1110109"/>
 <node id="212752222" visible="true" version="2" changeset="2149632" timestamp="2009-08-15T06:13:38Z" user="woodpeck_fixbot" uid="147510" lat="43.0756270" lon="-76.1118020"/>
 <node id="212764872" visible="true" version="3" changeset="181522425" timestamp="2026-04-19T04:31:09Z" user="nopeinomicon" uid="21426053" lat="43.0669430" lon="-76.1112738"/>
 <node id="212764875" visible="true" version="3" changeset="181522425" timestamp="2026-04-19T04:31:09Z" user="nopeinomicon" uid="21426053" lat="43.0669479" lon="-76.1111508"/>
 <node id="212766429" visible="true" version="3" changeset="181522425" timestamp="2026-04-19T04:31:09Z" user="nopeinomicon" uid="21426053" lat="43.0646675" lon="-76.1109508"/>
 <node id="212766432" visible="true" version="3" changeset="181522425" timestamp="2026-04-19T04:31:09Z" user="nopeinomicon" uid="21426053" lat="43.0646603" lon="-76.1110683"/>
 <node id="212776169" visible="true" version="2" changeset="2826434" timestamp="2009-10-12T15:26:51Z" user="woodpeck_fixbot" uid="147510" lat="43.0660550" lon="-76.1125100"/>
 <node id="212776171" visible="true" version="3" changeset="181522425" timestamp="2026-04-19T04:31:09Z" user="nopeinomicon" uid="21426053" lat="43.0661206" lon="-76.1111998"/>
 <node id="212776173" visible="true" version="3" changeset="181522425" timestamp="2026-04-19T04:31:09Z" user="nopeinomicon" uid="21426053" lat="43.0661264" lon="-76.1110787"/>
 <node id="212777711" visible="true" version="2" changeset="3242284" timestamp="2009-11-29T04:50:54Z" user="woodpeck_fixbot" uid="147510" lat="43.0729370" lon="-76.1137990"/>
 <node id="212777712" visible="true" version="2" changeset="2149632" timestamp="2009-08-15T06:15:31Z" user="woodpeck_fixbot" uid="147510" lat="43.0729710" lon="-76.1129740"/>
 <node id="212796234" visible="true" version="2" changeset="2149632" timestamp="2009-08-15T06:17:10Z" user="woodpeck_fixbot" uid="147510" lat="43.0699540" lon="-76.1114760"/>
 <node id="212796236" visible="true" version="2" changeset="2826434" timestamp="2009-10-12T15:29:56Z" user="woodpeck_fixbot" uid="147510" lat="43.0699750" lon="-76.1113460"/>
 <node id="212796239" visible="true" version="2" changeset="3242284" timestamp="2009-11-29T04:51:30Z" user="woodpeck_fixbot" uid="147510" lat="43.0699970" lon="-76.1113160"/>
 <node id="212796243" visible="true" version="2" changeset="2826434" timestamp="2009-10-12T15:29:56Z" user="woodpeck_fixbot" uid="147510" lat="43.0700240" lon="-76.1113010"/>
 <node id="212796248" visible="true" version="3" changeset="184858566" timestamp="2026-06-30T14:43:33Z" user="nopeinomicon" uid="21426053" lat="43.0705550" lon="-76.1113448"/>
 <node id="212796257" visible="true" version="3" changeset="184858566" timestamp="2026-06-30T14:43:33Z" user="nopeinomicon" uid="21426053" lat="43.0717360" lon="-76.1114489"/>
 <node id="212796264" visible="true" version="2" changeset="2149632" timestamp="2009-08-15T06:17:10Z" user="woodpeck_fixbot" uid="147510" lat="43.0733870" lon="-76.1116020"/>
 <node id="212796268" visible="true" version="2" changeset="3077568" timestamp="2009-11-09T20:55:31Z" user="woodpeck_fixbot" uid="147510" lat="43.0735290" lon="-76.1116160"/>
 <node id="212796270" visible="true" version="2" changeset="2826434" timestamp="2009-10-12T15:29:56Z" user="woodpeck_fixbot" uid="147510" lat="43.0738820" lon="-76.1116640"/>
 <node id="212796272" visible="true" version="2" changeset="3242284" timestamp="2009-11-29T04:51:30Z" user="woodpeck_fixbot" uid="147510" lat="43.0758070" lon="-76.1118320"/>
 <node id="212796274" visible="true" version="2" changeset="2149632" timestamp="2009-08-15T06:17:10Z" user="woodpeck_fixbot" uid="147510" lat="43.0758330" lon="-76.1118580"/>
 <node id="212796277" visible="true" version="3" changeset="187248301" timestamp="2026-08-10T18:34:12Z" user="nopeinomicon" uid="21426053" lat="43.0758530" lon="-76.1118990">
  <tag k="crossing" v="unmarked"/>
  <tag k="crossing:markings" v="no"/>
  <tag k="highway" v="crossing"/>
 </node>
 <node id="212807250" visible="true" version="2" changeset="2826434" timestamp="2009-10-12T15:31:24Z" user="woodpeck_fixbot" uid="147510" lat="43.0695110" lon="-76.1146190"/>
 <node id="212813176" visible="true" version="2" changeset="3242284" timestamp="2009-11-29T04:52:21Z" user="woodpeck_fixbot" uid="147510" lat="43.0698940" lon="-76.1126750"/>
 <node id="212813178" visible="true" version="2" changeset="2826434" timestamp="2009-10-12T15:32:29Z" user="woodpeck_fixbot" uid="147510" lat="43.0707730" lon="-76.1127610"/>
 <node id="212813180" visible="true" version="2" changeset="3077568" timestamp="2009-11-09T20:56:15Z" user="woodpeck_fixbot" uid="147510" lat="43.0716690" lon="-76.1128310"/>
 <node id="212813184" visible="true" version="2" changeset="2149632" timestamp="2009-08-15T06:18:18Z" user="woodpeck_fixbot" uid="147510" lat="43.0725900" lon="-76.1129410"/>
 <node id="212813187" visible="true" version="2" changeset="2826434" timestamp="2009-10-12T15:32:29Z" user="woodpeck_fixbot" uid="147510" lat="43.0732820" lon="-76.1130010"/>
 <node id="212813191" visible="true" version="2" changeset="3077568" timestamp="2009-11-09T20:56:15Z" user="woodpeck_fixbot" uid="147510" lat="43.0734430" lon="-76.1130350"/>
 <node id="212813194" visible="true" version="2" changeset="2149632" timestamp="2009-08-15T06:18:18Z" user="woodpeck_fixbot" uid="147510" lat="43.0736250" lon="-76.1130750"/>
 <node id="212813197" visible="true" version="2" changeset="2826434" timestamp="2009-10-12T15:32:29Z" user="woodpeck_fixbot" uid="147510" lat="43.0737680" lon="-76.1130940"/>
 <node id="212813199" visible="true" version="2" changeset="3242284" timestamp="2009-11-29T04:52:21Z" user="woodpeck_fixbot" uid="147510" lat="43.0738090" lon="-76.1131540"/>
 <node id="212813203" visible="true" version="3" changeset="184601248" timestamp="2026-06-25T18:43:27Z" user="nopeinomicon" uid="21426053" lat="43.0738162" lon="-76.1131782">
  <tag k="crossing" v="unmarked"/>
  <tag k="crossing:markings" v="no"/>
  <tag k="highway" v="crossing"/>
 </node>
 <node id="212877820" visible="true" version="4" changeset="150244230" timestamp="2024-04-20T00:11:49Z" user="andrewpmk" uid="1679" lat="43.0615230" lon="-76.1121060">
  <tag k="highway" v="stop"/>
  <tag k="stop" v="all"/>
 </node>
 <node id="212883362" visible="true" version="2" changeset="2149632" timestamp="2009-08-15T06:23:20Z" user="woodpeck_fixbot" uid="147510" lat="43.0685400" lon="-76.1127290"/>
 <node id="212883364" visible="true" version="2" changeset="2826434" timestamp="2009-10-12T15:44:37Z" user="woodpeck_fixbot" uid="147510" lat="43.0652690" lon="-76.1124340"/>
 <node id="212883367" visible="true" version="2" changeset="3077568" timestamp="2009-11-09T21:00:21Z" user="woodpeck_fixbot" uid="147510" lat="43.0642820" lon="-76.1123550"/>
 <node id="212883370" visible="true" version="3" changeset="20361937" timestamp="2014-02-03T21:55:12Z" user="DTHG" uid="463044" lat="43.0637960" lon="-76.1123030">
  <tag k="highway" v="stop"/>
  <tag k="stop" v="all"/>
 </node>
 <node id="212883374" visible="true" version="2" changeset="2149632" timestamp="2009-08-15T06:23:20Z" user="woodpeck_fixbot" uid="147510" lat="43.0633020" lon="-76.1122500"/>
 <node id="212883379" visible="true" version="2" changeset="3242284" timestamp="2009-11-29T04:55:10Z" user="woodpeck_fixbot" uid="147510" lat="43.0625000" lon="-76.1122020"/>
 <node id="212883383" visible="true" version="2" changeset="2826434" timestamp="2009-10-12T15:44:37Z" user="woodpeck_fixbot" uid="147510" lat="43.0588220" lon="-76.1118630"/>
 <node id="212883387" visible="true" version="2" changeset="3077568" timestamp="2009-11-09T21:00:22Z" user="woodpeck_fixbot" uid="147510" lat="43.0569310" lon="-76.1116970"/>
 <node id="212893190" visible="true" version="2" changeset="3242284" timestamp="2009-11-29T04:55:35Z" user="woodpeck_fixbot" uid="147510" lat="43.0717100" lon="-76.1121250"/>
 <node id="212896390" visible="true" version="6" changeset="182231341" timestamp="2026-05-05T04:42:01Z" user="nopeinomicon" uid="21426053" lat="43.0685080" lon="-76.1133940">
  <tag k="button_operated" v="yes"/>
  <tag k="crossing" v="traffic_signals"/>
  <tag k="highway" v="traffic_signals"/>
  <tag k="traffic_signals:direction" v="both"/>
 </node>
 <node id="212896392" visible="true" version="4" changeset="114304400" timestamp="2021-11-27T19:03:00Z" user="user_115918" uid="115918" lat="43.0698140" lon="-76.1135010">
  <tag k="direction" v="both"/>
  <tag k="highway" v="stop"/>
 </node>
 <node id="212896398" visible="true" version="2" changeset="3077568" timestamp="2009-11-09T21:01:21Z" user="woodpeck_fixbot" uid="147510" lat="43.0699210" lon="-76.1135120"/>
 <node id="212896400" visible="true" version="2" changeset="2149632" timestamp="2009-08-15T06:24:16Z" user="woodpeck_fixbot" uid="147510" lat="43.0737950" lon="-76.1138810"/>
 <node id="212915151" visible="true" version="3" changeset="181522425" timestamp="2026-04-19T04:31:09Z" user="nopeinomicon" uid="21426053" lat="43.0638469" lon="-76.1109951"/>
 <node id="212915153" visible="true" version="3" changeset="181522425" timestamp="2026-04-19T04:31:09Z" user="nopeinomicon" uid="21426053" lat="43.0638525" lon="-76.1108793"/>
 <node id="212947777" visible="true" version="5" changeset="182231341" timestamp="2026-05-05T04:42:01Z" user="nopeinomicon" uid="21426053" lat="43.0684740" lon="-76.1141040">
  <tag k="crossing" v="traffic_signals"/>
  <tag k="highway" v="traffic_signals"/>
  <tag k="traffic_signals:direction" v="both"/>
 </node>
 <node id="212947780" visible="true" version="4" changeset="182231341" timestamp="2026-05-05T04:42:01Z" user="nopeinomicon" uid="21426053" lat="43.0685750" lon="-76.1120100">
  <tag k="highway" v="traffic_signals"/>
  <tag k="traffic_signals:direction" v="both"/>
 </node>
 <node id="212947782" visible="true" version="3" changeset="181522425" timestamp="2026-04-19T04:31:09Z" user="nopeinomicon" uid="21426053" lat="43.0686033" lon="-76.1114233"/>
 <node id="212947785" visible="true" version="4" changeset="181522425" timestamp="2026-04-19T04:31:09Z" user="nopeinomicon" uid="21426053" lat="43.0686082" lon="-76.1112964"/>
 <node id="212990689" visible="true" version="2" changeset="2826434" timestamp="2009-10-12T16:05:23Z" user="woodpeck_fixbot" uid="147510" lat="43.0686830" lon="-76.1152790"/>
 <node id="212990690" visible="true" version="2" changeset="2149632" timestamp="2009-08-15T06:30:55Z" user="woodpeck_fixbot" uid="147510" lat="43.0696720" lon="-76.1144590"/>
 <node id="212990692" visible="true" version="2" changeset="3242284" timestamp="2009-11-29T04:59:22Z" user="woodpeck_fixbot" uid="147510" lat="43.0697320" lon="-76.1143580"/>
 <node id="212990693" visible="true" version="2" changeset="2826434" timestamp="2009-10-12T16:05:23Z" user="woodpeck_fixbot" uid="147510" lat="43.0697580" lon="-76.1142230"/>
 <node id="212990698" visible="true" version="2" changeset="3077568" timestamp="2009-11-09T21:08:30Z" user="woodpeck_fixbot" uid="147510" lat="43.0697920" lon="-76.1136280"/>
 <node id="212994829" visible="true" version="2" changeset="2149632" timestamp="2009-08-15T06:31:09Z" user="woodpeck_fixbot" uid="147510" lat="43.0734940" lon="-76.1123080"/>
 <node id="213022855" visible="true" version="2" changeset="3077568" timestamp="2009-11-09T21:10:25Z" user="woodpeck_fixbot" uid="147510" lat="43.0699160" lon="-76.1121370"/>
 <node id="213022870" visible="true" version="2" changeset="2826434" timestamp="2009-10-12T16:10:00Z" user="woodpeck_fixbot" uid="147510" lat="43.0699220" lon="-76.1119900"/>
 <node id="213115909" visible="true" version="2" changeset="2826434" timestamp="2009-10-12T16:21:24Z" user="woodpeck_fixbot" uid="147510" lat="43.0698830" lon="-76.1129890"/>
 <node id="1710764692" visible="true" version="1" changeset="11259594" timestamp="2012-04-10T23:50:18Z" user="user_599436" uid="599436" lat="43.0714782" lon="-76.1136602"/>
 <node id="1718824559" visible="true" version="8" changeset="188276629" timestamp="2026-08-30T23:23:57Z" user="guilfordclose" uid="23020052" lat="43.0686965" lon="-76.1125183">
  <tag k="addr:city" v="Syracuse"/>
  <tag k="addr:country" v="US"/>
  <tag k="addr:housenumber" v="2443"/>
  <tag k="addr:postcode" v="13206"/>
  <tag k="addr:state" v="NY"/>
  <tag k="addr:street" v="James Street"/>
  <tag k="name" v="Books End"/>
  <tag k="opening_hours" v="Mo-Sa 10:00-18:00; Su off"/>
  <tag k="phone" v="+1-315-437-2312"/>
  <tag k="second_hand" v="only"/>
  <tag k="shop" v="books"/>
  <tag k="website" v="https://www.thebooksend.com/"/>
 </node>
 <node id="1718824570" visible="true" version="6" changeset="108376065" timestamp="2021-07-21T16:20:35Z" user="pabi12" uid="12694440" lat="43.0684095" lon="-76.1128612"/>
 <node id="1718824579" visible="true" version="2" changeset="28295789" timestamp="2015-01-20T22:32:38Z" user="user_599436" uid="599436" lat="43.0679142" lon="-76.1130955"/>
 <node id="1718824580" visible="true" version="2" changeset="28295789" timestamp="2015-01-20T22:32:38Z" user="user_599436" uid="599436" lat="43.0679284" lon="-76.1128156"/>
 <node id="1718824581" visible="true" version="2" changeset="28295789" timestamp="2015-01-20T22:32:38Z" user="user_599436" uid="599436" lat="43.0683953" lon="-76.1131411"/>
 <node id="1718824591" visible="true" version="2" changeset="19212869" timestamp="2013-12-01T15:45:31Z" user="user_599436" uid="599436" lat="43.0686034" lon="-76.1140645"/>
 <node id="1722481734" visible="true" version="1" changeset="11350126" timestamp="2012-04-19T02:29:00Z" user="user_599436" uid="599436" lat="43.0682033" lon="-76.1123296"/>
 <node id="1722481738" visible="true" version="1" changeset="11350126" timestamp="2012-04-19T02:29:00Z" user="user_599436" uid="599436" lat="43.0682076" lon="-76.1122242"/>
 <node id="1722481742" visible="true" version="1" changeset="11350126" timestamp="2012-04-19T02:29:01Z" user="user_599436" uid="599436" lat="43.0682513" lon="-76.1125565"/>
 <node id="1722481745" visible="true" version="1" changeset="11350126" timestamp="2012-04-19T02:29:01Z" user="user_599436" uid="599436" lat="43.0682604" lon="-76.1123340"/>
 <node id="1722481748" visible="true" version="1" changeset="11350126" timestamp="2012-04-19T02:29:01Z" user="user_599436" uid="599436" lat="43.0682647" lon="-76.1122286"/>
 <node id="1722481751" visible="true" version="1" changeset="11350126" timestamp="2012-04-19T02:29:01Z" user="user_599436" uid="599436" lat="43.0682699" lon="-76.1121015"/>
 <node id="1722481754" visible="true" version="1" changeset="11350126" timestamp="2012-04-19T02:29:01Z" user="user_599436" uid="599436" lat="43.0683333" lon="-76.1125628"/>
 <node id="1722481769" visible="true" version="1" changeset="11350126" timestamp="2012-04-19T02:29:01Z" user="user_599436" uid="599436" lat="43.0683518" lon="-76.1121078"/>
 <node id="1722481850" visible="true" version="1" changeset="11350126" timestamp="2012-04-19T02:29:02Z" user="user_599436" uid="599436" lat="43.0690434" lon="-76.1134379"/>
 <node id="1722481853" visible="true" version="2" changeset="53986718" timestamp="2017-11-21T21:34:19Z" user="DTHG" uid="463044" lat="43.0690473" lon="-76.1133624">
  <tag k="direction" v="backward"/>
  <tag k="highway" v="stop"/>
 </node>
 <node id="1722481856" visible="true" version="1" changeset="11350126" timestamp="2012-04-19T02:29:02Z" user="user_599436" uid="599436" lat="43.0690474" lon="-76.1126749"/>
 <node id="1722481862" visible="true" version="1" changeset="11350126" timestamp="2012-04-19T02:29:03Z" user="user_599436" uid="599436" lat="43.0690629" lon="-76.1121563"/>
 <node id="1722481865" visible="true" version="1" changeset="11350126" timestamp="2012-04-19T02:29:03Z" user="user_599436" uid="599436" lat="43.0690659" lon="-76.1120565"/>
 <node id="1722481880" visible="true" version="1" changeset="11350126" timestamp="2012-04-19T02:29:03Z" user="user_599436" uid="599436" lat="43.0690766" lon="-76.1128038"/>
 <node id="1722481886" visible="true" version="1" changeset="11350126" timestamp="2012-04-19T02:29:03Z" user="user_599436" uid="599436" lat="43.0691392" lon="-76.1126293"/>
 <node id="1722481889" visible="true" version="1" changeset="11350126" timestamp="2012-04-19T02:29:03Z" user="user_599436" uid="599436" lat="43.0691510" lon="-76.1121610"/>
 <node id="1722481902" visible="true" version="1" changeset="11350126" timestamp="2012-04-19T02:29:03Z" user="user_599436" uid="599436" lat="43.0693214" lon="-76.1133915"/>
 <node id="1722481905" visible="true" version="1" changeset="11350126" timestamp="2012-04-19T02:29:03Z" user="user_599436" uid="599436" lat="43.0693360" lon="-76.1130055"/>
 <node id="1722481908" visible="true" version="1" changeset="11350126" timestamp="2012-04-19T02:29:03Z" user="user_599436" uid="599436" lat="43.0693413" lon="-76.1126513"/>
 <node id="1722481968" visible="true" version="1" changeset="11350126" timestamp="2012-04-19T02:29:04Z" user="user_599436" uid="599436" lat="43.0695868" lon="-76.1130282"/>
 <node id="1722481972" visible="true" version="1" changeset="11350126" timestamp="2012-04-19T02:29:04Z" user="user_599436" uid="599436" lat="43.0695894" lon="-76.1129355"/>
 <node id="1722482005" visible="true" version="1" changeset="11350126" timestamp="2012-04-19T02:29:05Z" user="user_599436" uid="599436" lat="43.0698031" lon="-76.1129546"/>
 <node id="1722482009" visible="true" version="1" changeset="11350126" timestamp="2012-04-19T02:29:05Z" user="user_599436" uid="599436" lat="43.0698177" lon="-76.1126867"/>
 <node id="2240185472" visible="true" version="2" changeset="181522425" timestamp="2026-04-19T04:31:09Z" user="nopeinomicon" uid="21426053" lat="43.0623882" lon="-76.1108637"/>
 <node id="2240185474" visible="true" version="2" changeset="181522425" timestamp="2026-04-19T04:31:09Z" user="nopeinomicon" uid="21426053" lat="43.0623906" lon="-76.1107511"/>
 <node id="2332407456" visible="true" version="2" changeset="16685300" timestamp="2013-06-24T14:38:12Z" user="user_599436" uid="599436" lat="43.0687334" lon="-76.1111716"/>
 <node id="2332407459" visible="true" version="2" changeset="16685300" timestamp="2013-06-24T14:38:12Z" user="user_599436" uid="599436" lat="43.0687407" lon="-76.1110058"/>
 <node id="2332407514" visible="true" version="2" changeset="16685300" timestamp="2013-06-24T14:38:12Z" user="user_599436" uid="599436" lat="43.0690068" lon="-76.1111940"/>
 <node id="2332407520" visible="true" version="2" changeset="16685300" timestamp="2013-06-24T14:38:12Z" user="user_599436" uid="599436" lat="43.0690140" lon="-76.1110282"/>
 <node id="2337065021" visible="true" version="2" changeset="16685300" timestamp="2013-06-24T14:38:12Z" user="user_599436" uid="599436" lat="43.0681718" lon="-76.1118401"/>
 <node id="2337065022" visible="true" version="2" changeset="16685300" timestamp="2013-06-24T14:38:12Z" user="user_599436" uid="599436" lat="43.0681824" lon="-76.1115961"/>
 <node id="2337065023" visible="true" version="2" changeset="16685300" timestamp="2013-06-24T14:38:12Z" user="user_599436" uid="599436" lat="43.0682927" lon="-76.1118500"/>
 <node id="2337065024" visible="true" version="2" changeset="16685300" timestamp="2013-06-24T14:38:12Z" user="user_599436" uid="599436" lat="43.0682997" lon="-76.1116896"/>
 <node id="2337065025" visible="true" version="2" changeset="16685300" timestamp="2013-06-24T14:38:12Z" user="user_599436" uid="599436" lat="43.0683029" lon="-76.1116164"/>
 <node id="2337065026" visible="true" version="2" changeset="16685300" timestamp="2013-06-24T14:38:12Z" user="user_599436" uid="599436" lat="43.0683034" lon="-76.1116060"/>
 <node id="2337065027" visible="true" version="2" changeset="16685300" timestamp="2013-06-24T14:38:12Z" user="user_599436" uid="599436" lat="43.0683166" lon="-76.1116910"/>
 <node id="2337065028" visible="true" version="2" changeset="16685300" timestamp="2013-06-24T14:38:12Z" user="user_599436" uid="599436" lat="43.0683198" lon="-76.1116178"/>
 <node id="2340056233" visible="true" version="1" changeset="16504393" timestamp="2013-06-11T02:48:44Z" user="DTHG" uid="463044" lat="43.0686325" lon="-76.1133393"/>
 <node id="2340056234" visible="true" version="1" changeset="16504393" timestamp="2013-06-11T02:48:44Z" user="DTHG" uid="463044" lat="43.0686909" lon="-76.1121334"/>
 <node id="2340056235" visible="true" version="2" changeset="16685300" timestamp="2013-06-24T14:38:12Z" user="user_599436" uid="599436" lat="43.0687315" lon="-76.1114799"/>
 <node id="2340056236" visible="true" version="2" changeset="16685300" timestamp="2013-06-24T14:38:12Z" user="user_599436" uid="599436" lat="43.0687397" lon="-76.1113106"/>
 <node id="2340056237" visible="true" version="1" changeset="16504393" timestamp="2013-06-11T02:48:44Z" user="DTHG" uid="463044" lat="43.0689862" lon="-76.1133714"/>
 <node id="2340056238" visible="true" version="1" changeset="16504393" timestamp="2013-06-11T02:48:44Z" user="DTHG" uid="463044" lat="43.0689939" lon="-76.1127371"/>
 <node id="2340056239" visible="true" version="1" changeset="16504393" timestamp="2013-06-11T02:48:44Z" user="DTHG" uid="463044" lat="43.0690168" lon="-76.1127391"/>
 <node id="2340056240" visible="true" version="1" changeset="16504393" timestamp="2013-06-11T02:48:44Z" user="DTHG" uid="463044" lat="43.0690217" lon="-76.1121634"/>
 <node id="2340056241" visible="true" version="2" changeset="16685300" timestamp="2013-06-24T14:38:12Z" user="user_599436" uid="599436" lat="43.0690844" lon="-76.1115119"/>
 <node id="2340056243" visible="true" version="2" changeset="16685300" timestamp="2013-06-24T14:38:12Z" user="user_599436" uid="599436" lat="43.0690926" lon="-76.1113426"/>
 <node id="2340056244" visible="true" version="2" changeset="16685300" timestamp="2013-06-24T14:38:12Z" user="user_599436" uid="599436" lat="43.0690937" lon="-76.1113192"/>
 <node id="2340056245" visible="true" version="2" changeset="16685300" timestamp="2013-06-24T14:38:12Z" user="user_599436" uid="599436" lat="43.0691508" lon="-76.1115179"/>
 <node id="2340056246" visible="true" version="2" changeset="16685300" timestamp="2013-06-24T14:38:12Z" user="user_599436" uid="599436" lat="43.0691601" lon="-76.1113253"/>
 <node id="2341433591" visible="true" version="1" changeset="16518193" timestamp="2013-06-12T01:51:49Z" user="user_599436" uid="599436" lat="43.0617114" lon="-76.1108028"/>
 <node id="2341433593" visible="true" version="2" changeset="181522425" timestamp="2026-04-19T04:31:09Z" user="nopeinomicon" uid="21426053" lat="43.0617198" lon="-76.1106923"/>
 <node id="2346549829" visible="true" version="2" changeset="119275003" timestamp="2022-04-03T18:37:13Z" user="aweech" uid="8482773" lat="43.0570296" lon="-76.1117057">
  <tag k="direction" v="forward"/>
  <tag k="highway" v="stop"/>
 </node>
 <node id="2358815414" visible="true" version="8" changeset="184212132" timestamp="2026-06-17T07:15:51Z" user="hwierzbicki" uid="10198270" lat="43.0687332" lon="-76.1117674">
  <tag k="addr:city" v="Syracuse"/>
  <tag k="addr:country" v="US"/>
  <tag k="addr:housenumber" v="2509"/>
  <tag k="addr:postcode" v="13206"/>
  <tag k="addr:state" v="NY"/>
  <tag k="addr:street" v="James Street"/>
  <tag k="amenity" v="post_office"/>
  <tag k="branch" v="Eastwood"/>
  <tag k="brand" v="United States Post Office"/>
  <tag k="brand:wikidata" v="Q668687"/>
  <tag k="check_date" v="2026-06-17"/>
  <tag k="name" v="Eastwood Post Office"/>
  <tag k="opening_hours" v="Mo-Fr 08:30-17:00; Sa 10:00-14:00"/>
  <tag k="operator" v="United States Postal Service"/>
  <tag k="operator:short" v="USPS"/>
  <tag k="operator:type" v="public"/>
  <tag k="operator:website" v="https://www.usps.com"/>
  <tag k="operator:wikidata" v="Q668687"/>
  <tag k="operator:wikipedia" v="en:United States Postal Service"/>
  <tag k="phone" v="+1-315-463-8822"/>
  <tag k="short_name" v="USPS"/>
  <tag k="website" v="https://tools.usps.com/locations/details/1361968"/>
 </node>
 <node id="2358815424" visible="true" version="3" changeset="174412137" timestamp="2025-11-09T11:19:32Z" user="confusedbuffalo" uid="242345" lat="43.0686736" lon="-76.1131951">
  <tag k="addr:city" v="Syracuse"/>
  <tag k="addr:country" v="US"/>
  <tag k="addr:housenumber" v="2425"/>
  <tag k="addr:postcode" v="13206"/>
  <tag k="addr:state" v="NY"/>
  <tag k="addr:street" v="James Street"/>
  <tag k="contact:website" v="http://www.pomcogroup.com"/>
  <tag k="name" v="POMCO"/>
  <tag k="office" v="company"/>
  <tag k="phone" v="+1-315-432-9171"/>
 </node>
 <node id="2358815431" visible="true" version="4" changeset="189016307" timestamp="2026-09-14T15:01:17Z" user="nopeinomicon" uid="21426053" lat="43.0686460" lon="-76.1135998">
  <tag k="addr:city" v="Syracuse"/>
  <tag k="addr:country" v="US"/>
  <tag k="addr:housenumber" v="2363"/>
  <tag k="addr:postcode" v="13206"/>
  <tag k="addr:state" v="NY"/>
  <tag k="addr:street" v="James Street"/>
  <tag k="disused:shop" v="copyshop"/>
  <tag k="email" v="NY135@postnet.com"/>
  <tag k="fax" v="+1-315-299-5135"/>
  <tag k="name" v="PostNet"/>
  <tag k="opening_hours" v="Mo-Fr 08:30-18:00"/>
  <tag k="phone" v="+1-315-218-6223"/>
  <tag k="website" v="http://www.postnet.com/syracuse-ny135"/>
 </node>
 <node id="2358815440" visible="true" version="1" changeset="16685300" timestamp="2013-06-24T14:38:02Z" user="user_599436" uid="599436" lat="43.0677096" lon="-76.1132608"/>
 <node id="2358815443" visible="true" version="1" changeset="16685300" timestamp="2013-06-24T14:38:02Z" user="user_599436" uid="599436" lat="43.0677141" lon="-76.1126562"/>
 <node id="2358815445" visible="true" version="1" changeset="16685300" timestamp="2013-06-24T14:38:02Z" user="user_599436" uid="599436" lat="43.0678533" lon="-76.1132715"/>
 <node id="2358815447" visible="true" version="1" changeset="16685300" timestamp="2013-06-24T14:38:02Z" user="user_599436" uid="599436" lat="43.0678827" lon="-76.1126711"/>
 <node id="2358815449" visible="true" version="2" changeset="161441840" timestamp="2025-01-17T05:27:11Z" user="rsitoni_Lyft" uid="18783541" lat="43.0680446" lon="-76.1140642"/>
 <node id="2358815451" visible="true" version="1" changeset="16685300" timestamp="2013-06-24T14:38:02Z" user="user_599436" uid="599436" lat="43.0680680" lon="-76.1131162"/>
 <node id="2358815454" visible="true" version="1" changeset="16685300" timestamp="2013-06-24T14:38:02Z" user="user_599436" uid="599436" lat="43.0681570" lon="-76.1137834"/>
 <node id="2358815456" visible="true" version="2" changeset="28295789" timestamp="2015-01-20T22:32:39Z" user="user_599436" uid="599436" lat="43.0681584" lon="-76.1134015"/>
 <node id="2358815458" visible="true" version="1" changeset="16685300" timestamp="2013-06-24T14:38:02Z" user="user_599436" uid="599436" lat="43.0681629" lon="-76.1136546"/>
 <node id="2358815460" visible="true" version="1" changeset="16685300" timestamp="2013-06-24T14:38:02Z" user="user_599436" uid="599436" lat="43.0681671" lon="-76.1138615"/>
 <node id="2358815462" visible="true" version="1" changeset="16685300" timestamp="2013-06-24T14:38:02Z" user="user_599436" uid="599436" lat="43.0681706" lon="-76.1137846"/>
 <node id="2358815464" visible="true" version="2" changeset="28295789" timestamp="2015-01-20T22:32:39Z" user="user_599436" uid="599436" lat="43.0681727" lon="-76.1131200"/>
 <node id="2358815466" visible="true" version="1" changeset="16685300" timestamp="2013-06-24T14:38:02Z" user="user_599436" uid="599436" lat="43.0681998" lon="-76.1136577"/>
 <node id="2358815468" visible="true" version="1" changeset="16685300" timestamp="2013-06-24T14:38:02Z" user="user_599436" uid="599436" lat="43.0682074" lon="-76.1134907"/>
 <node id="2358815470" visible="true" version="1" changeset="16685300" timestamp="2013-06-24T14:38:02Z" user="user_599436" uid="599436" lat="43.0682165" lon="-76.1138853"/>
 <node id="2358815472" visible="true" version="1" changeset="16685300" timestamp="2013-06-24T14:38:02Z" user="user_599436" uid="599436" lat="43.0682173" lon="-76.1138658"/>
 <node id="2358815474" visible="true" version="1" changeset="16685300" timestamp="2013-06-24T14:38:02Z" user="user_599436" uid="599436" lat="43.0682356" lon="-76.1134931"/>
 <node id="2358815476" visible="true" version="1" changeset="16685300" timestamp="2013-06-24T14:38:02Z" user="user_599436" uid="599436" lat="43.0682384" lon="-76.1134318"/>
 <node id="2358815479" visible="true" version="1" changeset="16685300" timestamp="2013-06-24T14:38:02Z" user="user_599436" uid="599436" lat="43.0682600" lon="-76.1136628"/>
 <node id="2358815481" visible="true" version="1" changeset="16685300" timestamp="2013-06-24T14:38:02Z" user="user_599436" uid="599436" lat="43.0682614" lon="-76.1136319"/>
 <node id="2358815483" visible="true" version="1" changeset="16685300" timestamp="2013-06-24T14:38:02Z" user="user_599436" uid="599436" lat="43.0682829" lon="-76.1136337"/>
 <node id="2358815485" visible="true" version="1" changeset="16685300" timestamp="2013-06-24T14:38:02Z" user="user_599436" uid="599436" lat="43.0682918" lon="-76.1134364"/>
 <node id="2358815487" visible="true" version="1" changeset="16685300" timestamp="2013-06-24T14:38:02Z" user="user_599436" uid="599436" lat="43.0683152" lon="-76.1119601"/>
 <node id="2358815489" visible="true" version="1" changeset="16685300" timestamp="2013-06-24T14:38:02Z" user="user_599436" uid="599436" lat="43.0683374" lon="-76.1114799"/>
 <node id="2358815492" visible="true" version="1" changeset="16685300" timestamp="2013-06-24T14:38:02Z" user="user_599436" uid="599436" lat="43.0683612" lon="-76.1138976"/>
 <node id="2358815494" visible="true" version="1" changeset="16685300" timestamp="2013-06-24T14:38:02Z" user="user_599436" uid="599436" lat="43.0683714" lon="-76.1136723"/>
 <node id="2358815496" visible="true" version="2" changeset="28295789" timestamp="2015-01-20T22:32:39Z" user="user_599436" uid="599436" lat="43.0683811" lon="-76.1134226"/>
 <node id="2358815498" visible="true" version="1" changeset="16685300" timestamp="2013-06-24T14:38:02Z" user="user_599436" uid="599436" lat="43.0684103" lon="-76.1118943"/>
 <node id="2358815503" visible="true" version="2" changeset="181522425" timestamp="2026-04-19T04:31:09Z" user="nopeinomicon" uid="21426053" lat="43.0684321" lon="-76.1114079"/>
 <node id="2358815505" visible="true" version="4" changeset="153540492" timestamp="2024-07-04T10:53:51Z" user="spughetti" uid="16155068" lat="43.0684488" lon="-76.1134317">
  <tag k="amenity" v="post_box"/>
  <tag k="collection_times" v="Mo-Sa 10:00"/>
  <tag k="fixme" v="resurvey to check reference number"/>
  <tag k="operator" v="United States Postal Service"/>
  <tag k="operator:short" v="USPS"/>
  <tag k="operator:type" v="public"/>
  <tag k="operator:website" v="https://www.usps.com"/>
  <tag k="operator:wikidata" v="Q668687"/>
  <tag k="operator:wikipedia" v="en:United States Postal Service"/>
  <tag k="ref" v="1320600037"/>
  <tag k="short_name" v="USPS"/>
  <tag k="source" v="photograph"/>
 </node>
 <node id="2358815510" visible="true" version="2" changeset="171379950" timestamp="2025-09-02T20:41:12Z" user="RunningDroid" uid="362108" lat="43.0684705" lon="-76.1128557">
  <tag k="emergency" v="fire_hydrant"/>
  <tag k="fire_hydrant:position" v="sidewalk"/>
  <tag k="fire_hydrant:type" v="pillar"/>
 </node>
 <node id="2358815513" visible="true" version="1" changeset="16685300" timestamp="2013-06-24T14:38:03Z" user="user_599436" uid="599436" lat="43.0684705" lon="-76.1128731">
  <tag k="amenity" v="bench"/>
 </node>
 <node id="2358815516" visible="true" version="4" changeset="184860253" timestamp="2026-06-30T15:15:45Z" user="nopeinomicon" uid="21426053" lat="43.0684717" lon="-76.1128377">
  <tag k="bus" v="yes"/>
  <tag k="highway" v="bus_stop"/>
  <tag k="name" v="James Street &amp; Stafford Avenue"/>
  <tag k="network" v="Centro Syracuse"/>
  <tag k="network:wikidata" v="Q130302372"/>
  <tag k="operator" v="Central New York Regional Transportation Authority"/>
  <tag k="operator:short" v="Centro"/>
  <tag k="operator:wikidata" v="Q5061513"/>
  <tag k="public_transport" v="platform"/>
  <tag k="ref" v="507"/>
 </node>
 <node id="2358815518" visible="true" version="1" changeset="16685300" timestamp="2013-06-24T14:38:03Z" user="user_599436" uid="599436" lat="43.0684751" lon="-76.1128460">
  <tag k="amenity" v="waste_basket"/>
 </node>
 <node id="2358815521" visible="true" version="2" changeset="181440439" timestamp="2026-04-17T05:38:56Z" user="nopeinomicon" uid="21426053" lat="43.0684772" lon="-76.1140353">
  <tag k="crossing" v="traffic_signals"/>
  <tag k="crossing:markings" v="lines"/>
  <tag k="highway" v="crossing"/>
 </node>
 <node id="2358815523" visible="true" version="1" changeset="16685300" timestamp="2013-06-24T14:38:03Z" user="user_599436" uid="599436" lat="43.0685017" lon="-76.1119762"/>
 <node id="2358815525" visible="true" version="1" changeset="16685300" timestamp="2013-06-24T14:38:03Z" user="user_599436" uid="599436" lat="43.0685239" lon="-76.1114960"/>
 <node id="2358815527" visible="true" version="2" changeset="17725525" timestamp="2013-09-08T00:02:20Z" user="user_599436" uid="599436" lat="43.0685376" lon="-76.1149715"/>
 <node id="2358815529" visible="true" version="1" changeset="16685300" timestamp="2013-06-24T14:38:03Z" user="user_599436" uid="599436" lat="43.0685797" lon="-76.1119091"/>
 <node id="2358815531" visible="true" version="1" changeset="16685300" timestamp="2013-06-24T14:38:03Z" user="user_599436" uid="599436" lat="43.0685850" lon="-76.1147405"/>
 <node id="2358815533" visible="true" version="1" changeset="16685300" timestamp="2013-06-24T14:38:03Z" user="user_599436" uid="599436" lat="43.0685896" lon="-76.1146049"/>
 <node id="2358815535" visible="true" version="2" changeset="181438591" timestamp="2026-04-17T03:57:37Z" user="nopeinomicon" uid="21426053" lat="43.0686108" lon="-76.1112390"/>
 <node id="2358815537" visible="true" version="1" changeset="16685300" timestamp="2013-06-24T14:38:03Z" user="user_599436" uid="599436" lat="43.0686200" lon="-76.1148239"/>
 <node id="2358815539" visible="true" version="1" changeset="16685300" timestamp="2013-06-24T14:38:03Z" user="user_599436" uid="599436" lat="43.0686338" lon="-76.1147425"/>
 <node id="2358815541" visible="true" version="1" changeset="16685300" timestamp="2013-06-24T14:38:03Z" user="user_599436" uid="599436" lat="43.0686475" lon="-76.1146007"/>
 <node id="2358815543" visible="true" version="1" changeset="16685300" timestamp="2013-06-24T14:38:03Z" user="user_599436" uid="599436" lat="43.0686520" lon="-76.1145319"/>
 <node id="2358815545" visible="true" version="1" changeset="16685300" timestamp="2013-06-24T14:38:03Z" user="user_599436" uid="599436" lat="43.0686563" lon="-76.1148855"/>
 <node id="2358815549" visible="true" version="1" changeset="16685300" timestamp="2013-06-24T14:38:03Z" user="user_599436" uid="599436" lat="43.0687093" lon="-76.1119395"/>
 <node id="2358815551" visible="true" version="1" changeset="16685300" timestamp="2013-06-24T14:38:03Z" user="user_599436" uid="599436" lat="43.0687156" lon="-76.1148722"/>
 <node id="2358815553" visible="true" version="1" changeset="16685300" timestamp="2013-06-24T14:38:03Z" user="user_599436" uid="599436" lat="43.0687205" lon="-76.1150591"/>
 <node id="2358815555" visible="true" version="1" changeset="16685300" timestamp="2013-06-24T14:38:03Z" user="user_599436" uid="599436" lat="43.0687468" lon="-76.1108666"/>
 <node id="2358815566" visible="true" version="1" changeset="16685300" timestamp="2013-06-24T14:38:03Z" user="user_599436" uid="599436" lat="43.0687846" lon="-76.1148648"/>
 <node id="2358815575" visible="true" version="2" changeset="185056473" timestamp="2026-07-03T18:44:38Z" user="nopeinomicon" uid="21426053" lat="43.0689244" lon="-76.1119589"/>
 <node id="2358815577" visible="true" version="1" changeset="16685300" timestamp="2013-06-24T14:38:03Z" user="user_599436" uid="599436" lat="43.0689288" lon="-76.1110212"/>
 <node id="2358815579" visible="true" version="1" changeset="16685300" timestamp="2013-06-24T14:38:03Z" user="user_599436" uid="599436" lat="43.0689349" lon="-76.1108820"/>
 <node id="2358815581" visible="true" version="1" changeset="16685300" timestamp="2013-06-24T14:38:03Z" user="user_599436" uid="599436" lat="43.0689404" lon="-76.1115751"/>
 <node id="2358815584" visible="true" version="1" changeset="16685300" timestamp="2013-06-24T14:38:03Z" user="user_599436" uid="599436" lat="43.0689440" lon="-76.1114992"/>
 <node id="2358815586" visible="true" version="1" changeset="16685300" timestamp="2013-06-24T14:38:03Z" user="user_599436" uid="599436" lat="43.0689562" lon="-76.1120461"/>
 <node id="2358815590" visible="true" version="1" changeset="16685300" timestamp="2013-06-24T14:38:03Z" user="user_599436" uid="599436" lat="43.0689753" lon="-76.1116145"/>
 <node id="2358815598" visible="true" version="1" changeset="16685300" timestamp="2013-06-24T14:38:03Z" user="user_599436" uid="599436" lat="43.0690522" lon="-76.1126959"/>
 <node id="2358815600" visible="true" version="1" changeset="16685300" timestamp="2013-06-24T14:38:03Z" user="user_599436" uid="599436" lat="43.0690529" lon="-76.1144990"/>
 <node id="2358815602" visible="true" version="1" changeset="16685300" timestamp="2013-06-24T14:38:03Z" user="user_599436" uid="599436" lat="43.0690538" lon="-76.1132384"/>
 <node id="2358815604" visible="true" version="1" changeset="16685300" timestamp="2013-06-24T14:38:03Z" user="user_599436" uid="599436" lat="43.0690558" lon="-76.1145590"/>
 <node id="2358815607" visible="true" version="1" changeset="16685300" timestamp="2013-06-24T14:38:04Z" user="user_599436" uid="599436" lat="43.0690611" lon="-76.1146689"/>
 <node id="2358815609" visible="true" version="1" changeset="16685300" timestamp="2013-06-24T14:38:04Z" user="user_599436" uid="599436" lat="43.0690654" lon="-76.1130173"/>
 <node id="2358815611" visible="true" version="1" changeset="16685300" timestamp="2013-06-24T14:38:04Z" user="user_599436" uid="599436" lat="43.0690720" lon="-76.1128922"/>
 <node id="2358815613" visible="true" version="1" changeset="16685300" timestamp="2013-06-24T14:38:04Z" user="user_599436" uid="599436" lat="43.0690766" lon="-76.1140492"/>
 <node id="2358815615" visible="true" version="1" changeset="16685300" timestamp="2013-06-24T14:38:04Z" user="user_599436" uid="599436" lat="43.0691060" lon="-76.1146371"/>
 <node id="2358815617" visible="true" version="1" changeset="16685300" timestamp="2013-06-24T14:38:04Z" user="user_599436" uid="599436" lat="43.0691298" lon="-76.1115923"/>
 <node id="2358815620" visible="true" version="1" changeset="16685300" timestamp="2013-06-24T14:38:04Z" user="user_599436" uid="599436" lat="43.0691335" lon="-76.1115164"/>
 <node id="2358815622" visible="true" version="1" changeset="16685300" timestamp="2013-06-24T14:38:04Z" user="user_599436" uid="599436" lat="43.0692008" lon="-76.1148663"/>
 <node id="2358815624" visible="true" version="1" changeset="16685300" timestamp="2013-06-24T14:38:04Z" user="user_599436" uid="599436" lat="43.0692113" lon="-76.1145625"/>
 <node id="2358815626" visible="true" version="1" changeset="16685300" timestamp="2013-06-24T14:38:04Z" user="user_599436" uid="599436" lat="43.0692168" lon="-76.1119968"/>
 <node id="2358815628" visible="true" version="1" changeset="16685300" timestamp="2013-06-24T14:38:04Z" user="user_599436" uid="599436" lat="43.0692339" lon="-76.1144710"/>
 <node id="2358815631" visible="true" version="1" changeset="16685300" timestamp="2013-06-24T14:38:04Z" user="user_599436" uid="599436" lat="43.0692517" lon="-76.1140624"/>
 <node id="2358815633" visible="true" version="1" changeset="16685300" timestamp="2013-06-24T14:38:04Z" user="user_599436" uid="599436" lat="43.0692609" lon="-76.1111126"/>
 <node id="2358815635" visible="true" version="1" changeset="16685300" timestamp="2013-06-24T14:38:04Z" user="user_599436" uid="599436" lat="43.0692780" lon="-76.1134571"/>
 <node id="2358815637" visible="true" version="1" changeset="16685300" timestamp="2013-06-24T14:38:04Z" user="user_599436" uid="599436" lat="43.0692947" lon="-76.1132449"/>
 <node id="2358815639" visible="true" version="1" changeset="16685300" timestamp="2013-06-24T14:38:04Z" user="user_599436" uid="599436" lat="43.0692978" lon="-76.1130383"/>
 <node id="2358815641" visible="true" version="1" changeset="16685300" timestamp="2013-06-24T14:38:04Z" user="user_599436" uid="599436" lat="43.0693142" lon="-76.1145679"/>
 <node id="2358815642" visible="true" version="1" changeset="16685300" timestamp="2013-06-24T14:38:04Z" user="user_599436" uid="599436" lat="43.0693245" lon="-76.1120810"/>
 <node id="2358815643" visible="true" version="1" changeset="16685300" timestamp="2013-06-24T14:38:04Z" user="user_599436" uid="599436" lat="43.0693379" lon="-76.1140738"/>
 <node id="2358815644" visible="true" version="2" changeset="181438591" timestamp="2026-04-17T03:57:37Z" user="nopeinomicon" uid="21426053" lat="43.0693608" lon="-76.1113124"/>
 <node id="2358815645" visible="true" version="1" changeset="16685300" timestamp="2013-06-24T14:38:04Z" user="user_599436" uid="599436" lat="43.0694320" lon="-76.1120169"/>
 <node id="2358815646" visible="true" version="1" changeset="16685300" timestamp="2013-06-24T14:38:04Z" user="user_599436" uid="599436" lat="43.0694554" lon="-76.1115494"/>
 <node id="2358815648" visible="true" version="1" changeset="16685300" timestamp="2013-06-24T14:38:04Z" user="user_599436" uid="599436" lat="43.0694877" lon="-76.1129132"/>
 <node id="2358815650" visible="true" version="1" changeset="16685300" timestamp="2013-06-24T14:38:04Z" user="user_599436" uid="599436" lat="43.0695242" lon="-76.1127546"/>
 <node id="2358815652" visible="true" version="1" changeset="16685300" timestamp="2013-06-24T14:38:04Z" user="user_599436" uid="599436" lat="43.0695288" lon="-76.1128881"/>
 <node id="2358815654" visible="true" version="1" changeset="16685300" timestamp="2013-06-24T14:38:04Z" user="user_599436" uid="599436" lat="43.0695386" lon="-76.1127994"/>
 <node id="2358815656" visible="true" version="1" changeset="16685300" timestamp="2013-06-24T14:38:04Z" user="user_599436" uid="599436" lat="43.0695471" lon="-76.1128256"/>
 <node id="2358815658" visible="true" version="1" changeset="16685300" timestamp="2013-06-24T14:38:04Z" user="user_599436" uid="599436" lat="43.0696089" lon="-76.1115637"/>
 <node id="2358815660" visible="true" version="1" changeset="16685300" timestamp="2013-06-24T14:38:04Z" user="user_599436" uid="599436" lat="43.0696296" lon="-76.1111470"/>
 <node id="2358815663" visible="true" version="1" changeset="16685300" timestamp="2013-06-24T14:38:04Z" user="user_599436" uid="599436" lat="43.0697972" lon="-76.1128206"/>
 <node id="2559983239" visible="true" version="1" changeset="19212869" timestamp="2013-12-01T15:45:16Z" user="user_599436" uid="599436" lat="43.0686030" lon="-76.1137071"/>
 <node id="2559983240" visible="true" version="1" changeset="19212869" timestamp="2013-12-01T15:45:16Z" user="user_599436" uid="599436" lat="43.0686111" lon="-76.1135427"/>
 <node id="2559983241" visible="true" version="1" changeset="19212869" timestamp="2013-12-01T15:45:16Z" user="user_599436" uid="599436" lat="43.0686209" lon="-76.1137087"/>
 <node id="2559983242" visible="true" version="1" changeset="19212869" timestamp="2013-12-01T15:45:16Z" user="user_599436" uid="599436" lat="43.0686305" lon="-76.1135192"/>
 <node id="2559983243" visible="true" version="1" changeset="19212869" timestamp="2013-12-01T15:45:16Z" user="user_599436" uid="599436" lat="43.0687032" lon="-76.1137426"/>
 <node id="2559983244" visible="true" version="1" changeset="19212869" timestamp="2013-12-01T15:45:16Z" user="user_599436" uid="599436" lat="43.0687045" lon="-76.1137164"/>
 <node id="2559983245" visible="true" version="1" changeset="19212869" timestamp="2013-12-01T15:45:16Z" user="user_599436" uid="599436" lat="43.0687127" lon="-76.1140746"/>
 <node id="2559983246" visible="true" version="1" changeset="19212869" timestamp="2013-12-01T15:45:16Z" user="user_599436" uid="599436" lat="43.0687169" lon="-76.1139890"/>
 <node id="2559983247" visible="true" version="1" changeset="19212869" timestamp="2013-12-01T15:45:16Z" user="user_599436" uid="599436" lat="43.0687255" lon="-76.1137712"/>
 <node id="2559983248" visible="true" version="1" changeset="19212869" timestamp="2013-12-01T15:45:16Z" user="user_599436" uid="599436" lat="43.0687931" lon="-76.1137775"/>
 <node id="2559983249" visible="true" version="1" changeset="19212869" timestamp="2013-12-01T15:45:16Z" user="user_599436" uid="599436" lat="43.0688101" lon="-76.1137567"/>
 <node id="2559983250" visible="true" version="1" changeset="19212869" timestamp="2013-12-01T15:45:16Z" user="user_599436" uid="599436" lat="43.0688116" lon="-76.1137263"/>
 <node id="2559983251" visible="true" version="1" changeset="19212869" timestamp="2013-12-01T15:45:16Z" user="user_599436" uid="599436" lat="43.0688240" lon="-76.1139989"/>
 <node id="2559983252" visible="true" version="1" changeset="19212869" timestamp="2013-12-01T15:45:16Z" user="user_599436" uid="599436" lat="43.0688247" lon="-76.1139850"/>
 <node id="2559983253" visible="true" version="1" changeset="19212869" timestamp="2013-12-01T15:45:16Z" user="user_599436" uid="599436" lat="43.0689210" lon="-76.1139939"/>
 <node id="2559983254" visible="true" version="1" changeset="19212869" timestamp="2013-12-01T15:45:16Z" user="user_599436" uid="599436" lat="43.0689337" lon="-76.1137375"/>
 <node id="2559983255" visible="true" version="1" changeset="19212869" timestamp="2013-12-01T15:45:17Z" user="user_599436" uid="599436" lat="43.0689430" lon="-76.1135480"/>
 <node id="2559983256" visible="true" version="1" changeset="19212869" timestamp="2013-12-01T15:45:17Z" user="user_599436" uid="599436" lat="43.0689482" lon="-76.1139131"/>
 <node id="2559983257" visible="true" version="1" changeset="19212869" timestamp="2013-12-01T15:45:17Z" user="user_599436" uid="599436" lat="43.0689648" lon="-76.1135579"/>
 <node id="2559983258" visible="true" version="1" changeset="19212869" timestamp="2013-12-01T15:45:17Z" user="user_599436" uid="599436" lat="43.0689923" lon="-76.1140417"/>
 <node id="2559983259" visible="true" version="1" changeset="19212869" timestamp="2013-12-01T15:45:17Z" user="user_599436" uid="599436" lat="43.0689981" lon="-76.1139175"/>
 <node id="2559983260" visible="true" version="1" changeset="19212869" timestamp="2013-12-01T15:45:17Z" user="user_599436" uid="599436" lat="43.0690338" lon="-76.1139963"/>
 <node id="2559983261" visible="true" version="1" changeset="19212869" timestamp="2013-12-01T15:45:17Z" user="user_599436" uid="599436" lat="43.0690596" lon="-76.1134392"/>
 <node id="2559983262" visible="true" version="1" changeset="19212869" timestamp="2013-12-01T15:45:17Z" user="user_599436" uid="599436" lat="43.0692888" lon="-76.1140673"/>
 <node id="2559983263" visible="true" version="1" changeset="19212869" timestamp="2013-12-01T15:45:17Z" user="user_599436" uid="599436" lat="43.0693112" lon="-76.1135884"/>
 <node id="2559983264" visible="true" version="1" changeset="19212869" timestamp="2013-12-01T15:45:17Z" user="user_599436" uid="599436" lat="43.0693368" lon="-76.1140972"/>
 <node id="2652696205" visible="true" version="4" changeset="63359357" timestamp="2018-10-09T21:12:47Z" user="woodpeck" uid="5164" lat="43.0684405" lon="-76.1127202">
  <tag k="direction" v="backward"/>
  <tag k="highway" v="stop"/>
  <tag k="side" v="left"/>
  <tag k="traffic_sign:backward" v="US:R1-1"/>
 </node>
 <node id="3122540577" visible="true" version="2" changeset="150244529" timestamp="2024-04-20T00:37:37Z" user="andrewpmk" uid="1679" lat="43.0700576" lon="-76.1113000">
  <tag k="direction" v="backward"/>
  <tag k="highway" v="stop"/>
 </node>
 <node id="3295393783" visible="true" version="1" changeset="28220143" timestamp="2015-01-17T22:32:18Z" user="user_599436" uid="599436" lat="43.0681199" lon="-76.1111103"/>
 <node id="3295393784" visible="true" version="1" changeset="28220143" timestamp="2015-01-17T22:32:18Z" user="user_599436" uid="599436" lat="43.0681265" lon="-76.1109918"/>
 <node id="3295393785" visible="true" version="1" changeset="28220143" timestamp="2015-01-17T22:32:18Z" user="user_599436" uid="599436" lat="43.0683422" lon="-76.1111332"/>
 <node id="3295393786" visible="true" version="1" changeset="28220143" timestamp="2015-01-17T22:32:18Z" user="user_599436" uid="599436" lat="43.0683442" lon="-76.1110962">
  <tag k="entrance" v="main"/>
 </node>
 <node id="3295393787" visible="true" version="1" changeset="28220143" timestamp="2015-01-17T22:32:18Z" user="user_599436" uid="599436" lat="43.0683487" lon="-76.1110147"/>
 <node id="3295393788" visible="true" version="1" changeset="28220143" timestamp="2015-01-17T22:32:18Z" user="user_599436" uid="599436" lat="43.0683539" lon="-76.1112235"/>
 <node id="3295393789" visible="true" version="1" changeset="28220143" timestamp="2015-01-17T22:32:18Z" user="user_599436" uid="599436" lat="43.0683611" lon="-76.1110311"/>
 <node id="3295393790" visible="true" version="2" changeset="181522425" timestamp="2026-04-19T04:31:09Z" user="nopeinomicon" uid="21426053" lat="43.0684379" lon="-76.1112815"/>
 <node id="3295393791" visible="true" version="1" changeset="28220143" timestamp="2015-01-17T22:32:18Z" user="user_599436" uid="599436" lat="43.0684433" lon="-76.1110988"/>
 <node id="3295393792" visible="true" version="1" changeset="28220143" timestamp="2015-01-17T22:32:18Z" user="user_599436" uid="599436" lat="43.0685100" lon="-76.1112346"/>
 <node id="3295393793" visible="true" version="1" changeset="28220143" timestamp="2015-01-17T22:32:18Z" user="user_599436" uid="599436" lat="43.0685191" lon="-76.1112270"/>
 <node id="3295393794" visible="true" version="1" changeset="28220143" timestamp="2015-01-17T22:32:18Z" user="user_599436" uid="599436" lat="43.0685297" lon="-76.1112139"/>
 <node id="3295393795" visible="true" version="1" changeset="28220143" timestamp="2015-01-17T22:32:18Z" user="user_599436" uid="599436" lat="43.0685369" lon="-76.1112038"/>
 <node id="3295393796" visible="true" version="1" changeset="28220143" timestamp="2015-01-17T22:32:18Z" user="user_599436" uid="599436" lat="43.0685429" lon="-76.1110439"/>
 <node id="3295393797" visible="true" version="2" changeset="181438591" timestamp="2026-04-17T03:57:37Z" user="nopeinomicon" uid="21426053" lat="43.0686168" lon="-76.1111128"/>
 <node id="3301491776" visible="true" version="1" changeset="28295789" timestamp="2015-01-20T22:32:33Z" user="user_599436" uid="599436" lat="43.0680513" lon="-76.1135096"/>
 <node id="3301491787" visible="true" version="1" changeset="28295789" timestamp="2015-01-20T22:32:34Z" user="user_599436" uid="599436" lat="43.0684023" lon="-76.1130033">
  <tag k="entrance" v="main"/>
 </node>
 <node id="3301491790" visible="true" version="1" changeset="28295789" timestamp="2015-01-20T22:32:34Z" user="user_599436" uid="599436" lat="43.0684329" lon="-76.1110219"/>
 <node id="3301491792" visible="true" version="1" changeset="28295789" timestamp="2015-01-20T22:32:34Z" user="user_599436" uid="599436" lat="43.0684349" lon="-76.1109744"/>
 <node id="3301491794" visible="true" version="1" changeset="28295789" timestamp="2015-01-20T22:32:34Z" user="user_599436" uid="599436" lat="43.0684396" lon="-76.1108559"/>
 <node id="3301491795" visible="true" version="1" changeset="28295789" timestamp="2015-01-20T22:32:34Z" user="user_599436" uid="599436" lat="43.0684402" lon="-76.1108430"/>
 <node id="3301491798" visible="true" version="1" changeset="28295789" timestamp="2015-01-20T22:32:34Z" user="user_599436" uid="599436" lat="43.0685003" lon="-76.1135550"/>
 <node id="3301491805" visible="true" version="1" changeset="28295789" timestamp="2015-01-20T22:32:34Z" user="user_599436" uid="599436" lat="43.0685365" lon="-76.1110297"/>
 <node id="3301491806" visible="true" version="1" changeset="28295789" timestamp="2015-01-20T22:32:34Z" user="user_599436" uid="599436" lat="43.0685437" lon="-76.1108509"/>
 <node id="3301491828" visible="true" version="3" changeset="153540492" timestamp="2024-07-04T10:53:53Z" user="spughetti" uid="16155068" lat="43.0687127" lon="-76.1117780">
  <tag k="amenity" v="post_box"/>
  <tag k="operator" v="United States Postal Service"/>
  <tag k="operator:short" v="USPS"/>
  <tag k="operator:type" v="public"/>
  <tag k="operator:website" v="https://www.usps.com"/>
  <tag k="operator:wikidata" v="Q668687"/>
  <tag k="operator:wikipedia" v="en:United States Postal Service"/>
  <tag k="short_name" v="USPS"/>
 </node>
 <node id="3336718835" visible="true" version="2" changeset="150244529" timestamp="2024-04-20T00:37:37Z" user="andrewpmk" uid="1679" lat="43.0736374" lon="-76.1116307">
  <tag k="direction" v="backward"/>
  <tag k="highway" v="stop"/>
 </node>
 <node id="3504213351" visible="true" version="2" changeset="175246962" timestamp="2025-11-28T17:02:07Z" user="hwierzbicki" uid="10198270" lat="43.0689058" lon="-76.1115918">
  <tag k="communication:mobile_phone" v="yes"/>
  <tag k="location" v="roof"/>
  <tag k="man_made" v="mast"/>
  <tag k="tower:construction" v="monopole"/>
  <tag k="tower:type" v="communication"/>
 </node>
 <node id="4134228461" visible="true" version="4" changeset="174412137" timestamp="2025-11-09T11:19:32Z" user="confusedbuffalo" uid="242345" lat="43.0686511" lon="-76.1136574">
  <tag k="addr:city" v="Syracuse"/>
  <tag k="addr:housenumber" v="2363"/>
  <tag k="addr:postcode" v="13206"/>
  <tag k="addr:state" v="NY"/>
  <tag k="addr:street" v="James Street"/>
  <tag k="fixme" v="resurvey"/>
  <tag k="name" v="Shred Nations"/>
  <tag k="office" v="company"/>
  <tag k="phone" v="+1-315-238-5581"/>
  <tag k="website" v="https://www.shrednations.com/syracuse/"/>
 </node>
 <node id="4719390497" visible="true" version="1" changeset="46608340" timestamp="2017-03-05T22:42:12Z" user="DTHG" uid="463044" lat="43.0686242" lon="-76.1138296">
  <tag k="addr:housenumber" v="2345"/>
  <tag k="addr:street" v="James Street"/>
  <tag k="fixme" v="resurvey for better placement"/>
 </node>
 <node id="4719390498" visible="true" version="1" changeset="46608340" timestamp="2017-03-05T22:42:12Z" user="DTHG" uid="463044" lat="43.0684879" lon="-76.1138127"/>
 <node id="4789064159" visible="true" version="2" changeset="67860744" timestamp="2019-03-06T21:55:45Z" user="njtbusfan" uid="8107451" lat="43.0687578" lon="-76.1152194">
  <tag k="direction" v="forward"/>
  <tag k="highway" v="stop"/>
 </node>
 <node id="4789064160" visible="true" version="1" changeset="47672372" timestamp="2017-04-11T22:09:04Z" user="DTHG" uid="463044" lat="43.0698603" lon="-76.1121317">
  <tag k="direction" v="forward"/>
  <tag k="highway" v="stop"/>
 </node>
 <node id="4789064161" visible="true" version="2" changeset="105648048" timestamp="2021-06-01T00:20:44Z" user="nysgissam_dead10ck" uid="12470629" lat="43.0695635" lon="-76.1122804">
  <tag k="addr:city" v="Syracuse"/>
  <tag k="addr:housenumber" v="133"/>
  <tag k="addr:postcode" v="13206"/>
  <tag k="addr:state" v="NY"/>
  <tag k="addr:street" v="Marlborough Road"/>
  <tag k="nysgissam:nysaddresspointid" v="ONON178189"/>
 </node>
 <node id="4789064162" visible="true" version="2" changeset="105648048" timestamp="2021-06-01T00:20:44Z" user="nysgissam_dead10ck" uid="12470629" lat="43.0693323" lon="-76.1122515">
  <tag k="addr:city" v="Syracuse"/>
  <tag k="addr:housenumber" v="125"/>
  <tag k="addr:postcode" v="13206"/>
  <tag k="addr:state" v="NY"/>
  <tag k="addr:street" v="Marlborough Road"/>
  <tag k="nysgissam:nysaddresspointid" v="ONON111629"/>
 </node>
 <node id="4789064163" visible="true" version="2" changeset="105648048" timestamp="2021-06-01T00:20:44Z" user="nysgissam_dead10ck" uid="12470629" lat="43.0692936" lon="-76.1122482">
  <tag k="addr:city" v="Syracuse"/>
  <tag k="addr:housenumber" v="123"/>
  <tag k="addr:postcode" v="13206"/>
  <tag k="addr:state" v="NY"/>
  <tag k="addr:street" v="Marlborough Road"/>
  <tag k="nysgissam:nysaddresspointid" v="ONON023574"/>
 </node>
 <node id="4789064164" visible="true" version="2" changeset="105648034" timestamp="2021-06-01T00:19:56Z" user="nysgissam_dead10ck" uid="12470629" lat="43.0692196" lon="-76.1122388">
  <tag k="addr:city" v="Syracuse"/>
  <tag k="addr:housenumber" v="121"/>
  <tag k="addr:postcode" v="13206"/>
  <tag k="addr:state" v="NY"/>
  <tag k="addr:street" v="Marlborough Road"/>
  <tag k="nysgissam:nysaddresspointid" v="ONON011912"/>
 </node>
 <node id="4789064165" visible="true" version="2" changeset="105648038" timestamp="2021-06-01T00:20:16Z" user="nysgissam_dead10ck" uid="12470629" lat="43.0691897" lon="-76.1122388">
  <tag k="addr:city" v="Syracuse"/>
  <tag k="addr:housenumber" v="119"/>
  <tag k="addr:postcode" v="13206"/>
  <tag k="addr:state" v="NY"/>
  <tag k="addr:street" v="Marlborough Road"/>
  <tag k="nysgissam:nysaddresspointid" v="ONON051962"/>
 </node>
 <node id="4789064166" visible="true" version="2" changeset="105648038" timestamp="2021-06-01T00:20:16Z" user="nysgissam_dead10ck" uid="12470629" lat="43.0695115" lon="-76.1119260">
  <tag k="addr:city" v="Syracuse"/>
  <tag k="addr:housenumber" v="128"/>
  <tag k="addr:postcode" v="13206"/>
  <tag k="addr:state" v="NY"/>
  <tag k="addr:street" v="Marlborough Road"/>
  <tag k="nysgissam:nysaddresspointid" v="ONON004154"/>
 </node>
 <node id="4789064167" visible="true" version="2" changeset="105648038" timestamp="2021-06-01T00:20:16Z" user="nysgissam_dead10ck" uid="12470629" lat="43.0691755" lon="-76.1118992">
  <tag k="addr:city" v="Syracuse"/>
  <tag k="addr:housenumber" v="116"/>
  <tag k="addr:postcode" v="13206"/>
  <tag k="addr:state" v="NY"/>
  <tag k="addr:street" v="Marlborough Road"/>
  <tag k="nysgissam:nysaddresspointid" v="ONON071530"/>
 </node>
 <node id="4789064168" visible="true" version="2" changeset="105648038" timestamp="2021-06-01T00:20:16Z" user="nysgissam_dead10ck" uid="12470629" lat="43.0690717" lon="-76.1118750">
  <tag k="addr:city" v="Syracuse"/>
  <tag k="addr:housenumber" v="112"/>
  <tag k="addr:postcode" v="13206"/>
  <tag k="addr:state" v="NY"/>
  <tag k="addr:street" v="Marlborough Road"/>
  <tag k="addr:unit" v="1"/>
  <tag k="nysgissam:nysaddresspointid" v="ONON154647;ONON193003"/>
 </node>
 <node id="5131834062" visible="true" version="2" changeset="105648038" timestamp="2021-06-01T00:20:16Z" user="nysgissam_dead10ck" uid="12470629" lat="43.0694561" lon="-76.1122670">
  <tag k="addr:city" v="Syracuse"/>
  <tag k="addr:flats" v="4-5"/>
  <tag k="addr:housenumber" v="127"/>
  <tag k="addr:postcode" v="13206"/>
  <tag k="addr:state" v="NY"/>
  <tag k="addr:street" v="Marlborough Road"/>
  <tag k="nysgissam:nysaddresspointid" v="ONON146311;ONON195440;ONON195543"/>
 </node>
 <node id="5131834063" visible="true" version="2" changeset="105648048" timestamp="2021-06-01T00:20:44Z" user="nysgissam_dead10ck" uid="12470629" lat="43.0698053" lon="-76.1122929">
  <tag k="addr:city" v="Syracuse"/>
  <tag k="addr:flats" v="1-2"/>
  <tag k="addr:housenumber" v="141"/>
  <tag k="addr:postcode" v="13206"/>
  <tag k="addr:state" v="NY"/>
  <tag k="addr:street" v="Marlborough Road"/>
  <tag k="nysgissam:nysaddresspointid" v="ONON176202;ONON196607;ONON196695"/>
 </node>
 <node id="5131834064" visible="true" version="2" changeset="105648034" timestamp="2021-06-01T00:19:56Z" user="nysgissam_dead10ck" uid="12470629" lat="43.0697058" lon="-76.1122915">
  <tag k="addr:city" v="Syracuse"/>
  <tag k="addr:housenumber" v="137"/>
  <tag k="addr:postcode" v="13206"/>
  <tag k="addr:state" v="NY"/>
  <tag k="addr:street" v="Marlborough Road"/>
  <tag k="nysgissam:nysaddresspointid" v="ONON078614"/>
 </node>
 <node id="5131834065" visible="true" version="2" changeset="105648048" timestamp="2021-06-01T00:20:44Z" user="nysgissam_dead10ck" uid="12470629" lat="43.0696544" lon="-76.1122875">
  <tag k="addr:city" v="Syracuse"/>
  <tag k="addr:housenumber" v="135"/>
  <tag k="addr:postcode" v="13206"/>
  <tag k="addr:state" v="NY"/>
  <tag k="addr:street" v="Marlborough Road"/>
  <tag k="nysgissam:nysaddresspointid" v="ONON094935"/>
 </node>
 <node id="5131834066" visible="true" version="2" changeset="105648038" timestamp="2021-06-01T00:20:16Z" user="nysgissam_dead10ck" uid="12470629" lat="43.0687168" lon="-76.1119314">
  <tag k="addr:city" v="Syracuse"/>
  <tag k="addr:housenumber" v="2501"/>
  <tag k="addr:postcode" v="13206"/>
  <tag k="addr:state" v="NY"/>
  <tag k="addr:street" v="James Street"/>
  <tag k="addr:unit" v="220"/>
  <tag k="nysgissam:nysaddresspointid" v="ONON124628;ONON192054"/>
 </node>
 <node id="5131834067" visible="true" version="1" changeset="52398484" timestamp="2017-09-26T21:55:40Z" user="DTHG" uid="463044" lat="43.0687021" lon="-76.1119777">
  <tag k="emergency" v="fire_hydrant"/>
  <tag k="fire_hydrant:type" v="pillar"/>
 </node>
 <node id="5131834068" visible="true" version="2" changeset="105648034" timestamp="2021-06-01T00:19:56Z" user="nysgissam_dead10ck" uid="12470629" lat="43.0696235" lon="-76.1119388">
  <tag k="addr:city" v="Syracuse"/>
  <tag k="addr:housenumber" v="134"/>
  <tag k="addr:postcode" v="13206"/>
  <tag k="addr:state" v="NY"/>
  <tag k="addr:street" v="Marlborough Road"/>
  <tag k="nysgissam:nysaddresspointid" v="ONON113640"/>
 </node>
 <node id="5131834069" visible="true" version="2" changeset="105648031" timestamp="2021-06-01T00:19:41Z" user="nysgissam_dead10ck" uid="12470629" lat="43.0696823" lon="-76.1119469">
  <tag k="addr:city" v="Syracuse"/>
  <tag k="addr:housenumber" v="136"/>
  <tag k="addr:postcode" v="13206"/>
  <tag k="addr:state" v="NY"/>
  <tag k="addr:street" v="Marlborough Road"/>
  <tag k="nysgissam:nysaddresspointid" v="ONON077392"/>
 </node>
 <node id="5131834070" visible="true" version="2" changeset="105648034" timestamp="2021-06-01T00:19:56Z" user="nysgissam_dead10ck" uid="12470629" lat="43.0698175" lon="-76.1119509">
  <tag k="addr:city" v="Syracuse"/>
  <tag k="addr:housenumber" v="142"/>
  <tag k="addr:postcode" v="13206"/>
  <tag k="addr:state" v="NY"/>
  <tag k="addr:street" v="Marlborough Road"/>
  <tag k="nysgissam:nysaddresspointid" v="ONON183112"/>
 </node>
 <node id="5131834071" visible="true" version="2" changeset="105648038" timestamp="2021-06-01T00:20:16Z" user="nysgissam_dead10ck" uid="12470629" lat="43.0697764" lon="-76.1119482">
  <tag k="addr:city" v="Syracuse"/>
  <tag k="addr:housenumber" v="140"/>
  <tag k="addr:postcode" v="13206"/>
  <tag k="addr:state" v="NY"/>
  <tag k="addr:street" v="Marlborough Road"/>
  <tag k="nysgissam:nysaddresspointid" v="ONON009855"/>
 </node>
 <node id="5131834072" visible="true" version="1" changeset="52398484" timestamp="2017-09-26T21:55:41Z" user="DTHG" uid="463044" lat="43.0698895" lon="-76.1119951">
  <tag k="emergency" v="fire_hydrant"/>
  <tag k="fire_hydrant:type" v="pillar"/>
 </node>
 <node id="5196536345" visible="true" version="3" changeset="105648038" timestamp="2021-06-01T00:20:16Z" user="nysgissam_dead10ck" uid="12470629" lat="43.0697159" lon="-76.1133677">
  <tag k="addr:city" v="Syracuse"/>
  <tag k="addr:housenumber" v="140"/>
  <tag k="addr:postcode" v="13206"/>
  <tag k="addr:state" v="NY"/>
  <tag k="addr:street" v="North Avenue"/>
  <tag k="nysgissam:nysaddresspointid" v="ONON182490"/>
 </node>
 <node id="5196536346" visible="true" version="3" changeset="105648038" timestamp="2021-06-01T00:20:16Z" user="nysgissam_dead10ck" uid="12470629" lat="43.0697633" lon="-76.1133699">
  <tag k="addr:city" v="Syracuse"/>
  <tag k="addr:housenumber" v="142"/>
  <tag k="addr:postcode" v="13206"/>
  <tag k="addr:state" v="NY"/>
  <tag k="addr:street" v="North Avenue"/>
  <tag k="nysgissam:nysaddresspointid" v="ONON069668"/>
 </node>
 <node id="5222017651" visible="true" version="1" changeset="53674302" timestamp="2017-11-10T18:26:20Z" user="DTHG" uid="463044" lat="43.0678472" lon="-76.1131209"/>
 <node id="5222017652" visible="true" version="1" changeset="53674302" timestamp="2017-11-10T18:26:20Z" user="DTHG" uid="463044" lat="43.0679723" lon="-76.1131285"/>
 <node id="5222017653" visible="true" version="1" changeset="53674302" timestamp="2017-11-10T18:26:20Z" user="DTHG" uid="463044" lat="43.0679670" lon="-76.1132941"/>
 <node id="5222017654" visible="true" version="1" changeset="53674302" timestamp="2017-11-10T18:26:20Z" user="DTHG" uid="463044" lat="43.0679062" lon="-76.1132904"/>
 <node id="5222017655" visible="true" version="1" changeset="53674302" timestamp="2017-11-10T18:26:20Z" user="DTHG" uid="463044" lat="43.0679082" lon="-76.1132275"/>
 <node id="5222017656" visible="true" version="1" changeset="53674302" timestamp="2017-11-10T18:26:20Z" user="DTHG" uid="463044" lat="43.0677274" lon="-76.1132166"/>
 <node id="5222017657" visible="true" version="1" changeset="53674302" timestamp="2017-11-10T18:26:20Z" user="DTHG" uid="463044" lat="43.0677408" lon="-76.1128025"/>
 <node id="5222017658" visible="true" version="1" changeset="53674302" timestamp="2017-11-10T18:26:20Z" user="DTHG" uid="463044" lat="43.0678572" lon="-76.1128095"/>
 <node id="5241827644" visible="true" version="1" changeset="53986718" timestamp="2017-11-21T21:34:18Z" user="DTHG" uid="463044" lat="43.0686473" lon="-76.1133584">
  <tag k="emergency" v="fire_hydrant"/>
 </node>
 <node id="5241827645" visible="true" version="1" changeset="53986718" timestamp="2017-11-21T21:34:18Z" user="DTHG" uid="463044" lat="43.0692725" lon="-76.1135838">
  <tag k="direction" v="backward"/>
  <tag k="highway" v="stop"/>
 </node>
 <node id="5241827646" visible="true" version="1" changeset="53986718" timestamp="2017-11-21T21:34:18Z" user="DTHG" uid="463044" lat="43.0690539" lon="-76.1135615">
  <tag k="direction" v="backward"/>
  <tag k="highway" v="stop"/>
 </node>
 <node id="5241827647" visible="true" version="1" changeset="53986718" timestamp="2017-11-21T21:34:18Z" user="DTHG" uid="463044" lat="43.0697925" lon="-76.1129929">
  <tag k="building" v="house"/>
  <tag k="note" v="no address can be seen from the sidewalk"/>
 </node>
 <node id="5241827648" visible="true" version="2" changeset="105648048" timestamp="2021-06-01T00:20:44Z" user="nysgissam_dead10ck" uid="12470629" lat="43.0694129" lon="-76.1136132">
  <tag k="addr:city" v="Syracuse"/>
  <tag k="addr:housenumber" v="129"/>
  <tag k="addr:postcode" v="13206"/>
  <tag k="addr:state" v="NY"/>
  <tag k="addr:street" v="North Avenue"/>
  <tag k="nysgissam:nysaddresspointid" v="ONON111952"/>
 </node>
 <node id="5241827649" visible="true" version="2" changeset="105648034" timestamp="2021-06-01T00:19:56Z" user="nysgissam_dead10ck" uid="12470629" lat="43.0693913" lon="-76.1133531">
  <tag k="addr:city" v="Syracuse"/>
  <tag k="addr:housenumber" v="126"/>
  <tag k="addr:postcode" v="13206"/>
  <tag k="addr:state" v="NY"/>
  <tag k="addr:street" v="North Avenue"/>
  <tag k="addr:unit" v="2"/>
  <tag k="nysgissam:nysaddresspointid" v="ONON195298;ONON167412"/>
 </node>
 <node id="5241827650" visible="true" version="2" changeset="105648048" timestamp="2021-06-01T00:20:44Z" user="nysgissam_dead10ck" uid="12470629" lat="43.0695041" lon="-76.1133582">
  <tag k="addr:city" v="Syracuse"/>
  <tag k="addr:housenumber" v="132"/>
  <tag k="addr:postcode" v="13206"/>
  <tag k="addr:state" v="NY"/>
  <tag k="addr:street" v="North Avenue"/>
  <tag k="nysgissam:nysaddresspointid" v="ONON152689"/>
 </node>
 <node id="5241827651" visible="true" version="2" changeset="105648031" timestamp="2021-06-01T00:19:41Z" user="nysgissam_dead10ck" uid="12470629" lat="43.0696270" lon="-76.1133637">
  <tag k="addr:city" v="Syracuse"/>
  <tag k="addr:housenumber" v="136"/>
  <tag k="addr:postcode" v="13206"/>
  <tag k="addr:state" v="NY"/>
  <tag k="addr:street" v="North Avenue"/>
  <tag k="nysgissam:nysaddresspointid" v="ONON039892"/>
 </node>
 <node id="5241827652" visible="true" version="2" changeset="105648034" timestamp="2021-06-01T00:19:56Z" user="nysgissam_dead10ck" uid="12470629" lat="43.0696353" lon="-76.1136340">
  <tag k="addr:city" v="Syracuse"/>
  <tag k="addr:flats" v="1-2"/>
  <tag k="addr:housenumber" v="137"/>
  <tag k="addr:postcode" v="13206"/>
  <tag k="addr:state" v="NY"/>
  <tag k="addr:street" v="North Avenue"/>
  <tag k="nysgissam:nysaddresspointid" v="ONON196379;ONON196312;ONON179389"/>
 </node>
 <node id="5340120121" visible="true" version="1" changeset="55450421" timestamp="2018-01-15T05:27:20Z" user="DTHG" uid="463044" lat="43.0686209" lon="-76.1135308">
  <tag k="entrance" v="main"/>
 </node>
 <node id="5340120122" visible="true" version="2" changeset="105648031" timestamp="2021-06-01T00:19:41Z" user="nysgissam_dead10ck" uid="12470629" lat="43.0670811" lon="-76.1128085">
  <tag k="addr:city" v="Syracuse"/>
  <tag k="addr:housenumber" v="148"/>
  <tag k="addr:postcode" v="13206"/>
  <tag k="addr:state" v="NY"/>
  <tag k="addr:street" v="Stafford Avenue"/>
  <tag k="nysgissam:nysaddresspointid" v="ONON064470"/>
 </node>
 <node id="5340120123" visible="true" version="2" changeset="105648034" timestamp="2021-06-01T00:19:56Z" user="nysgissam_dead10ck" uid="12470629" lat="43.0670400" lon="-76.1128052">
  <tag k="addr:city" v="Syracuse"/>
  <tag k="addr:housenumber" v="150"/>
  <tag k="addr:postcode" v="13206"/>
  <tag k="addr:state" v="NY"/>
  <tag k="addr:street" v="Stafford Avenue"/>
  <tag k="nysgissam:nysaddresspointid" v="ONON139447"/>
 </node>
 <node id="5340120124" visible="true" version="1" changeset="55450421" timestamp="2018-01-15T05:27:20Z" user="DTHG" uid="463044" lat="43.0669724" lon="-76.1124357">
  <tag k="addr:housenumber" v="151"/>
  <tag k="addr:street" v="Stafford Avenue"/>
 </node>
 <node id="5340120125" visible="true" version="2" changeset="105648038" timestamp="2021-06-01T00:20:16Z" user="nysgissam_dead10ck" uid="12470629" lat="43.0670875" lon="-76.1124397">
  <tag k="addr:city" v="Syracuse"/>
  <tag k="addr:housenumber" v="149"/>
  <tag k="addr:postcode" v="13206"/>
  <tag k="addr:state" v="NY"/>
  <tag k="addr:street" v="Stafford Avenue"/>
  <tag k="nysgissam:nysaddresspointid" v="ONON100477"/>
 </node>
 <node id="5340120126" visible="true" version="2" changeset="105648048" timestamp="2021-06-01T00:20:44Z" user="nysgissam_dead10ck" uid="12470629" lat="43.0676180" lon="-76.1124934">
  <tag k="addr:city" v="Syracuse"/>
  <tag k="addr:housenumber" v="129"/>
  <tag k="addr:postcode" v="13206"/>
  <tag k="addr:state" v="NY"/>
  <tag k="addr:street" v="Stafford Avenue"/>
  <tag k="nysgissam:nysaddresspointid" v="ONON018582"/>
 </node>
 <node id="5340120127" visible="true" version="2" changeset="105648034" timestamp="2021-06-01T00:19:56Z" user="nysgissam_dead10ck" uid="12470629" lat="43.0677258" lon="-76.1124980">
  <tag k="addr:city" v="Syracuse"/>
  <tag k="addr:housenumber" v="125"/>
  <tag k="addr:postcode" v="13206"/>
  <tag k="addr:state" v="NY"/>
  <tag k="addr:street" v="Stafford Avenue"/>
  <tag k="nysgissam:nysaddresspointid" v="ONON119233"/>
 </node>
 <node id="5340120128" visible="true" version="2" changeset="105648034" timestamp="2021-06-01T00:19:56Z" user="nysgissam_dead10ck" uid="12470629" lat="43.0678644" lon="-76.1125061">
  <tag k="addr:city" v="Syracuse"/>
  <tag k="addr:flats" v="3;5"/>
  <tag k="addr:housenumber" v="121"/>
  <tag k="addr:postcode" v="13206"/>
  <tag k="addr:state" v="NY"/>
  <tag k="addr:street" v="Stafford Avenue"/>
  <tag k="nysgissam:nysaddresspointid" v="ONON028124;ONON194726;ONON194705"/>
 </node>
 <node id="5340120129" visible="true" version="2" changeset="105648038" timestamp="2021-06-01T00:20:16Z" user="nysgissam_dead10ck" uid="12470629" lat="43.0675073" lon="-76.1128306">
  <tag k="addr:city" v="Syracuse"/>
  <tag k="addr:housenumber" v="132"/>
  <tag k="addr:postcode" v="13206"/>
  <tag k="addr:state" v="NY"/>
  <tag k="addr:street" v="Stafford Avenue"/>
  <tag k="nysgissam:nysaddresspointid" v="ONON049754"/>
 </node>
 <node id="5340120130" visible="true" version="2" changeset="105648038" timestamp="2021-06-01T00:20:16Z" user="nysgissam_dead10ck" uid="12470629" lat="43.0676082" lon="-76.1128387">
  <tag k="addr:city" v="Syracuse"/>
  <tag k="addr:housenumber" v="128"/>
  <tag k="addr:postcode" v="13206"/>
  <tag k="addr:state" v="NY"/>
  <tag k="addr:street" v="Stafford Avenue"/>
  <tag k="nysgissam:nysaddresspointid" v="ONON059901"/>
 </node>
 <node id="5340120131" visible="true" version="1" changeset="55450421" timestamp="2018-01-15T05:27:20Z" user="DTHG" uid="463044" lat="43.0677694" lon="-76.1127549">
  <tag k="emergency" v="fire_hydrant"/>
  <tag k="fire_hydrant:type" v="pillar"/>
  <tag k="fixme" v="resurvey for better placement"/>
 </node>
 <node id="5955379461" visible="true" version="2" changeset="105648034" timestamp="2021-06-01T00:19:56Z" user="nysgissam_dead10ck" uid="12470629" lat="43.0678973" lon="-76.1110423">
  <tag k="addr:city" v="Syracuse"/>
  <tag k="addr:housenumber" v="123"/>
  <tag k="addr:postcode" v="13206"/>
  <tag k="addr:state" v="NY"/>
  <tag k="addr:street" v="Forest Hill Drive"/>
  <tag k="nysgissam:nysaddresspointid" v="ONON164401"/>
 </node>
 <node id="5955379462" visible="true" version="2" changeset="105648034" timestamp="2021-06-01T00:19:56Z" user="nysgissam_dead10ck" uid="12470629" lat="43.0679080" lon="-76.1115633">
  <tag k="addr:city" v="Syracuse"/>
  <tag k="addr:housenumber" v="122"/>
  <tag k="addr:postcode" v="13206"/>
  <tag k="addr:state" v="NY"/>
  <tag k="addr:street" v="Forest Hill Drive"/>
  <tag k="nysgissam:nysaddresspointid" v="ONON165574"/>
 </node>
 <node id="5955379463" visible="true" version="2" changeset="105648048" timestamp="2021-06-01T00:20:44Z" user="nysgissam_dead10ck" uid="12470629" lat="43.0679526" lon="-76.1115666">
  <tag k="addr:city" v="Syracuse"/>
  <tag k="addr:housenumber" v="120"/>
  <tag k="addr:postcode" v="13206"/>
  <tag k="addr:state" v="NY"/>
  <tag k="addr:street" v="Forest Hill Drive"/>
  <tag k="nysgissam:nysaddresspointid" v="ONON063766"/>
 </node>
 <node id="5955379464" visible="true" version="2" changeset="105648048" timestamp="2021-06-01T00:20:44Z" user="nysgissam_dead10ck" uid="12470629" lat="43.0680315" lon="-76.1115754">
  <tag k="addr:city" v="Syracuse"/>
  <tag k="addr:housenumber" v="118"/>
  <tag k="addr:postcode" v="13206"/>
  <tag k="addr:state" v="NY"/>
  <tag k="addr:street" v="Forest Hill Drive"/>
  <tag k="nysgissam:nysaddresspointid" v="ONON053956"/>
 </node>
 <node id="5955379465" visible="true" version="2" changeset="105648034" timestamp="2021-06-01T00:19:56Z" user="nysgissam_dead10ck" uid="12470629" lat="43.0680687" lon="-76.1115787">
  <tag k="addr:city" v="Syracuse"/>
  <tag k="addr:housenumber" v="116"/>
  <tag k="addr:postcode" v="13206"/>
  <tag k="addr:state" v="NY"/>
  <tag k="addr:street" v="Forest Hill Drive"/>
  <tag k="nysgissam:nysaddresspointid" v="ONON038156"/>
 </node>
 <node id="5955382746" visible="true" version="4" changeset="181522425" timestamp="2026-04-19T04:31:09Z" user="nopeinomicon" uid="21426053" lat="43.0685059" lon="-76.1112874">
  <tag k="direction" v="forward"/>
  <tag k="highway" v="stop"/>
  <tag k="side" v="right"/>
  <tag k="traffic_sign:forward" v="US:R1-1"/>
 </node>
 <node id="8164525131" visible="true" version="1" changeset="94774964" timestamp="2020-11-25T12:36:31Z" user="harshjs" uid="10173461" lat="43.0724159" lon="-76.1137494"/>
 <node id="8505823296" visible="true" version="1" changeset="100817100" timestamp="2021-03-11T06:04:29Z" user="bhiy" uid="10480275" lat="43.0747162" lon="-76.1117279"/>
 <node id="8787440176" visible="true" version="1" changeset="105648001" timestamp="2021-06-01T00:18:23Z" user="nysgissam_dead10ck" uid="12470629" lat="43.0686169" lon="-76.1136205">
  <tag k="addr:city" v="Syracuse"/>
  <tag k="addr:housenumber" v="2363"/>
  <tag k="addr:postcode" v="13206"/>
  <tag k="addr:state" v="NY"/>
  <tag k="addr:street" v="James Street"/>
  <tag k="nysgissam:nysaddresspointid" v="ONON047202"/>
  <tag k="nysgissam:review" v="found &gt; 1 existing matching address"/>
 </node>
 <node id="8787440345" visible="true" version="1" changeset="105648001" timestamp="2021-06-01T00:18:23Z" user="nysgissam_dead10ck" uid="12470629" lat="43.0682555" lon="-76.1123038">
  <tag k="addr:city" v="Syracuse"/>
  <tag k="addr:housenumber" v="2400"/>
  <tag k="addr:postcode" v="13206"/>
  <tag k="addr:state" v="NY"/>
  <tag k="addr:street" v="James Street"/>
  <tag k="nysgissam:nysaddresspointid" v="ONON173623"/>
  <tag k="nysgissam:review" v="found &gt; 1 existing matching address"/>
 </node>
 <node id="8787445379" visible="true" version="1" changeset="105648001" timestamp="2021-06-01T00:18:23Z" user="nysgissam_dead10ck" uid="12470629" lat="43.0697887" lon="-76.1115763">
  <tag k="addr:city" v="Syracuse"/>
  <tag k="addr:housenumber" v="210"/>
  <tag k="addr:postcode" v="13206"/>
  <tag k="addr:state" v="NY"/>
  <tag k="addr:street" v="Arnett Avenue"/>
  <tag k="nysgissam:nysaddresspointid" v="ONON133098"/>
 </node>
 <node id="8787449970" visible="true" version="1" changeset="105648005" timestamp="2021-06-01T00:18:32Z" user="nysgissam_dead10ck" uid="12470629" lat="43.0691669" lon="-76.1131753">
  <tag k="addr:city" v="Syracuse"/>
  <tag k="addr:housenumber" v="118"/>
  <tag k="addr:postcode" v="13206"/>
  <tag k="addr:state" v="NY"/>
  <tag k="addr:street" v="North Avenue"/>
  <tag k="nysgissam:nysaddresspointid" v="ONON020955"/>
 </node>
 <node id="8787460414" visible="true" version="1" changeset="105648007" timestamp="2021-06-01T00:18:41Z" user="nysgissam_dead10ck" uid="12470629" lat="43.0697875" lon="-76.1115354">
  <tag k="addr:city" v="Syracuse"/>
  <tag k="addr:housenumber" v="212"/>
  <tag k="addr:postcode" v="13206"/>
  <tag k="addr:state" v="NY"/>
  <tag k="addr:street" v="Arnett Avenue"/>
  <tag k="nysgissam:nysaddresspointid" v="ONON151713"/>
 </node>
 <node id="8787464500" visible="true" version="1" changeset="105648007" timestamp="2021-06-01T00:18:41Z" user="nysgissam_dead10ck" uid="12470629" lat="43.0672442" lon="-76.1137272">
  <tag k="addr:city" v="Syracuse"/>
  <tag k="addr:housenumber" v="141"/>
  <tag k="addr:postcode" v="13206"/>
  <tag k="addr:state" v="NY"/>
  <tag k="addr:street" v="Hickok Avenue"/>
  <tag k="nysgissam:nysaddresspointid" v="ONON172839"/>
 </node>
 <node id="8787466840" visible="true" version="1" changeset="105648007" timestamp="2021-06-01T00:18:41Z" user="nysgissam_dead10ck" uid="12470629" lat="43.0670272" lon="-76.1114888">
  <tag k="addr:city" v="Syracuse"/>
  <tag k="addr:housenumber" v="152"/>
  <tag k="addr:postcode" v="13206"/>
  <tag k="addr:state" v="NY"/>
  <tag k="addr:street" v="Forest Hill Drive"/>
  <tag k="nysgissam:nysaddresspointid" v="ONON042558"/>
 </node>
 <node id="8787467675" visible="true" version="1" changeset="105648007" timestamp="2021-06-01T00:18:41Z" user="nysgissam_dead10ck" uid="12470629" lat="43.0674824" lon="-76.1115421">
  <tag k="addr:city" v="Syracuse"/>
  <tag k="addr:housenumber" v="136"/>
  <tag k="addr:postcode" v="13206"/>
  <tag k="addr:state" v="NY"/>
  <tag k="addr:street" v="Forest Hill Drive"/>
  <tag k="nysgissam:nysaddresspointid" v="ONON149164"/>
 </node>
 <node id="8787476396" visible="true" version="1" changeset="105648013" timestamp="2021-06-01T00:18:50Z" user="nysgissam_dead10ck" uid="12470629" lat="43.0671059" lon="-76.1136884">
  <tag k="addr:city" v="Syracuse"/>
  <tag k="addr:housenumber" v="145"/>
  <tag k="addr:postcode" v="13206"/>
  <tag k="addr:state" v="NY"/>
  <tag k="addr:street" v="Hickok Avenue"/>
  <tag k="nysgissam:nysaddresspointid" v="ONON118899"/>
 </node>
 <node id="8787482221" visible="true" version="1" changeset="105648017" timestamp="2021-06-01T00:18:59Z" user="nysgissam_dead10ck" uid="12470629" lat="43.0678113" lon="-76.1115619">
  <tag k="addr:city" v="Syracuse"/>
  <tag k="addr:housenumber" v="124"/>
  <tag k="addr:postcode" v="13206"/>
  <tag k="addr:state" v="NY"/>
  <tag k="addr:street" v="Forest Hill Drive"/>
  <tag k="nysgissam:nysaddresspointid" v="ONON135350"/>
 </node>
 <node id="8787484948" visible="true" version="1" changeset="105648017" timestamp="2021-06-01T00:18:59Z" user="nysgissam_dead10ck" uid="12470629" lat="43.0697981" lon="-76.1112400">
  <tag k="addr:city" v="Syracuse"/>
  <tag k="addr:housenumber" v="220"/>
  <tag k="addr:postcode" v="13206"/>
  <tag k="addr:state" v="NY"/>
  <tag k="addr:street" v="Arnett Avenue"/>
  <tag k="nysgissam:nysaddresspointid" v="ONON070050"/>
 </node>
 <node id="8787488521" visible="true" version="1" changeset="105648019" timestamp="2021-06-01T00:19:08Z" user="nysgissam_dead10ck" uid="12470629" lat="43.0691169" lon="-76.1136130">
  <tag k="addr:city" v="Syracuse"/>
  <tag k="addr:housenumber" v="119"/>
  <tag k="addr:postcode" v="13206"/>
  <tag k="addr:state" v="NY"/>
  <tag k="addr:street" v="North Avenue"/>
  <tag k="nysgissam:nysaddresspointid" v="ONON035235"/>
 </node>
 <node id="8787489350" visible="true" version="1" changeset="105648019" timestamp="2021-06-01T00:19:08Z" user="nysgissam_dead10ck" uid="12470629" lat="43.0691437" lon="-76.1131749">
  <tag k="addr:city" v="Syracuse"/>
  <tag k="addr:housenumber" v="116"/>
  <tag k="addr:postcode" v="13206"/>
  <tag k="addr:state" v="NY"/>
  <tag k="addr:street" v="North Avenue"/>
  <tag k="nysgissam:nysaddresspointid" v="ONON151726"/>
 </node>
 <node id="8787490775" visible="true" version="1" changeset="105648019" timestamp="2021-06-01T00:19:08Z" user="nysgissam_dead10ck" uid="12470629" lat="43.0694527" lon="-76.1113271">
  <tag k="addr:city" v="Syracuse"/>
  <tag k="addr:housenumber" v="122"/>
  <tag k="addr:postcode" v="13206"/>
  <tag k="addr:state" v="NY"/>
  <tag k="addr:street" v="Marlborough Road"/>
  <tag k="nysgissam:nysaddresspointid" v="ONON060267"/>
 </node>
 <node id="8787493434" visible="true" version="1" changeset="105648019" timestamp="2021-06-01T00:19:08Z" user="nysgissam_dead10ck" uid="12470629" lat="43.0674108" lon="-76.1123993">
  <tag k="addr:city" v="Syracuse"/>
  <tag k="addr:housenumber" v="137"/>
  <tag k="addr:postcode" v="13206"/>
  <tag k="addr:state" v="NY"/>
  <tag k="addr:street" v="Stafford Avenue"/>
  <tag k="nysgissam:nysaddresspointid" v="ONON034942"/>
 </node>
 <node id="8787495390" visible="true" version="1" changeset="105648019" timestamp="2021-06-01T00:19:08Z" user="nysgissam_dead10ck" uid="12470629" lat="43.0699675" lon="-76.1111894">
  <tag k="addr:city" v="Syracuse"/>
  <tag k="addr:housenumber" v="98"/>
  <tag k="addr:postcode" v="13206"/>
  <tag k="addr:state" v="NY"/>
  <tag k="addr:street" v="Fobes Avenue"/>
  <tag k="nysgissam:nysaddresspointid" v="ONON032398"/>
 </node>
 <node id="8787497679" visible="true" version="1" changeset="105648022" timestamp="2021-06-01T00:19:17Z" user="nysgissam_dead10ck" uid="12470629" lat="43.0672306" lon="-76.1123837">
  <tag k="addr:city" v="Syracuse"/>
  <tag k="addr:housenumber" v="141"/>
  <tag k="addr:postcode" v="13206"/>
  <tag k="addr:state" v="NY"/>
  <tag k="addr:street" v="Stafford Avenue"/>
  <tag k="nysgissam:nysaddresspointid" v="ONON088838"/>
 </node>
 <node id="8787499827" visible="true" version="1" changeset="105648022" timestamp="2021-06-01T00:19:17Z" user="nysgissam_dead10ck" uid="12470629" lat="43.0677882" lon="-76.1137671">
  <tag k="addr:city" v="Syracuse"/>
  <tag k="addr:housenumber" v="121"/>
  <tag k="addr:postcode" v="13206"/>
  <tag k="addr:state" v="NY"/>
  <tag k="addr:street" v="Hickok Avenue"/>
  <tag k="nysgissam:nysaddresspointid" v="ONON113834"/>
 </node>
 <node id="8787501846" visible="true" version="1" changeset="105648022" timestamp="2021-06-01T00:19:17Z" user="nysgissam_dead10ck" uid="12470629" lat="43.0673803" lon="-76.1137285">
  <tag k="addr:city" v="Syracuse"/>
  <tag k="addr:housenumber" v="135"/>
  <tag k="addr:postcode" v="13206"/>
  <tag k="addr:state" v="NY"/>
  <tag k="addr:street" v="Hickok Avenue"/>
  <tag k="nysgissam:nysaddresspointid" v="ONON024621"/>
 </node>
 <node id="8787511042" visible="true" version="1" changeset="105648024" timestamp="2021-06-01T00:19:31Z" user="nysgissam_dead10ck" uid="12470629" lat="43.0673215" lon="-76.1115239">
  <tag k="addr:city" v="Syracuse"/>
  <tag k="addr:housenumber" v="142"/>
  <tag k="addr:postcode" v="13206"/>
  <tag k="addr:state" v="NY"/>
  <tag k="addr:street" v="Forest Hill Drive"/>
  <tag k="nysgissam:nysaddresspointid" v="ONON069149"/>
 </node>
 <node id="8787514510" visible="true" version="1" changeset="105648024" timestamp="2021-06-01T00:19:31Z" user="nysgissam_dead10ck" uid="12470629" lat="43.0687497" lon="-76.1125338">
  <tag k="addr:city" v="Syracuse"/>
  <tag k="addr:flats" v="3;5;7"/>
  <tag k="addr:housenumber" v="2441"/>
  <tag k="addr:postcode" v="13206"/>
  <tag k="addr:state" v="NY"/>
  <tag k="addr:street" v="James Street"/>
  <tag k="nysgissam:nysaddresspointid" v="ONON201615;ONON201616;ONON201565;ONON101304"/>
 </node>
 <node id="8787514965" visible="true" version="1" changeset="105648024" timestamp="2021-06-01T00:19:31Z" user="nysgissam_dead10ck" uid="12470629" lat="43.0687236" lon="-76.1118146">
  <tag k="addr:city" v="Syracuse"/>
  <tag k="addr:housenumber" v="2507"/>
  <tag k="addr:postcode" v="13206"/>
  <tag k="addr:state" v="NY"/>
  <tag k="addr:street" v="James Street"/>
  <tag k="addr:unit" v="201"/>
  <tag k="nysgissam:nysaddresspointid" v="ONON131367;ONON192063"/>
 </node>
 <node id="8787515108" visible="true" version="1" changeset="105648024" timestamp="2021-06-01T00:19:31Z" user="nysgissam_dead10ck" uid="12470629" lat="43.0687636" lon="-76.1122623">
  <tag k="addr:city" v="Syracuse"/>
  <tag k="addr:housenumber" v="2453"/>
  <tag k="addr:postcode" v="13206"/>
  <tag k="addr:state" v="NY"/>
  <tag k="addr:street" v="James Street"/>
  <tag k="nysgissam:nysaddresspointid" v="ONON044730"/>
 </node>
 <node id="8787515213" visible="true" version="2" changeset="187301316" timestamp="2026-08-11T18:15:38Z" user="nopeinomicon" uid="21426053" lat="43.0683726" lon="-76.1130567">
  <tag k="addr:city" v="Syracuse"/>
  <tag k="addr:housenumber" v="2378"/>
  <tag k="addr:postcode" v="13206"/>
  <tag k="addr:state" v="NY"/>
  <tag k="addr:street" v="James Street"/>
  <tag k="amenity" v="cafe"/>
  <tag k="cuisine" v="coffee_shop"/>
  <tag k="email" v="info@thecrackedbeanroastery.com"/>
  <tag k="name" v="The Cracked Bean Roastery &amp; Cafe"/>
  <tag k="nysgissam:nysaddresspointid" v="ONON039832"/>
  <tag k="opening_hours" v="Mo-Su 07:00-16:00"/>
  <tag k="phone" v="+1-315-400-3345"/>
  <tag k="short_name" v="Cracked Bean Roastery"/>
  <tag k="website" v="https://www.thecrackedbeanroastery.com/"/>
 </node>
 <node id="8787515904" visible="true" version="1" changeset="105648024" timestamp="2021-06-01T00:19:31Z" user="nysgissam_dead10ck" uid="12470629" lat="43.0687634" lon="-76.1122868">
  <tag k="addr:city" v="Syracuse"/>
  <tag k="addr:housenumber" v="2451"/>
  <tag k="addr:postcode" v="13206"/>
  <tag k="addr:state" v="NY"/>
  <tag k="addr:street" v="James Street"/>
  <tag k="nysgissam:nysaddresspointid" v="ONON147985"/>
 </node>
 <node id="8787516102" visible="true" version="1" changeset="105648024" timestamp="2021-06-01T00:19:31Z" user="nysgissam_dead10ck" uid="12470629" lat="43.0681832" lon="-76.1128828">
  <tag k="addr:city" v="Syracuse"/>
  <tag k="addr:housenumber" v="100"/>
  <tag k="addr:postcode" v="13206"/>
  <tag k="addr:state" v="NY"/>
  <tag k="addr:street" v="Stafford Avenue"/>
  <tag k="nysgissam:nysaddresspointid" v="ONON162135"/>
 </node>
 <node id="8787516897" visible="true" version="2" changeset="167010860" timestamp="2025-05-31T12:49:48Z" user="jiojoiph5" uid="22074639" lat="43.0682573" lon="-76.1116540">
  <tag k="addr:city" v="Syracuse"/>
  <tag k="addr:housenumber" v="2450"/>
  <tag k="addr:postcode" v="13206"/>
  <tag k="addr:state" v="NY"/>
  <tag k="addr:street" v="James Street"/>
  <tag k="name" v="Food 4 Less"/>
  <tag k="nysgissam:nysaddresspointid" v="ONON037483"/>
  <tag k="shop" v="convenience"/>
 </node>
 <node id="8787516908" visible="true" version="1" changeset="105648031" timestamp="2021-06-01T00:19:41Z" user="nysgissam_dead10ck" uid="12470629" lat="43.0687484" lon="-76.1126154">
  <tag k="addr:city" v="Syracuse"/>
  <tag k="addr:housenumber" v="2433"/>
  <tag k="addr:postcode" v="13206"/>
  <tag k="addr:state" v="NY"/>
  <tag k="addr:street" v="James Street"/>
  <tag k="nysgissam:nysaddresspointid" v="ONON181879"/>
 </node>
 <node id="8787518771" visible="true" version="1" changeset="105648031" timestamp="2021-06-01T00:19:41Z" user="nysgissam_dead10ck" uid="12470629" lat="43.0687638" lon="-76.1122377">
  <tag k="addr:city" v="Syracuse"/>
  <tag k="addr:housenumber" v="2455"/>
  <tag k="addr:postcode" v="13206"/>
  <tag k="addr:state" v="NY"/>
  <tag k="addr:street" v="James Street"/>
  <tag k="nysgissam:nysaddresspointid" v="ONON057134"/>
 </node>
 <node id="8787520934" visible="true" version="1" changeset="105648031" timestamp="2021-06-01T00:19:41Z" user="nysgissam_dead10ck" uid="12470629" lat="43.0687641" lon="-76.1122132">
  <tag k="addr:city" v="Syracuse"/>
  <tag k="addr:housenumber" v="2457"/>
  <tag k="addr:postcode" v="13206"/>
  <tag k="addr:state" v="NY"/>
  <tag k="addr:street" v="James Street"/>
  <tag k="nysgissam:nysaddresspointid" v="ONON000294"/>
 </node>
 <node id="8787521093" visible="true" version="1" changeset="105648031" timestamp="2021-06-01T00:19:41Z" user="nysgissam_dead10ck" uid="12470629" lat="43.0687267" lon="-76.1115546">
  <tag k="addr:city" v="Syracuse"/>
  <tag k="addr:housenumber" v="2513"/>
  <tag k="addr:postcode" v="13206"/>
  <tag k="addr:state" v="NY"/>
  <tag k="addr:street" v="James Street"/>
  <tag k="nysgissam:nysaddresspointid" v="ONON116268"/>
 </node>
 <node id="8787521470" visible="true" version="2" changeset="188642454" timestamp="2026-09-06T22:40:29Z" user="nopeinomicon" uid="21426053" lat="43.0687442" lon="-76.1111284">
  <tag k="addr:city" v="Syracuse"/>
  <tag k="addr:housenumber" v="2529"/>
  <tag k="addr:postcode" v="13206"/>
  <tag k="addr:state" v="NY"/>
  <tag k="addr:street" v="James Street"/>
  <tag k="amenity" v="bar"/>
  <tag k="contact:facebook" v="https://www.facebook.com/chadwicks.barngrill/"/>
  <tag k="contact:instagram" v="https://www.instagram.com/bar_chadwicks/"/>
  <tag k="min_age" v="21"/>
  <tag k="name" v="Chadwick's Sports Bar &amp; Grill"/>
  <tag k="nysgissam:nysaddresspointid" v="ONON015623"/>
  <tag k="phone" v="+1-315-431-0530"/>
 </node>
 <node id="8787522627" visible="true" version="1" changeset="105648031" timestamp="2021-06-01T00:19:41Z" user="nysgissam_dead10ck" uid="12470629" lat="43.0683781" lon="-76.1119946">
  <tag k="addr:city" v="Syracuse"/>
  <tag k="addr:housenumber" v="2450"/>
  <tag k="addr:postcode" v="13206"/>
  <tag k="addr:state" v="NY"/>
  <tag k="addr:street" v="James Street"/>
  <tag k="addr:unit" v="B"/>
  <tag k="nysgissam:nysaddresspointid" v="ONON184419"/>
 </node>
 <node id="8787522636" visible="true" version="1" changeset="105648031" timestamp="2021-06-01T00:19:41Z" user="nysgissam_dead10ck" uid="12470629" lat="43.0687610" lon="-76.1123331">
  <tag k="addr:city" v="Syracuse"/>
  <tag k="addr:housenumber" v="2449"/>
  <tag k="addr:postcode" v="13206"/>
  <tag k="addr:state" v="NY"/>
  <tag k="addr:street" v="James Street"/>
  <tag k="nysgissam:nysaddresspointid" v="ONON138711"/>
 </node>
 <node id="8787522654" visible="true" version="2" changeset="166748628" timestamp="2025-05-25T19:22:59Z" user="jiojoiph5" uid="22074639" lat="43.0683834" lon="-76.1128858">
  <tag k="addr:city" v="Syracuse"/>
  <tag k="addr:housenumber" v="2390"/>
  <tag k="addr:postcode" v="13206"/>
  <tag k="addr:state" v="NY"/>
  <tag k="addr:street" v="James Street"/>
  <tag k="name" v="Happy Hour Vintage"/>
  <tag k="nysgissam:nysaddresspointid" v="ONON065094"/>
  <tag k="opening_hours" v="We-Fr 16:00-20:00; Sa-Su 12:00-18:00; Mo-Tu off"/>
  <tag k="payment:cash" v="yes"/>
  <tag k="payment:contactless" v="yes"/>
  <tag k="payment:credit_cards" v="yes"/>
  <tag k="payment:debit_cards" v="yes"/>
  <tag k="phone" v="+1-315-214-5821"/>
  <tag k="second_hand" v="only"/>
  <tag k="shop" v="clothes"/>
  <tag k="website" v="https://www.happyhourvintagesyr.com"/>
 </node>
 <node id="8787522939" visible="true" version="1" changeset="105648031" timestamp="2021-06-01T00:19:41Z" user="nysgissam_dead10ck" uid="12470629" lat="43.0687410" lon="-76.1132050">
  <tag k="addr:city" v="Syracuse"/>
  <tag k="addr:housenumber" v="2401"/>
  <tag k="addr:postcode" v="13206"/>
  <tag k="addr:state" v="NY"/>
  <tag k="addr:street" v="James Street"/>
  <tag k="nysgissam:nysaddresspointid" v="ONON004720"/>
 </node>
 <node id="8787523489" visible="true" version="1" changeset="105648031" timestamp="2021-06-01T00:19:41Z" user="nysgissam_dead10ck" uid="12470629" lat="43.0687643" lon="-76.1121886">
  <tag k="addr:city" v="Syracuse"/>
  <tag k="addr:housenumber" v="2459"/>
  <tag k="addr:postcode" v="13206"/>
  <tag k="addr:state" v="NY"/>
  <tag k="addr:street" v="James Street"/>
  <tag k="nysgissam:nysaddresspointid" v="ONON015123"/>
 </node>
 <node id="8787530074" visible="true" version="1" changeset="105648044" timestamp="2021-06-01T00:20:32Z" user="nysgissam_dead10ck" uid="12470629" lat="43.0672131" lon="-76.1115101">
  <tag k="addr:city" v="Syracuse"/>
  <tag k="addr:housenumber" v="146"/>
  <tag k="addr:postcode" v="13206"/>
  <tag k="addr:state" v="NY"/>
  <tag k="addr:street" v="Forest Hill Drive"/>
  <tag k="nysgissam:nysaddresspointid" v="ONON126955"/>
 </node>
 <node id="8787530543" visible="true" version="1" changeset="105648044" timestamp="2021-06-01T00:20:32Z" user="nysgissam_dead10ck" uid="12470629" lat="43.0672855" lon="-76.1128243">
  <tag k="addr:city" v="Syracuse"/>
  <tag k="addr:housenumber" v="140"/>
  <tag k="addr:postcode" v="13206"/>
  <tag k="addr:state" v="NY"/>
  <tag k="addr:street" v="Stafford Avenue"/>
  <tag k="nysgissam:nysaddresspointid" v="ONON151639"/>
 </node>
 <node id="8787532060" visible="true" version="1" changeset="105648044" timestamp="2021-06-01T00:20:32Z" user="nysgissam_dead10ck" uid="12470629" lat="43.0697945" lon="-76.1114096">
  <tag k="addr:city" v="Syracuse"/>
  <tag k="addr:housenumber" v="216"/>
  <tag k="addr:postcode" v="13206"/>
  <tag k="addr:state" v="NY"/>
  <tag k="addr:street" v="Arnett Avenue"/>
  <tag k="nysgissam:nysaddresspointid" v="ONON047304"/>
 </node>
 <node id="8787536158" visible="true" version="1" changeset="105648055" timestamp="2021-06-01T00:21:01Z" user="nysgissam_dead10ck" uid="12470629" lat="43.0671885" lon="-76.1128108">
  <tag k="addr:city" v="Syracuse"/>
  <tag k="addr:housenumber" v="144"/>
  <tag k="addr:postcode" v="13206"/>
  <tag k="addr:state" v="NY"/>
  <tag k="addr:street" v="Stafford Avenue"/>
  <tag k="nysgissam:nysaddresspointid" v="ONON139021"/>
 </node>
 <node id="8787545228" visible="true" version="1" changeset="105648061" timestamp="2021-06-01T00:21:10Z" user="nysgissam_dead10ck" uid="12470629" lat="43.0697675" lon="-76.1129733">
  <tag k="addr:city" v="Syracuse"/>
  <tag k="addr:housenumber" v="100"/>
  <tag k="addr:postcode" v="13206"/>
  <tag k="addr:state" v="NY"/>
  <tag k="addr:street" v="Arnett Avenue"/>
  <tag k="nysgissam:nysaddresspointid" v="ONON017950"/>
 </node>
 <node id="8787546921" visible="true" version="1" changeset="105648061" timestamp="2021-06-01T00:21:10Z" user="nysgissam_dead10ck" uid="12470629" lat="43.0675086" lon="-76.1124441">
  <tag k="addr:city" v="Syracuse"/>
  <tag k="addr:housenumber" v="133"/>
  <tag k="addr:postcode" v="13206"/>
  <tag k="addr:state" v="NY"/>
  <tag k="addr:street" v="Stafford Avenue"/>
  <tag k="nysgissam:nysaddresspointid" v="ONON146746"/>
 </node>
 <node id="8787547586" visible="true" version="1" changeset="105648061" timestamp="2021-06-01T00:21:10Z" user="nysgissam_dead10ck" uid="12470629" lat="43.0695017" lon="-76.1136523">
  <tag k="addr:city" v="Syracuse"/>
  <tag k="addr:housenumber" v="133"/>
  <tag k="addr:postcode" v="13206"/>
  <tag k="addr:state" v="NY"/>
  <tag k="addr:street" v="North Avenue"/>
  <tag k="nysgissam:nysaddresspointid" v="ONON112068"/>
 </node>
 <node id="8787547651" visible="true" version="1" changeset="105648061" timestamp="2021-06-01T00:21:10Z" user="nysgissam_dead10ck" uid="12470629" lat="43.0672306" lon="-76.1123837">
  <tag k="addr:city" v="Syracuse"/>
  <tag k="addr:housenumber" v="143"/>
  <tag k="addr:postcode" v="13206"/>
  <tag k="addr:state" v="NY"/>
  <tag k="addr:street" v="Stafford Avenue"/>
  <tag k="nysgissam:nysaddresspointid" v="ONON180608"/>
 </node>
 <node id="8787549822" visible="true" version="1" changeset="105648061" timestamp="2021-06-01T00:21:10Z" user="nysgissam_dead10ck" uid="12470629" lat="43.0673656" lon="-76.1115284">
  <tag k="addr:city" v="Syracuse"/>
  <tag k="addr:housenumber" v="140"/>
  <tag k="addr:postcode" v="13206"/>
  <tag k="addr:state" v="NY"/>
  <tag k="addr:street" v="Forest Hill Drive"/>
  <tag k="nysgissam:nysaddresspointid" v="ONON171951"/>
 </node>
 <node id="8787552302" visible="true" version="1" changeset="105648061" timestamp="2021-06-01T00:21:10Z" user="nysgissam_dead10ck" uid="12470629" lat="43.0671912" lon="-76.1123887">
  <tag k="addr:city" v="Syracuse"/>
  <tag k="addr:housenumber" v="145"/>
  <tag k="addr:postcode" v="13206"/>
  <tag k="addr:state" v="NY"/>
  <tag k="addr:street" v="Stafford Avenue"/>
  <tag k="nysgissam:nysaddresspointid" v="ONON064950"/>
 </node>
 <node id="8787566733" visible="true" version="1" changeset="105648068" timestamp="2021-06-01T00:21:29Z" user="nysgissam_dead10ck" uid="12470629" lat="43.0677802" lon="-76.1115609">
  <tag k="addr:city" v="Syracuse"/>
  <tag k="addr:housenumber" v="126"/>
  <tag k="addr:postcode" v="13206"/>
  <tag k="addr:state" v="NY"/>
  <tag k="addr:street" v="Forest Hill Drive"/>
  <tag k="nysgissam:nysaddresspointid" v="ONON103149"/>
 </node>
 <node id="8787566878" visible="true" version="1" changeset="105648068" timestamp="2021-06-01T00:21:29Z" user="nysgissam_dead10ck" uid="12470629" lat="43.0696079" lon="-76.1136557">
  <tag k="addr:city" v="Syracuse"/>
  <tag k="addr:housenumber" v="135"/>
  <tag k="addr:postcode" v="13206"/>
  <tag k="addr:state" v="NY"/>
  <tag k="addr:street" v="North Avenue"/>
  <tag k="nysgissam:nysaddresspointid" v="ONON097292"/>
 </node>
 <node id="8787571900" visible="true" version="1" changeset="105648068" timestamp="2021-06-01T00:21:29Z" user="nysgissam_dead10ck" uid="12470629" lat="43.0675550" lon="-76.1115399">
  <tag k="addr:city" v="Syracuse"/>
  <tag k="addr:housenumber" v="132"/>
  <tag k="addr:postcode" v="13206"/>
  <tag k="addr:state" v="NY"/>
  <tag k="addr:street" v="Forest Hill Drive"/>
  <tag k="nysgissam:nysaddresspointid" v="ONON114230"/>
 </node>
 <node id="8787574547" visible="true" version="1" changeset="105648071" timestamp="2021-06-01T00:21:39Z" user="nysgissam_dead10ck" uid="12470629" lat="43.0672595" lon="-76.1115113">
  <tag k="addr:city" v="Syracuse"/>
  <tag k="addr:housenumber" v="144"/>
  <tag k="addr:postcode" v="13206"/>
  <tag k="addr:state" v="NY"/>
  <tag k="addr:street" v="Forest Hill Drive"/>
  <tag k="nysgissam:nysaddresspointid" v="ONON001723"/>
 </node>
 <node id="8787576155" visible="true" version="1" changeset="105648071" timestamp="2021-06-01T00:21:39Z" user="nysgissam_dead10ck" uid="12470629" lat="43.0672306" lon="-76.1123837">
  <tag k="addr:city" v="Syracuse"/>
  <tag k="addr:housenumber" v="139"/>
  <tag k="addr:postcode" v="13206"/>
  <tag k="addr:state" v="NY"/>
  <tag k="addr:street" v="Stafford Avenue"/>
  <tag k="nysgissam:nysaddresspointid" v="ONON172133"/>
 </node>
 <node id="8787577694" visible="true" version="1" changeset="105648071" timestamp="2021-06-01T00:21:39Z" user="nysgissam_dead10ck" uid="12470629" lat="43.0679555" lon="-76.1136464">
  <tag k="addr:city" v="Syracuse"/>
  <tag k="addr:housenumber" v="115"/>
  <tag k="addr:postcode" v="13206"/>
  <tag k="addr:state" v="NY"/>
  <tag k="addr:street" v="Hickok Avenue"/>
  <tag k="nysgissam:nysaddresspointid" v="ONON130449"/>
 </node>
 <node id="8787577828" visible="true" version="1" changeset="105648071" timestamp="2021-06-01T00:21:39Z" user="nysgissam_dead10ck" uid="12470629" lat="43.0673930" lon="-76.1128533">
  <tag k="addr:city" v="Syracuse"/>
  <tag k="addr:housenumber" v="136"/>
  <tag k="addr:postcode" v="13206"/>
  <tag k="addr:state" v="NY"/>
  <tag k="addr:street" v="Stafford Avenue"/>
  <tag k="nysgissam:nysaddresspointid" v="ONON017857"/>
 </node>
 <node id="8787578358" visible="true" version="1" changeset="105648071" timestamp="2021-06-01T00:21:39Z" user="nysgissam_dead10ck" uid="12470629" lat="43.0692641" lon="-76.1131857">
  <tag k="addr:city" v="Syracuse"/>
  <tag k="addr:housenumber" v="120"/>
  <tag k="addr:postcode" v="13206"/>
  <tag k="addr:state" v="NY"/>
  <tag k="addr:street" v="North Avenue"/>
  <tag k="nysgissam:nysaddresspointid" v="ONON105518"/>
 </node>
 <node id="8787578420" visible="true" version="1" changeset="105648071" timestamp="2021-06-01T00:21:39Z" user="nysgissam_dead10ck" uid="12470629" lat="43.0697965" lon="-76.1113686">
  <tag k="addr:city" v="Syracuse"/>
  <tag k="addr:housenumber" v="218"/>
  <tag k="addr:postcode" v="13206"/>
  <tag k="addr:state" v="NY"/>
  <tag k="addr:street" v="Arnett Avenue"/>
  <tag k="nysgissam:nysaddresspointid" v="ONON114388"/>
 </node>
 <node id="8787579344" visible="true" version="1" changeset="105648071" timestamp="2021-06-01T00:21:39Z" user="nysgissam_dead10ck" uid="12470629" lat="43.0693826" lon="-76.1136353">
  <tag k="addr:city" v="Syracuse"/>
  <tag k="addr:housenumber" v="127"/>
  <tag k="addr:postcode" v="13206"/>
  <tag k="addr:state" v="NY"/>
  <tag k="addr:street" v="North Avenue"/>
  <tag k="nysgissam:nysaddresspointid" v="ONON132566"/>
 </node>
 <node id="8787579862" visible="true" version="1" changeset="105648071" timestamp="2021-06-01T00:21:39Z" user="nysgissam_dead10ck" uid="12470629" lat="43.0699635" lon="-76.1132482">
  <tag k="addr:city" v="Syracuse"/>
  <tag k="addr:housenumber" v="200"/>
  <tag k="addr:postcode" v="13206"/>
  <tag k="addr:state" v="NY"/>
  <tag k="addr:street" v="North Avenue"/>
  <tag k="nysgissam:nysaddresspointid" v="ONON167837"/>
 </node>
 <node id="8787579957" visible="true" version="1" changeset="105648071" timestamp="2021-06-01T00:21:39Z" user="nysgissam_dead10ck" uid="12470629" lat="43.0675128" lon="-76.1137374">
  <tag k="addr:city" v="Syracuse"/>
  <tag k="addr:housenumber" v="131"/>
  <tag k="addr:postcode" v="13206"/>
  <tag k="addr:state" v="NY"/>
  <tag k="addr:street" v="Hickok Avenue"/>
  <tag k="nysgissam:nysaddresspointid" v="ONON177932"/>
 </node>
 <node id="8787585850" visible="true" version="1" changeset="105648076" timestamp="2021-06-01T00:21:48Z" user="nysgissam_dead10ck" uid="12470629" lat="43.0676624" lon="-76.1137888">
  <tag k="addr:city" v="Syracuse"/>
  <tag k="addr:housenumber" v="125"/>
  <tag k="addr:postcode" v="13206"/>
  <tag k="addr:state" v="NY"/>
  <tag k="addr:street" v="Hickok Avenue"/>
  <tag k="nysgissam:nysaddresspointid" v="ONON119624"/>
 </node>
 <node id="8787590781" visible="true" version="1" changeset="105648076" timestamp="2021-06-01T00:21:48Z" user="nysgissam_dead10ck" uid="12470629" lat="43.0697979" lon="-76.1112049">
  <tag k="addr:city" v="Syracuse"/>
  <tag k="addr:housenumber" v="222"/>
  <tag k="addr:postcode" v="13206"/>
  <tag k="addr:state" v="NY"/>
  <tag k="addr:street" v="Arnett Avenue"/>
  <tag k="nysgissam:nysaddresspointid" v="ONON082946"/>
 </node>
 <node id="8787591501" visible="true" version="1" changeset="105648076" timestamp="2021-06-01T00:21:48Z" user="nysgissam_dead10ck" uid="12470629" lat="43.0697833" lon="-76.1128666">
  <tag k="addr:city" v="Syracuse"/>
  <tag k="addr:housenumber" v="106"/>
  <tag k="addr:postcode" v="13206"/>
  <tag k="addr:state" v="NY"/>
  <tag k="addr:street" v="Arnett Avenue"/>
  <tag k="nysgissam:nysaddresspointid" v="ONON042508"/>
 </node>
 <node id="8787591991" visible="true" version="1" changeset="105648076" timestamp="2021-06-01T00:21:48Z" user="nysgissam_dead10ck" uid="12470629" lat="43.0676849" lon="-76.1115487">
  <tag k="addr:city" v="Syracuse"/>
  <tag k="addr:housenumber" v="128"/>
  <tag k="addr:postcode" v="13206"/>
  <tag k="addr:state" v="NY"/>
  <tag k="addr:street" v="Forest Hill Drive"/>
  <tag k="nysgissam:nysaddresspointid" v="ONON149961"/>
 </node>
 <node id="8787594398" visible="true" version="1" changeset="105648079" timestamp="2021-06-01T00:22:03Z" user="nysgissam_dead10ck" uid="12470629" lat="43.0684986" lon="-76.1119238">
  <tag k="addr:city" v="Syracuse"/>
  <tag k="addr:housenumber" v="2430"/>
  <tag k="addr:postcode" v="13206"/>
  <tag k="addr:state" v="NY"/>
  <tag k="addr:street" v="James Street"/>
  <tag k="nysgissam:nysaddresspointid" v="ONON083823"/>
 </node>
 <node id="8787600203" visible="true" version="1" changeset="105648079" timestamp="2021-06-01T00:22:03Z" user="nysgissam_dead10ck" uid="12470629" lat="43.0679960" lon="-76.1110493">
  <tag k="addr:city" v="Syracuse"/>
  <tag k="addr:housenumber" v="117"/>
  <tag k="addr:postcode" v="13206"/>
  <tag k="addr:state" v="NY"/>
  <tag k="addr:street" v="Forest Hill Drive"/>
  <tag k="nysgissam:nysaddresspointid" v="ONON178163"/>
 </node>
 <node id="8787600529" visible="true" version="1" changeset="105648079" timestamp="2021-06-01T00:22:03Z" user="nysgissam_dead10ck" uid="12470629" lat="43.0699473" lon="-76.1136976">
  <tag k="addr:city" v="Syracuse"/>
  <tag k="addr:housenumber" v="201"/>
  <tag k="addr:postcode" v="13206"/>
  <tag k="addr:state" v="NY"/>
  <tag k="addr:street" v="North Avenue"/>
  <tag k="nysgissam:nysaddresspointid" v="ONON068767"/>
 </node>
 <node id="9877825041" visible="true" version="1" changeset="123417829" timestamp="2022-07-10T02:20:13Z" user="import_jarnold" uid="12601187" lat="43.0696546" lon="-76.1130140"/>
 <node id="9877825042" visible="true" version="1" changeset="123417829" timestamp="2022-07-10T02:20:13Z" user="import_jarnold" uid="12601187" lat="43.0696581" lon="-76.1129524"/>
 <node id="9877825043" visible="true" version="1" changeset="123417829" timestamp="2022-07-10T02:20:13Z" user="import_jarnold" uid="12601187" lat="43.0696891" lon="-76.1129557"/>
 <node id="9877825044" visible="true" version="1" changeset="123417829" timestamp="2022-07-10T02:20:13Z" user="import_jarnold" uid="12601187" lat="43.0696896" lon="-76.1129465"/>
 <node id="9877825045" visible="true" version="1" changeset="123417829" timestamp="2022-07-10T02:20:13Z" user="import_jarnold" uid="12601187" lat="43.0697967" lon="-76.1129579"/>
 <node id="9877825046" visible="true" version="1" changeset="123417829" timestamp="2022-07-10T02:20:13Z" user="import_jarnold" uid="12601187" lat="43.0697927" lon="-76.1130287"/>
 <node id="9877830132" visible="true" version="1" changeset="123417829" timestamp="2022-07-10T02:20:13Z" user="import_jarnold" uid="12601187" lat="43.0691323" lon="-76.1115839"/>
 <node id="9877830133" visible="true" version="1" changeset="123417829" timestamp="2022-07-10T02:20:13Z" user="import_jarnold" uid="12601187" lat="43.0691343" lon="-76.1115390"/>
 <node id="9877830134" visible="true" version="1" changeset="123417829" timestamp="2022-07-10T02:20:13Z" user="import_jarnold" uid="12601187" lat="43.0692170" lon="-76.1115456"/>
 <node id="9877830135" visible="true" version="1" changeset="123417829" timestamp="2022-07-10T02:20:13Z" user="import_jarnold" uid="12601187" lat="43.0692150" lon="-76.1115905"/>
 <node id="9877830136" visible="true" version="1" changeset="123417829" timestamp="2022-07-10T02:20:13Z" user="import_jarnold" uid="12601187" lat="43.0691273" lon="-76.1119102"/>
 <node id="9877830137" visible="true" version="1" changeset="123417829" timestamp="2022-07-10T02:20:13Z" user="import_jarnold" uid="12601187" lat="43.0691374" lon="-76.1117264"/>
 <node id="9877830138" visible="true" version="1" changeset="123417829" timestamp="2022-07-10T02:20:13Z" user="import_jarnold" uid="12601187" lat="43.0691728" lon="-76.1117300"/>
 <node id="9877830139" visible="true" version="1" changeset="123417829" timestamp="2022-07-10T02:20:13Z" user="import_jarnold" uid="12601187" lat="43.0691707" lon="-76.1117688"/>
 <node id="9877830140" visible="true" version="1" changeset="123417829" timestamp="2022-07-10T02:20:13Z" user="import_jarnold" uid="12601187" lat="43.0692066" lon="-76.1117724"/>
 <node id="9877830141" visible="true" version="1" changeset="123417829" timestamp="2022-07-10T02:20:13Z" user="import_jarnold" uid="12601187" lat="43.0691987" lon="-76.1119175"/>
 <node id="9877835366" visible="true" version="1" changeset="123417832" timestamp="2022-07-10T02:20:18Z" user="import_jarnold" uid="12601187" lat="43.0698823" lon="-76.1139985"/>
 <node id="9877835367" visible="true" version="1" changeset="123417832" timestamp="2022-07-10T02:20:18Z" user="import_jarnold" uid="12601187" lat="43.0698867" lon="-76.1139235"/>
 <node id="9877835368" visible="true" version="1" changeset="123417832" timestamp="2022-07-10T02:20:18Z" user="import_jarnold" uid="12601187" lat="43.0699303" lon="-76.1139283"/>
 <node id="9877835369" visible="true" version="1" changeset="123417832" timestamp="2022-07-10T02:20:18Z" user="import_jarnold" uid="12601187" lat="43.0699259" lon="-76.1140033"/>
 <node id="9877845051" visible="true" version="1" changeset="123417834" timestamp="2022-07-10T02:20:22Z" user="import_jarnold" uid="12601187" lat="43.0670157" lon="-76.1114547"/>
 <node id="9877845052" visible="true" version="1" changeset="123417834" timestamp="2022-07-10T02:20:22Z" user="import_jarnold" uid="12601187" lat="43.0670162" lon="-76.1114441"/>
 <node id="9877845053" visible="true" version="1" changeset="123417834" timestamp="2022-07-10T02:20:22Z" user="import_jarnold" uid="12601187" lat="43.0670335" lon="-76.1114455"/>
 <node id="9877845054" visible="true" version="1" changeset="123417834" timestamp="2022-07-10T02:20:22Z" user="import_jarnold" uid="12601187" lat="43.0670330" lon="-76.1114562"/>
 <node id="9877845055" visible="true" version="1" changeset="123417834" timestamp="2022-07-10T02:20:22Z" user="import_jarnold" uid="12601187" lat="43.0670627" lon="-76.1114586"/>
 <node id="9877845056" visible="true" version="1" changeset="123417834" timestamp="2022-07-10T02:20:22Z" user="import_jarnold" uid="12601187" lat="43.0670604" lon="-76.1115123"/>
 <node id="9877845057" visible="true" version="1" changeset="123417834" timestamp="2022-07-10T02:20:22Z" user="import_jarnold" uid="12601187" lat="43.0670678" lon="-76.1115129"/>
 <node id="9877845058" visible="true" version="1" changeset="123417834" timestamp="2022-07-10T02:20:22Z" user="import_jarnold" uid="12601187" lat="43.0670660" lon="-76.1115536"/>
 <node id="9877845059" visible="true" version="1" changeset="123417834" timestamp="2022-07-10T02:20:22Z" user="import_jarnold" uid="12601187" lat="43.0670616" lon="-76.1115532"/>
 <node id="9877845060" visible="true" version="1" changeset="123417834" timestamp="2022-07-10T02:20:22Z" user="import_jarnold" uid="12601187" lat="43.0670594" lon="-76.1116040"/>
 <node id="9877845061" visible="true" version="1" changeset="123417834" timestamp="2022-07-10T02:20:22Z" user="import_jarnold" uid="12601187" lat="43.0669708" lon="-76.1115968"/>
 <node id="9877845062" visible="true" version="1" changeset="123417834" timestamp="2022-07-10T02:20:22Z" user="import_jarnold" uid="12601187" lat="43.0669770" lon="-76.1114516"/>
 <node id="9877845063" visible="true" version="1" changeset="123417834" timestamp="2022-07-10T02:20:22Z" user="import_jarnold" uid="12601187" lat="43.0671113" lon="-76.1119062"/>
 <node id="9877845064" visible="true" version="1" changeset="123417834" timestamp="2022-07-10T02:20:22Z" user="import_jarnold" uid="12601187" lat="43.0670499" lon="-76.1119023"/>
 <node id="9877845065" visible="true" version="1" changeset="123417834" timestamp="2022-07-10T02:20:22Z" user="import_jarnold" uid="12601187" lat="43.0670529" lon="-76.1118147"/>
 <node id="9877845066" visible="true" version="1" changeset="123417834" timestamp="2022-07-10T02:20:22Z" user="import_jarnold" uid="12601187" lat="43.0671143" lon="-76.1118187"/>
 <node id="9877845067" visible="true" version="1" changeset="123417834" timestamp="2022-07-10T02:20:22Z" user="import_jarnold" uid="12601187" lat="43.0671688" lon="-76.1119168"/>
 <node id="9877845068" visible="true" version="1" changeset="123417834" timestamp="2022-07-10T02:20:22Z" user="import_jarnold" uid="12601187" lat="43.0671128" lon="-76.1119111"/>
 <node id="9877845069" visible="true" version="1" changeset="123417834" timestamp="2022-07-10T02:20:22Z" user="import_jarnold" uid="12601187" lat="43.0671174" lon="-76.1118280"/>
 <node id="9877845070" visible="true" version="1" changeset="123417834" timestamp="2022-07-10T02:20:22Z" user="import_jarnold" uid="12601187" lat="43.0671734" lon="-76.1118338"/>
 <node id="9877845113" visible="true" version="1" changeset="123417834" timestamp="2022-07-10T02:20:22Z" user="import_jarnold" uid="12601187" lat="43.0677330" lon="-76.1110294"/>
 <node id="9877845114" visible="true" version="1" changeset="123417834" timestamp="2022-07-10T02:20:22Z" user="import_jarnold" uid="12601187" lat="43.0677437" lon="-76.1108052"/>
 <node id="9877845115" visible="true" version="1" changeset="123417834" timestamp="2022-07-10T02:20:22Z" user="import_jarnold" uid="12601187" lat="43.0678172" lon="-76.1108117"/>
 <node id="9877845116" visible="true" version="1" changeset="123417834" timestamp="2022-07-10T02:20:22Z" user="import_jarnold" uid="12601187" lat="43.0678161" lon="-76.1108351"/>
 <node id="9877845117" visible="true" version="1" changeset="123417834" timestamp="2022-07-10T02:20:22Z" user="import_jarnold" uid="12601187" lat="43.0678290" lon="-76.1108362"/>
 <node id="9877845118" visible="true" version="1" changeset="123417834" timestamp="2022-07-10T02:20:22Z" user="import_jarnold" uid="12601187" lat="43.0678269" lon="-76.1108816"/>
 <node id="9877845119" visible="true" version="1" changeset="123417834" timestamp="2022-07-10T02:20:22Z" user="import_jarnold" uid="12601187" lat="43.0678361" lon="-76.1108824"/>
 <node id="9877845120" visible="true" version="1" changeset="123417834" timestamp="2022-07-10T02:20:22Z" user="import_jarnold" uid="12601187" lat="43.0678347" lon="-76.1109135"/>
 <node id="9877845121" visible="true" version="1" changeset="123417834" timestamp="2022-07-10T02:20:22Z" user="import_jarnold" uid="12601187" lat="43.0678153" lon="-76.1109117"/>
 <node id="9877845122" visible="true" version="1" changeset="123417834" timestamp="2022-07-10T02:20:22Z" user="import_jarnold" uid="12601187" lat="43.0678137" lon="-76.1109442"/>
 <node id="9877845123" visible="true" version="1" changeset="123417834" timestamp="2022-07-10T02:20:22Z" user="import_jarnold" uid="12601187" lat="43.0678096" lon="-76.1109438"/>
 <node id="9877845124" visible="true" version="1" changeset="123417834" timestamp="2022-07-10T02:20:22Z" user="import_jarnold" uid="12601187" lat="43.0678052" lon="-76.1110358"/>
 <node id="9877845485" visible="true" version="1" changeset="123417834" timestamp="2022-07-10T02:20:22Z" user="import_jarnold" uid="12601187" lat="43.0697006" lon="-76.1114855"/>
 <node id="9877845486" visible="true" version="1" changeset="123417834" timestamp="2022-07-10T02:20:22Z" user="import_jarnold" uid="12601187" lat="43.0698296" lon="-76.1114961"/>
 <node id="9877845487" visible="true" version="1" changeset="123417834" timestamp="2022-07-10T02:20:22Z" user="import_jarnold" uid="12601187" lat="43.0698253" lon="-76.1115927"/>
 <node id="9877845488" visible="true" version="1" changeset="123417834" timestamp="2022-07-10T02:20:22Z" user="import_jarnold" uid="12601187" lat="43.0697821" lon="-76.1115892"/>
 <node id="9877845489" visible="true" version="1" changeset="123417834" timestamp="2022-07-10T02:20:22Z" user="import_jarnold" uid="12601187" lat="43.0697815" lon="-76.1116020"/>
 <node id="9877845490" visible="true" version="1" changeset="123417834" timestamp="2022-07-10T02:20:22Z" user="import_jarnold" uid="12601187" lat="43.0696958" lon="-76.1115950"/>
 <node id="9877851745" visible="true" version="1" changeset="123417834" timestamp="2022-07-10T02:20:22Z" user="import_jarnold" uid="12601187" lat="43.0694645" lon="-76.1119200"/>
 <node id="9877851746" visible="true" version="1" changeset="123417834" timestamp="2022-07-10T02:20:22Z" user="import_jarnold" uid="12601187" lat="43.0694736" lon="-76.1117349"/>
 <node id="9877851747" visible="true" version="1" changeset="123417834" timestamp="2022-07-10T02:20:22Z" user="import_jarnold" uid="12601187" lat="43.0694814" lon="-76.1117356"/>
 <node id="9877851748" visible="true" version="1" changeset="123417834" timestamp="2022-07-10T02:20:22Z" user="import_jarnold" uid="12601187" lat="43.0694824" lon="-76.1117145"/>
 <node id="9877851749" visible="true" version="1" changeset="123417834" timestamp="2022-07-10T02:20:22Z" user="import_jarnold" uid="12601187" lat="43.0695178" lon="-76.1117178"/>
 <node id="9877851750" visible="true" version="1" changeset="123417834" timestamp="2022-07-10T02:20:22Z" user="import_jarnold" uid="12601187" lat="43.0695168" lon="-76.1117383"/>
 <node id="9877851751" visible="true" version="1" changeset="123417834" timestamp="2022-07-10T02:20:22Z" user="import_jarnold" uid="12601187" lat="43.0695373" lon="-76.1117402"/>
 <node id="9877851752" visible="true" version="1" changeset="123417834" timestamp="2022-07-10T02:20:22Z" user="import_jarnold" uid="12601187" lat="43.0695295" lon="-76.1119002"/>
 <node id="9877851753" visible="true" version="1" changeset="123417834" timestamp="2022-07-10T02:20:22Z" user="import_jarnold" uid="12601187" lat="43.0695260" lon="-76.1118999"/>
 <node id="9877851754" visible="true" version="1" changeset="123417834" timestamp="2022-07-10T02:20:22Z" user="import_jarnold" uid="12601187" lat="43.0695247" lon="-76.1119255"/>
 <node id="9877858919" visible="true" version="1" changeset="123417835" timestamp="2022-07-10T02:20:27Z" user="import_jarnold" uid="12601187" lat="43.0695404" lon="-76.1117325"/>
 <node id="9877858920" visible="true" version="1" changeset="123417835" timestamp="2022-07-10T02:20:27Z" user="import_jarnold" uid="12601187" lat="43.0695448" lon="-76.1116337"/>
 <node id="9877858921" visible="true" version="1" changeset="123417835" timestamp="2022-07-10T02:20:27Z" user="import_jarnold" uid="12601187" lat="43.0696330" lon="-76.1116409"/>
 <node id="9877858922" visible="true" version="1" changeset="123417835" timestamp="2022-07-10T02:20:27Z" user="import_jarnold" uid="12601187" lat="43.0696286" lon="-76.1117397"/>
 <node id="9877858923" visible="true" version="1" changeset="123417835" timestamp="2022-07-10T02:20:27Z" user="import_jarnold" uid="12601187" lat="43.0696175" lon="-76.1119429"/>
 <node id="9877858924" visible="true" version="1" changeset="123417835" timestamp="2022-07-10T02:20:27Z" user="import_jarnold" uid="12601187" lat="43.0696204" lon="-76.1118831"/>
 <node id="9877858925" visible="true" version="1" changeset="123417835" timestamp="2022-07-10T02:20:27Z" user="import_jarnold" uid="12601187" lat="43.0696082" lon="-76.1118820"/>
 <node id="9877858926" visible="true" version="1" changeset="123417835" timestamp="2022-07-10T02:20:27Z" user="import_jarnold" uid="12601187" lat="43.0696139" lon="-76.1117658"/>
 <node id="9877858927" visible="true" version="1" changeset="123417835" timestamp="2022-07-10T02:20:27Z" user="import_jarnold" uid="12601187" lat="43.0696440" lon="-76.1117686"/>
 <node id="9877858928" visible="true" version="1" changeset="123417835" timestamp="2022-07-10T02:20:27Z" user="import_jarnold" uid="12601187" lat="43.0696458" lon="-76.1117317"/>
 <node id="9877858929" visible="true" version="1" changeset="123417835" timestamp="2022-07-10T02:20:27Z" user="import_jarnold" uid="12601187" lat="43.0696800" lon="-76.1117349"/>
 <node id="9877858930" visible="true" version="1" changeset="123417835" timestamp="2022-07-10T02:20:27Z" user="import_jarnold" uid="12601187" lat="43.0696782" lon="-76.1117710"/>
 <node id="9877858931" visible="true" version="1" changeset="123417835" timestamp="2022-07-10T02:20:27Z" user="import_jarnold" uid="12601187" lat="43.0696964" lon="-76.1117726"/>
 <node id="9877858932" visible="true" version="1" changeset="123417835" timestamp="2022-07-10T02:20:27Z" user="import_jarnold" uid="12601187" lat="43.0696878" lon="-76.1119493"/>
 <node id="9877866964" visible="true" version="1" changeset="123417837" timestamp="2022-07-10T02:20:31Z" user="import_jarnold" uid="12601187" lat="43.0670046" lon="-76.1119483"/>
 <node id="9877866965" visible="true" version="1" changeset="123417837" timestamp="2022-07-10T02:20:31Z" user="import_jarnold" uid="12601187" lat="43.0670450" lon="-76.1119523"/>
 <node id="9877866966" visible="true" version="1" changeset="123417837" timestamp="2022-07-10T02:20:31Z" user="import_jarnold" uid="12601187" lat="43.0670410" lon="-76.1120264"/>
 <node id="9877866967" visible="true" version="1" changeset="123417837" timestamp="2022-07-10T02:20:31Z" user="import_jarnold" uid="12601187" lat="43.0670007" lon="-76.1120224"/>
 <node id="9877866968" visible="true" version="1" changeset="123417837" timestamp="2022-07-10T02:20:31Z" user="import_jarnold" uid="12601187" lat="43.0669314" lon="-76.1124278"/>
 <node id="9877866969" visible="true" version="1" changeset="123417837" timestamp="2022-07-10T02:20:31Z" user="import_jarnold" uid="12601187" lat="43.0669409" lon="-76.1122492"/>
 <node id="9877866970" visible="true" version="1" changeset="123417837" timestamp="2022-07-10T02:20:31Z" user="import_jarnold" uid="12601187" lat="43.0669661" lon="-76.1122517"/>
 <node id="9877866971" visible="true" version="1" changeset="123417837" timestamp="2022-07-10T02:20:31Z" user="import_jarnold" uid="12601187" lat="43.0669673" lon="-76.1122306"/>
 <node id="9877866972" visible="true" version="1" changeset="123417837" timestamp="2022-07-10T02:20:31Z" user="import_jarnold" uid="12601187" lat="43.0670115" lon="-76.1122350"/>
 <node id="9877866973" visible="true" version="1" changeset="123417837" timestamp="2022-07-10T02:20:31Z" user="import_jarnold" uid="12601187" lat="43.0670104" lon="-76.1122552"/>
 <node id="9877866974" visible="true" version="1" changeset="123417837" timestamp="2022-07-10T02:20:31Z" user="import_jarnold" uid="12601187" lat="43.0670153" lon="-76.1122557"/>
 <node id="9877866975" visible="true" version="1" changeset="123417837" timestamp="2022-07-10T02:20:31Z" user="import_jarnold" uid="12601187" lat="43.0670058" lon="-76.1124352"/>
 <node id="9877875459" visible="true" version="1" changeset="123417838" timestamp="2022-07-10T02:20:36Z" user="import_jarnold" uid="12601187" lat="43.0692676" lon="-76.1124435"/>
 <node id="9877875460" visible="true" version="1" changeset="123417838" timestamp="2022-07-10T02:20:36Z" user="import_jarnold" uid="12601187" lat="43.0692776" lon="-76.1122391"/>
 <node id="9877875461" visible="true" version="1" changeset="123417838" timestamp="2022-07-10T02:20:36Z" user="import_jarnold" uid="12601187" lat="43.0693482" lon="-76.1122455"/>
 <node id="9877875462" visible="true" version="1" changeset="123417838" timestamp="2022-07-10T02:20:36Z" user="import_jarnold" uid="12601187" lat="43.0693450" lon="-76.1123112"/>
 <node id="9877875463" visible="true" version="1" changeset="123417838" timestamp="2022-07-10T02:20:36Z" user="import_jarnold" uid="12601187" lat="43.0693495" lon="-76.1123116"/>
 <node id="9877875464" visible="true" version="1" changeset="123417838" timestamp="2022-07-10T02:20:36Z" user="import_jarnold" uid="12601187" lat="43.0693468" lon="-76.1123673"/>
 <node id="9877875465" visible="true" version="1" changeset="123417838" timestamp="2022-07-10T02:20:36Z" user="import_jarnold" uid="12601187" lat="43.0693415" lon="-76.1123669"/>
 <node id="9877875466" visible="true" version="1" changeset="123417838" timestamp="2022-07-10T02:20:36Z" user="import_jarnold" uid="12601187" lat="43.0693375" lon="-76.1124498"/>
 <node id="9877875467" visible="true" version="1" changeset="123417838" timestamp="2022-07-10T02:20:36Z" user="import_jarnold" uid="12601187" lat="43.0692891" lon="-76.1126122"/>
 <node id="9877875468" visible="true" version="1" changeset="123417838" timestamp="2022-07-10T02:20:36Z" user="import_jarnold" uid="12601187" lat="43.0692348" lon="-76.1126059"/>
 <node id="9877875469" visible="true" version="1" changeset="123417838" timestamp="2022-07-10T02:20:36Z" user="import_jarnold" uid="12601187" lat="43.0692393" lon="-76.1125331"/>
 <node id="9877875470" visible="true" version="1" changeset="123417838" timestamp="2022-07-10T02:20:36Z" user="import_jarnold" uid="12601187" lat="43.0692937" lon="-76.1125395"/>
 <node id="9877879984" visible="true" version="1" changeset="123417838" timestamp="2022-07-10T02:20:36Z" user="import_jarnold" uid="12601187" lat="43.0697844" lon="-76.1114147"/>
 <node id="9877879985" visible="true" version="1" changeset="123417838" timestamp="2022-07-10T02:20:36Z" user="import_jarnold" uid="12601187" lat="43.0697834" lon="-76.1114299"/>
 <node id="9877879986" visible="true" version="1" changeset="123417838" timestamp="2022-07-10T02:20:36Z" user="import_jarnold" uid="12601187" lat="43.0696992" lon="-76.1114198"/>
 <node id="9877879987" visible="true" version="1" changeset="123417838" timestamp="2022-07-10T02:20:36Z" user="import_jarnold" uid="12601187" lat="43.0697065" lon="-76.1113066"/>
 <node id="9877879988" visible="true" version="1" changeset="123417838" timestamp="2022-07-10T02:20:36Z" user="import_jarnold" uid="12601187" lat="43.0698339" lon="-76.1113219"/>
 <node id="9877879989" visible="true" version="1" changeset="123417838" timestamp="2022-07-10T02:20:36Z" user="import_jarnold" uid="12601187" lat="43.0698276" lon="-76.1114199"/>
 <node id="9877891865" visible="true" version="1" changeset="123417839" timestamp="2022-07-10T02:20:41Z" user="import_jarnold" uid="12601187" lat="43.0697977" lon="-76.1119543"/>
 <node id="9877891866" visible="true" version="1" changeset="123417839" timestamp="2022-07-10T02:20:41Z" user="import_jarnold" uid="12601187" lat="43.0697920" lon="-76.1119596"/>
 <node id="9877891867" visible="true" version="1" changeset="123417839" timestamp="2022-07-10T02:20:41Z" user="import_jarnold" uid="12601187" lat="43.0697761" lon="-76.1119581"/>
 <node id="9877891868" visible="true" version="1" changeset="123417839" timestamp="2022-07-10T02:20:41Z" user="import_jarnold" uid="12601187" lat="43.0697714" lon="-76.1119520"/>
 <node id="9877891869" visible="true" version="1" changeset="123417839" timestamp="2022-07-10T02:20:41Z" user="import_jarnold" uid="12601187" lat="43.0697504" lon="-76.1119500"/>
 <node id="9877891870" visible="true" version="1" changeset="123417839" timestamp="2022-07-10T02:20:41Z" user="import_jarnold" uid="12601187" lat="43.0697534" lon="-76.1118907"/>
 <node id="9877891871" visible="true" version="1" changeset="123417839" timestamp="2022-07-10T02:20:41Z" user="import_jarnold" uid="12601187" lat="43.0697428" lon="-76.1118897"/>
 <node id="9877891872" visible="true" version="1" changeset="123417839" timestamp="2022-07-10T02:20:41Z" user="import_jarnold" uid="12601187" lat="43.0697486" lon="-76.1117747"/>
 <node id="9877891873" visible="true" version="1" changeset="123417839" timestamp="2022-07-10T02:20:41Z" user="import_jarnold" uid="12601187" lat="43.0698291" lon="-76.1117823"/>
 <node id="9877891874" visible="true" version="1" changeset="123417839" timestamp="2022-07-10T02:20:41Z" user="import_jarnold" uid="12601187" lat="43.0698203" lon="-76.1119565"/>
 <node id="9877897029" visible="true" version="1" changeset="123417840" timestamp="2022-07-10T02:20:45Z" user="import_jarnold" uid="12601187" lat="43.0699591" lon="-76.1138203"/>
 <node id="9877897030" visible="true" version="1" changeset="123417840" timestamp="2022-07-10T02:20:45Z" user="import_jarnold" uid="12601187" lat="43.0699587" lon="-76.1138328"/>
 <node id="9877897031" visible="true" version="1" changeset="123417840" timestamp="2022-07-10T02:20:45Z" user="import_jarnold" uid="12601187" lat="43.0699149" lon="-76.1138305"/>
 <node id="9877897032" visible="true" version="1" changeset="123417840" timestamp="2022-07-10T02:20:45Z" user="import_jarnold" uid="12601187" lat="43.0699193" lon="-76.1136734"/>
 <node id="9877897033" visible="true" version="1" changeset="123417840" timestamp="2022-07-10T02:20:45Z" user="import_jarnold" uid="12601187" lat="43.0700004" lon="-76.1136776"/>
 <node id="9877897034" visible="true" version="1" changeset="123417840" timestamp="2022-07-10T02:20:45Z" user="import_jarnold" uid="12601187" lat="43.0699964" lon="-76.1138223"/>
 <node id="9877897035" visible="true" version="1" changeset="123417840" timestamp="2022-07-10T02:20:45Z" user="import_jarnold" uid="12601187" lat="43.0699927" lon="-76.1140016"/>
 <node id="9877897036" visible="true" version="1" changeset="123417840" timestamp="2022-07-10T02:20:45Z" user="import_jarnold" uid="12601187" lat="43.0699976" lon="-76.1139175"/>
 <node id="9877897037" visible="true" version="1" changeset="123417840" timestamp="2022-07-10T02:20:45Z" user="import_jarnold" uid="12601187" lat="43.0700363" lon="-76.1139216"/>
 <node id="9877897038" visible="true" version="1" changeset="123417840" timestamp="2022-07-10T02:20:45Z" user="import_jarnold" uid="12601187" lat="43.0700315" lon="-76.1140058"/>
 <node id="9877905267" visible="true" version="1" changeset="123417841" timestamp="2022-07-10T02:20:50Z" user="import_jarnold" uid="12601187" lat="43.0673602" lon="-76.1117207"/>
 <node id="9877905268" visible="true" version="1" changeset="123417841" timestamp="2022-07-10T02:20:50Z" user="import_jarnold" uid="12601187" lat="43.0673591" lon="-76.1117485"/>
 <node id="9877905269" visible="true" version="1" changeset="123417841" timestamp="2022-07-10T02:20:50Z" user="import_jarnold" uid="12601187" lat="43.0673222" lon="-76.1117457"/>
 <node id="9877905270" visible="true" version="1" changeset="123417841" timestamp="2022-07-10T02:20:50Z" user="import_jarnold" uid="12601187" lat="43.0673232" lon="-76.1117223"/>
 <node id="9877905271" visible="true" version="1" changeset="123417841" timestamp="2022-07-10T02:20:50Z" user="import_jarnold" uid="12601187" lat="43.0672953" lon="-76.1117202"/>
 <node id="9877905272" visible="true" version="1" changeset="123417841" timestamp="2022-07-10T02:20:50Z" user="import_jarnold" uid="12601187" lat="43.0673052" lon="-76.1114818"/>
 <node id="9877905273" visible="true" version="1" changeset="123417841" timestamp="2022-07-10T02:20:50Z" user="import_jarnold" uid="12601187" lat="43.0673233" lon="-76.1114832"/>
 <node id="9877905274" visible="true" version="1" changeset="123417841" timestamp="2022-07-10T02:20:50Z" user="import_jarnold" uid="12601187" lat="43.0673235" lon="-76.1114766"/>
 <node id="9877905275" visible="true" version="1" changeset="123417841" timestamp="2022-07-10T02:20:50Z" user="import_jarnold" uid="12601187" lat="43.0673846" lon="-76.1114813"/>
 <node id="9877905276" visible="true" version="1" changeset="123417841" timestamp="2022-07-10T02:20:50Z" user="import_jarnold" uid="12601187" lat="43.0673805" lon="-76.1115797"/>
 <node id="9877905277" visible="true" version="1" changeset="123417841" timestamp="2022-07-10T02:20:50Z" user="import_jarnold" uid="12601187" lat="43.0673834" lon="-76.1115933"/>
 <node id="9877905278" visible="true" version="1" changeset="123417841" timestamp="2022-07-10T02:20:50Z" user="import_jarnold" uid="12601187" lat="43.0673826" lon="-76.1116111"/>
 <node id="9877905279" visible="true" version="1" changeset="123417841" timestamp="2022-07-10T02:20:50Z" user="import_jarnold" uid="12601187" lat="43.0673780" lon="-76.1116247"/>
 <node id="9877905280" visible="true" version="1" changeset="123417841" timestamp="2022-07-10T02:20:50Z" user="import_jarnold" uid="12601187" lat="43.0673740" lon="-76.1117218"/>
 <node id="9877905281" visible="true" version="1" changeset="123417841" timestamp="2022-07-10T02:20:50Z" user="import_jarnold" uid="12601187" lat="43.0673224" lon="-76.1119377"/>
 <node id="9877905282" visible="true" version="1" changeset="123417841" timestamp="2022-07-10T02:20:50Z" user="import_jarnold" uid="12601187" lat="43.0673263" lon="-76.1118610"/>
 <node id="9877905283" visible="true" version="1" changeset="123417841" timestamp="2022-07-10T02:20:50Z" user="import_jarnold" uid="12601187" lat="43.0673854" lon="-76.1118666"/>
 <node id="9877905284" visible="true" version="1" changeset="123417841" timestamp="2022-07-10T02:20:50Z" user="import_jarnold" uid="12601187" lat="43.0673815" lon="-76.1119434"/>
 <node id="9877924125" visible="true" version="1" changeset="123417843" timestamp="2022-07-10T02:20:59Z" user="import_jarnold" uid="12601187" lat="43.0678985" lon="-76.1119783"/>
 <node id="9877924126" visible="true" version="1" changeset="123417843" timestamp="2022-07-10T02:20:59Z" user="import_jarnold" uid="12601187" lat="43.0679024" lon="-76.1119028"/>
 <node id="9877924127" visible="true" version="1" changeset="123417843" timestamp="2022-07-10T02:20:59Z" user="import_jarnold" uid="12601187" lat="43.0679065" lon="-76.1119031"/>
 <node id="9877924128" visible="true" version="1" changeset="123417843" timestamp="2022-07-10T02:20:59Z" user="import_jarnold" uid="12601187" lat="43.0679071" lon="-76.1118925"/>
 <node id="9877924129" visible="true" version="1" changeset="123417843" timestamp="2022-07-10T02:20:59Z" user="import_jarnold" uid="12601187" lat="43.0679601" lon="-76.1118976"/>
 <node id="9877924130" visible="true" version="1" changeset="123417843" timestamp="2022-07-10T02:20:59Z" user="import_jarnold" uid="12601187" lat="43.0679596" lon="-76.1119086"/>
 <node id="9877924131" visible="true" version="1" changeset="123417843" timestamp="2022-07-10T02:20:59Z" user="import_jarnold" uid="12601187" lat="43.0679614" lon="-76.1119088"/>
 <node id="9877924132" visible="true" version="1" changeset="123417843" timestamp="2022-07-10T02:20:59Z" user="import_jarnold" uid="12601187" lat="43.0679574" lon="-76.1119840"/>
 <node id="9877924133" visible="true" version="1" changeset="123417843" timestamp="2022-07-10T02:20:59Z" user="import_jarnold" uid="12601187" lat="43.0679147" lon="-76.1117531"/>
 <node id="9877924134" visible="true" version="1" changeset="123417843" timestamp="2022-07-10T02:20:59Z" user="import_jarnold" uid="12601187" lat="43.0679137" lon="-76.1117753"/>
 <node id="9877924135" visible="true" version="1" changeset="123417843" timestamp="2022-07-10T02:20:59Z" user="import_jarnold" uid="12601187" lat="43.0678704" lon="-76.1117718"/>
 <node id="9877924136" visible="true" version="1" changeset="123417843" timestamp="2022-07-10T02:20:59Z" user="import_jarnold" uid="12601187" lat="43.0678810" lon="-76.1115262"/>
 <node id="9877924137" visible="true" version="1" changeset="123417843" timestamp="2022-07-10T02:20:59Z" user="import_jarnold" uid="12601187" lat="43.0679636" lon="-76.1115329"/>
 <node id="9877924138" visible="true" version="1" changeset="123417843" timestamp="2022-07-10T02:20:59Z" user="import_jarnold" uid="12601187" lat="43.0679539" lon="-76.1117562"/>
 <node id="9877924590" visible="true" version="1" changeset="123417843" timestamp="2022-07-10T02:20:59Z" user="import_jarnold" uid="12601187" lat="43.0675504" lon="-76.1109809"/>
 <node id="9877924591" visible="true" version="1" changeset="123417843" timestamp="2022-07-10T02:20:59Z" user="import_jarnold" uid="12601187" lat="43.0675445" lon="-76.1109805"/>
 <node id="9877924592" visible="true" version="1" changeset="123417843" timestamp="2022-07-10T02:20:59Z" user="import_jarnold" uid="12601187" lat="43.0675506" lon="-76.1108163"/>
 <node id="9877924593" visible="true" version="1" changeset="123417843" timestamp="2022-07-10T02:20:59Z" user="import_jarnold" uid="12601187" lat="43.0675813" lon="-76.1108184"/>
 <node id="9877924594" visible="true" version="1" changeset="123417843" timestamp="2022-07-10T02:20:59Z" user="import_jarnold" uid="12601187" lat="43.0675821" lon="-76.1107951"/>
 <node id="9877924595" visible="true" version="1" changeset="123417843" timestamp="2022-07-10T02:20:59Z" user="import_jarnold" uid="12601187" lat="43.0676351" lon="-76.1107988"/>
 <node id="9877924596" visible="true" version="1" changeset="123417843" timestamp="2022-07-10T02:20:59Z" user="import_jarnold" uid="12601187" lat="43.0676311" lon="-76.1109060"/>
 <node id="9877924597" visible="true" version="1" changeset="123417843" timestamp="2022-07-10T02:20:59Z" user="import_jarnold" uid="12601187" lat="43.0676414" lon="-76.1109067"/>
 <node id="9877924598" visible="true" version="1" changeset="123417843" timestamp="2022-07-10T02:20:59Z" user="import_jarnold" uid="12601187" lat="43.0676399" lon="-76.1109470"/>
 <node id="9877924599" visible="true" version="1" changeset="123417843" timestamp="2022-07-10T02:20:59Z" user="import_jarnold" uid="12601187" lat="43.0676271" lon="-76.1109461"/>
 <node id="9877924600" visible="true" version="1" changeset="123417843" timestamp="2022-07-10T02:20:59Z" user="import_jarnold" uid="12601187" lat="43.0676256" lon="-76.1109859"/>
 <node id="9877924601" visible="true" version="1" changeset="123417843" timestamp="2022-07-10T02:20:59Z" user="import_jarnold" uid="12601187" lat="43.0676205" lon="-76.1109856"/>
 <node id="9877924602" visible="true" version="1" changeset="123417843" timestamp="2022-07-10T02:20:59Z" user="import_jarnold" uid="12601187" lat="43.0676190" lon="-76.1110258"/>
 <node id="9877924603" visible="true" version="1" changeset="123417843" timestamp="2022-07-10T02:20:59Z" user="import_jarnold" uid="12601187" lat="43.0675489" lon="-76.1110210"/>
 <node id="9877925376" visible="true" version="1" changeset="123417843" timestamp="2022-07-10T02:20:59Z" user="import_jarnold" uid="12601187" lat="43.0677614" lon="-76.1115236"/>
 <node id="9877925377" visible="true" version="1" changeset="123417843" timestamp="2022-07-10T02:20:59Z" user="import_jarnold" uid="12601187" lat="43.0678390" lon="-76.1115315"/>
 <node id="9877925378" visible="true" version="1" changeset="123417843" timestamp="2022-07-10T02:20:59Z" user="import_jarnold" uid="12601187" lat="43.0678377" lon="-76.1115542"/>
 <node id="9877925379" visible="true" version="1" changeset="123417843" timestamp="2022-07-10T02:20:59Z" user="import_jarnold" uid="12601187" lat="43.0678406" lon="-76.1115545"/>
 <node id="9877925380" visible="true" version="1" changeset="123417843" timestamp="2022-07-10T02:20:59Z" user="import_jarnold" uid="12601187" lat="43.0678319" lon="-76.1117135"/>
 <node id="9877925381" visible="true" version="1" changeset="123417843" timestamp="2022-07-10T02:20:59Z" user="import_jarnold" uid="12601187" lat="43.0678392" lon="-76.1117143"/>
 <node id="9877925382" visible="true" version="1" changeset="123417843" timestamp="2022-07-10T02:20:59Z" user="import_jarnold" uid="12601187" lat="43.0678381" lon="-76.1117349"/>
 <node id="9877925383" visible="true" version="1" changeset="123417843" timestamp="2022-07-10T02:20:59Z" user="import_jarnold" uid="12601187" lat="43.0678308" lon="-76.1117341"/>
 <node id="9877925384" visible="true" version="1" changeset="123417843" timestamp="2022-07-10T02:20:59Z" user="import_jarnold" uid="12601187" lat="43.0678300" lon="-76.1117473"/>
 <node id="9877925385" visible="true" version="1" changeset="123417843" timestamp="2022-07-10T02:20:59Z" user="import_jarnold" uid="12601187" lat="43.0678069" lon="-76.1117449"/>
 <node id="9877925386" visible="true" version="1" changeset="123417843" timestamp="2022-07-10T02:20:59Z" user="import_jarnold" uid="12601187" lat="43.0678056" lon="-76.1117680"/>
 <node id="9877925387" visible="true" version="1" changeset="123417843" timestamp="2022-07-10T02:20:59Z" user="import_jarnold" uid="12601187" lat="43.0677628" lon="-76.1117636"/>
 <node id="9877925388" visible="true" version="1" changeset="123417843" timestamp="2022-07-10T02:20:59Z" user="import_jarnold" uid="12601187" lat="43.0677640" lon="-76.1117416"/>
 <node id="9877925389" visible="true" version="1" changeset="123417843" timestamp="2022-07-10T02:20:59Z" user="import_jarnold" uid="12601187" lat="43.0677495" lon="-76.1117401"/>
 <node id="9877925390" visible="true" version="1" changeset="123417843" timestamp="2022-07-10T02:20:59Z" user="import_jarnold" uid="12601187" lat="43.0677829" lon="-76.1119759"/>
 <node id="9877925391" visible="true" version="1" changeset="123417843" timestamp="2022-07-10T02:20:59Z" user="import_jarnold" uid="12601187" lat="43.0677861" lon="-76.1119042"/>
 <node id="9877925392" visible="true" version="1" changeset="123417843" timestamp="2022-07-10T02:20:59Z" user="import_jarnold" uid="12601187" lat="43.0678621" lon="-76.1119104"/>
 <node id="9877925393" visible="true" version="1" changeset="123417843" timestamp="2022-07-10T02:20:59Z" user="import_jarnold" uid="12601187" lat="43.0678590" lon="-76.1119822"/>
 <node id="9877930790" visible="true" version="1" changeset="123417843" timestamp="2022-07-10T02:20:59Z" user="import_jarnold" uid="12601187" lat="43.0676212" lon="-76.1121480"/>
 <node id="9877930791" visible="true" version="1" changeset="123417843" timestamp="2022-07-10T02:20:59Z" user="import_jarnold" uid="12601187" lat="43.0676244" lon="-76.1120652"/>
 <node id="9877930792" visible="true" version="1" changeset="123417843" timestamp="2022-07-10T02:20:59Z" user="import_jarnold" uid="12601187" lat="43.0676817" lon="-76.1120694"/>
 <node id="9877930793" visible="true" version="1" changeset="123417843" timestamp="2022-07-10T02:20:59Z" user="import_jarnold" uid="12601187" lat="43.0676785" lon="-76.1121522"/>
 <node id="9877930794" visible="true" version="1" changeset="123417843" timestamp="2022-07-10T02:20:59Z" user="import_jarnold" uid="12601187" lat="43.0675779" lon="-76.1123360"/>
 <node id="9877930795" visible="true" version="1" changeset="123417843" timestamp="2022-07-10T02:20:59Z" user="import_jarnold" uid="12601187" lat="43.0675831" lon="-76.1123364"/>
 <node id="9877930796" visible="true" version="1" changeset="123417843" timestamp="2022-07-10T02:20:59Z" user="import_jarnold" uid="12601187" lat="43.0675833" lon="-76.1123321"/>
 <node id="9877930797" visible="true" version="1" changeset="123417843" timestamp="2022-07-10T02:20:59Z" user="import_jarnold" uid="12601187" lat="43.0676046" lon="-76.1123337"/>
 <node id="9877930798" visible="true" version="1" changeset="123417843" timestamp="2022-07-10T02:20:59Z" user="import_jarnold" uid="12601187" lat="43.0676047" lon="-76.1123309"/>
 <node id="9877930799" visible="true" version="1" changeset="123417843" timestamp="2022-07-10T02:20:59Z" user="import_jarnold" uid="12601187" lat="43.0676405" lon="-76.1123336"/>
 <node id="9877930800" visible="true" version="1" changeset="123417843" timestamp="2022-07-10T02:20:59Z" user="import_jarnold" uid="12601187" lat="43.0676404" lon="-76.1123375"/>
 <node id="9877930801" visible="true" version="1" changeset="123417843" timestamp="2022-07-10T02:20:59Z" user="import_jarnold" uid="12601187" lat="43.0676596" lon="-76.1123390"/>
 <node id="9877930802" visible="true" version="1" changeset="123417843" timestamp="2022-07-10T02:20:59Z" user="import_jarnold" uid="12601187" lat="43.0676531" lon="-76.1124978"/>
 <node id="9877930803" visible="true" version="1" changeset="123417843" timestamp="2022-07-10T02:20:59Z" user="import_jarnold" uid="12601187" lat="43.0675716" lon="-76.1124916"/>
 <node id="9877935794" visible="true" version="1" changeset="123417844" timestamp="2022-07-10T02:21:04Z" user="import_jarnold" uid="12601187" lat="43.0679879" lon="-76.1108508"/>
 <node id="9877935795" visible="true" version="1" changeset="123417844" timestamp="2022-07-10T02:21:04Z" user="import_jarnold" uid="12601187" lat="43.0679964" lon="-76.1108516"/>
 <node id="9877935796" visible="true" version="1" changeset="123417844" timestamp="2022-07-10T02:21:04Z" user="import_jarnold" uid="12601187" lat="43.0679972" lon="-76.1108349"/>
 <node id="9877935797" visible="true" version="1" changeset="123417844" timestamp="2022-07-10T02:21:04Z" user="import_jarnold" uid="12601187" lat="43.0680767" lon="-76.1108419"/>
 <node id="9877935798" visible="true" version="1" changeset="123417844" timestamp="2022-07-10T02:21:04Z" user="import_jarnold" uid="12601187" lat="43.0680713" lon="-76.1109571"/>
 <node id="9877935799" visible="true" version="1" changeset="123417844" timestamp="2022-07-10T02:21:04Z" user="import_jarnold" uid="12601187" lat="43.0680906" lon="-76.1109588"/>
 <node id="9877935800" visible="true" version="1" changeset="123417844" timestamp="2022-07-10T02:21:04Z" user="import_jarnold" uid="12601187" lat="43.0680858" lon="-76.1110602"/>
 <node id="9877935801" visible="true" version="1" changeset="123417844" timestamp="2022-07-10T02:21:04Z" user="import_jarnold" uid="12601187" lat="43.0680105" lon="-76.1110536"/>
 <node id="9877935802" visible="true" version="1" changeset="123417844" timestamp="2022-07-10T02:21:04Z" user="import_jarnold" uid="12601187" lat="43.0680112" lon="-76.1110401"/>
 <node id="9877935803" visible="true" version="1" changeset="123417844" timestamp="2022-07-10T02:21:04Z" user="import_jarnold" uid="12601187" lat="43.0679791" lon="-76.1110373"/>
 <node id="9877941621" visible="true" version="1" changeset="123417844" timestamp="2022-07-10T02:21:04Z" user="import_jarnold" uid="12601187" lat="43.0695692" lon="-76.1131197"/>
 <node id="9877941622" visible="true" version="1" changeset="123417844" timestamp="2022-07-10T02:21:04Z" user="import_jarnold" uid="12601187" lat="43.0695729" lon="-76.1130324"/>
 <node id="9877941623" visible="true" version="1" changeset="123417844" timestamp="2022-07-10T02:21:04Z" user="import_jarnold" uid="12601187" lat="43.0696174" lon="-76.1130358"/>
 <node id="9877941624" visible="true" version="1" changeset="123417844" timestamp="2022-07-10T02:21:04Z" user="import_jarnold" uid="12601187" lat="43.0696137" lon="-76.1131232"/>
 <node id="9877941625" visible="true" version="1" changeset="123417844" timestamp="2022-07-10T02:21:04Z" user="import_jarnold" uid="12601187" lat="43.0695826" lon="-76.1133843"/>
 <node id="9877941626" visible="true" version="1" changeset="123417844" timestamp="2022-07-10T02:21:04Z" user="import_jarnold" uid="12601187" lat="43.0695843" lon="-76.1133478"/>
 <node id="9877941627" visible="true" version="1" changeset="123417844" timestamp="2022-07-10T02:21:04Z" user="import_jarnold" uid="12601187" lat="43.0695795" lon="-76.1133474"/>
 <node id="9877941628" visible="true" version="1" changeset="123417844" timestamp="2022-07-10T02:21:04Z" user="import_jarnold" uid="12601187" lat="43.0695880" lon="-76.1131666"/>
 <node id="9877941629" visible="true" version="1" changeset="123417844" timestamp="2022-07-10T02:21:04Z" user="import_jarnold" uid="12601187" lat="43.0696723" lon="-76.1131739"/>
 <node id="9877941630" visible="true" version="1" changeset="123417844" timestamp="2022-07-10T02:21:04Z" user="import_jarnold" uid="12601187" lat="43.0696639" lon="-76.1133539"/>
 <node id="9877941631" visible="true" version="1" changeset="123417844" timestamp="2022-07-10T02:21:04Z" user="import_jarnold" uid="12601187" lat="43.0696561" lon="-76.1133533"/>
 <node id="9877941632" visible="true" version="1" changeset="123417844" timestamp="2022-07-10T02:21:04Z" user="import_jarnold" uid="12601187" lat="43.0696544" lon="-76.1133905"/>
 <node id="9877945826" visible="true" version="1" changeset="123417845" timestamp="2022-07-10T02:21:08Z" user="import_jarnold" uid="12601187" lat="43.0693730" lon="-76.1133282"/>
 <node id="9877945827" visible="true" version="1" changeset="123417845" timestamp="2022-07-10T02:21:08Z" user="import_jarnold" uid="12601187" lat="43.0693725" lon="-76.1133369"/>
 <node id="9877945828" visible="true" version="1" changeset="123417845" timestamp="2022-07-10T02:21:08Z" user="import_jarnold" uid="12601187" lat="43.0693545" lon="-76.1133350"/>
 <node id="9877945829" visible="true" version="1" changeset="123417845" timestamp="2022-07-10T02:21:08Z" user="import_jarnold" uid="12601187" lat="43.0693553" lon="-76.1133218"/>
 <node id="9877945830" visible="true" version="1" changeset="123417845" timestamp="2022-07-10T02:21:08Z" user="import_jarnold" uid="12601187" lat="43.0693522" lon="-76.1133215"/>
 <node id="9877945831" visible="true" version="1" changeset="123417845" timestamp="2022-07-10T02:21:08Z" user="import_jarnold" uid="12601187" lat="43.0693545" lon="-76.1132823"/>
 <node id="9877945832" visible="true" version="1" changeset="123417845" timestamp="2022-07-10T02:21:08Z" user="import_jarnold" uid="12601187" lat="43.0693446" lon="-76.1132813"/>
 <node id="9877945833" visible="true" version="1" changeset="123417845" timestamp="2022-07-10T02:21:08Z" user="import_jarnold" uid="12601187" lat="43.0693458" lon="-76.1132612"/>
 <node id="9877945834" visible="true" version="1" changeset="123417845" timestamp="2022-07-10T02:21:08Z" user="import_jarnold" uid="12601187" lat="43.0693554" lon="-76.1132622"/>
 <node id="9877945835" visible="true" version="1" changeset="123417845" timestamp="2022-07-10T02:21:08Z" user="import_jarnold" uid="12601187" lat="43.0693620" lon="-76.1131458"/>
 <node id="9877945836" visible="true" version="1" changeset="123417845" timestamp="2022-07-10T02:21:08Z" user="import_jarnold" uid="12601187" lat="43.0694395" lon="-76.1131540"/>
 <node id="9877945837" visible="true" version="1" changeset="123417845" timestamp="2022-07-10T02:21:08Z" user="import_jarnold" uid="12601187" lat="43.0694292" lon="-76.1133341"/>
 <node id="9877945838" visible="true" version="1" changeset="123417845" timestamp="2022-07-10T02:21:08Z" user="import_jarnold" uid="12601187" lat="43.0693440" lon="-76.1130681"/>
 <node id="9877945839" visible="true" version="1" changeset="123417845" timestamp="2022-07-10T02:21:08Z" user="import_jarnold" uid="12601187" lat="43.0693484" lon="-76.1130226"/>
 <node id="9877945840" visible="true" version="1" changeset="123417845" timestamp="2022-07-10T02:21:08Z" user="import_jarnold" uid="12601187" lat="43.0693878" lon="-76.1130296"/>
 <node id="9877945841" visible="true" version="1" changeset="123417845" timestamp="2022-07-10T02:21:08Z" user="import_jarnold" uid="12601187" lat="43.0693834" lon="-76.1130750"/>
 <node id="9877946502" visible="true" version="1" changeset="123417845" timestamp="2022-07-10T02:21:08Z" user="import_jarnold" uid="12601187" lat="43.0680628" lon="-76.1117575"/>
 <node id="9877946503" visible="true" version="1" changeset="123417845" timestamp="2022-07-10T02:21:08Z" user="import_jarnold" uid="12601187" lat="43.0680586" lon="-76.1117571"/>
 <node id="9877946504" visible="true" version="1" changeset="123417845" timestamp="2022-07-10T02:21:08Z" user="import_jarnold" uid="12601187" lat="43.0680575" lon="-76.1117799"/>
 <node id="9877946505" visible="true" version="1" changeset="123417845" timestamp="2022-07-10T02:21:08Z" user="import_jarnold" uid="12601187" lat="43.0680183" lon="-76.1117761"/>
 <node id="9877946506" visible="true" version="1" changeset="123417845" timestamp="2022-07-10T02:21:08Z" user="import_jarnold" uid="12601187" lat="43.0680195" lon="-76.1117530"/>
 <node id="9877946507" visible="true" version="1" changeset="123417845" timestamp="2022-07-10T02:21:08Z" user="import_jarnold" uid="12601187" lat="43.0679956" lon="-76.1117507"/>
 <node id="9877946508" visible="true" version="1" changeset="123417845" timestamp="2022-07-10T02:21:08Z" user="import_jarnold" uid="12601187" lat="43.0680002" lon="-76.1116614"/>
 <node id="9877946509" visible="true" version="1" changeset="123417845" timestamp="2022-07-10T02:21:08Z" user="import_jarnold" uid="12601187" lat="43.0679940" lon="-76.1116608"/>
 <node id="9877946510" visible="true" version="1" changeset="123417845" timestamp="2022-07-10T02:21:08Z" user="import_jarnold" uid="12601187" lat="43.0679969" lon="-76.1116040"/>
 <node id="9877946511" visible="true" version="1" changeset="123417845" timestamp="2022-07-10T02:21:08Z" user="import_jarnold" uid="12601187" lat="43.0680021" lon="-76.1116045"/>
 <node id="9877946512" visible="true" version="1" changeset="123417845" timestamp="2022-07-10T02:21:08Z" user="import_jarnold" uid="12601187" lat="43.0680054" lon="-76.1115396"/>
 <node id="9877946513" visible="true" version="1" changeset="123417845" timestamp="2022-07-10T02:21:08Z" user="import_jarnold" uid="12601187" lat="43.0680738" lon="-76.1115462"/>
 <node id="9877946514" visible="true" version="1" changeset="123417845" timestamp="2022-07-10T02:21:08Z" user="import_jarnold" uid="12601187" lat="43.0680283" lon="-76.1119908"/>
 <node id="9877946515" visible="true" version="1" changeset="123417845" timestamp="2022-07-10T02:21:08Z" user="import_jarnold" uid="12601187" lat="43.0679683" lon="-76.1119861"/>
 <node id="9877946516" visible="true" version="1" changeset="123417845" timestamp="2022-07-10T02:21:08Z" user="import_jarnold" uid="12601187" lat="43.0679718" lon="-76.1119033"/>
 <node id="9877946517" visible="true" version="1" changeset="123417845" timestamp="2022-07-10T02:21:08Z" user="import_jarnold" uid="12601187" lat="43.0680318" lon="-76.1119080"/>
 <node id="9877948037" visible="true" version="1" changeset="123417845" timestamp="2022-07-10T02:21:08Z" user="import_jarnold" uid="12601187" lat="43.0674115" lon="-76.1110147"/>
 <node id="9877948038" visible="true" version="1" changeset="123417845" timestamp="2022-07-10T02:21:08Z" user="import_jarnold" uid="12601187" lat="43.0673295" lon="-76.1110055"/>
 <node id="9877948039" visible="true" version="1" changeset="123417845" timestamp="2022-07-10T02:21:08Z" user="import_jarnold" uid="12601187" lat="43.0673427" lon="-76.1107862"/>
 <node id="9877948040" visible="true" version="1" changeset="123417845" timestamp="2022-07-10T02:21:08Z" user="import_jarnold" uid="12601187" lat="43.0673641" lon="-76.1107886"/>
 <node id="9877948041" visible="true" version="1" changeset="123417845" timestamp="2022-07-10T02:21:08Z" user="import_jarnold" uid="12601187" lat="43.0673666" lon="-76.1107460"/>
 <node id="9877948042" visible="true" version="1" changeset="123417845" timestamp="2022-07-10T02:21:08Z" user="import_jarnold" uid="12601187" lat="43.0674053" lon="-76.1107504"/>
 <node id="9877948043" visible="true" version="1" changeset="123417845" timestamp="2022-07-10T02:21:08Z" user="import_jarnold" uid="12601187" lat="43.0674029" lon="-76.1107902"/>
 <node id="9877948044" visible="true" version="1" changeset="123417845" timestamp="2022-07-10T02:21:08Z" user="import_jarnold" uid="12601187" lat="43.0674249" lon="-76.1107926"/>
 <node id="9877959622" visible="true" version="1" changeset="123417846" timestamp="2022-07-10T02:21:13Z" user="import_jarnold" uid="12601187" lat="43.0674336" lon="-76.1110067"/>
 <node id="9877959623" visible="true" version="1" changeset="123417846" timestamp="2022-07-10T02:21:13Z" user="import_jarnold" uid="12601187" lat="43.0674475" lon="-76.1107825"/>
 <node id="9877959624" visible="true" version="1" changeset="123417846" timestamp="2022-07-10T02:21:13Z" user="import_jarnold" uid="12601187" lat="43.0674580" lon="-76.1107837"/>
 <node id="9877959625" visible="true" version="1" changeset="123417846" timestamp="2022-07-10T02:21:13Z" user="import_jarnold" uid="12601187" lat="43.0674600" lon="-76.1107507"/>
 <node id="9877959626" visible="true" version="1" changeset="123417846" timestamp="2022-07-10T02:21:13Z" user="import_jarnold" uid="12601187" lat="43.0675127" lon="-76.1107568"/>
 <node id="9877959627" visible="true" version="1" changeset="123417846" timestamp="2022-07-10T02:21:13Z" user="import_jarnold" uid="12601187" lat="43.0675109" lon="-76.1107868"/>
 <node id="9877959628" visible="true" version="1" changeset="123417846" timestamp="2022-07-10T02:21:13Z" user="import_jarnold" uid="12601187" lat="43.0675233" lon="-76.1107882"/>
 <node id="9877959629" visible="true" version="1" changeset="123417846" timestamp="2022-07-10T02:21:13Z" user="import_jarnold" uid="12601187" lat="43.0675092" lon="-76.1110154"/>
 <node id="9877965177" visible="true" version="1" changeset="123417848" timestamp="2022-07-10T02:21:17Z" user="import_jarnold" uid="12601187" lat="43.0694004" lon="-76.1138307"/>
 <node id="9877965178" visible="true" version="1" changeset="123417848" timestamp="2022-07-10T02:21:17Z" user="import_jarnold" uid="12601187" lat="43.0694453" lon="-76.1138335"/>
 <node id="9877965179" visible="true" version="1" changeset="123417848" timestamp="2022-07-10T02:21:17Z" user="import_jarnold" uid="12601187" lat="43.0694407" lon="-76.1139709"/>
 <node id="9877965180" visible="true" version="1" changeset="123417848" timestamp="2022-07-10T02:21:17Z" user="import_jarnold" uid="12601187" lat="43.0693287" lon="-76.1139639"/>
 <node id="9877965181" visible="true" version="1" changeset="123417848" timestamp="2022-07-10T02:21:17Z" user="import_jarnold" uid="12601187" lat="43.0693336" lon="-76.1138190"/>
 <node id="9877965182" visible="true" version="1" changeset="123417848" timestamp="2022-07-10T02:21:17Z" user="import_jarnold" uid="12601187" lat="43.0694007" lon="-76.1138232"/>
 <node id="9877965183" visible="true" version="1" changeset="123417848" timestamp="2022-07-10T02:21:17Z" user="import_jarnold" uid="12601187" lat="43.0693905" lon="-76.1136091"/>
 <node id="9877965184" visible="true" version="1" changeset="123417848" timestamp="2022-07-10T02:21:17Z" user="import_jarnold" uid="12601187" lat="43.0694405" lon="-76.1136130"/>
 <node id="9877965185" visible="true" version="1" changeset="123417848" timestamp="2022-07-10T02:21:17Z" user="import_jarnold" uid="12601187" lat="43.0694376" lon="-76.1136850"/>
 <node id="9877965186" visible="true" version="1" changeset="123417848" timestamp="2022-07-10T02:21:17Z" user="import_jarnold" uid="12601187" lat="43.0694450" lon="-76.1136855"/>
 <node id="9877965187" visible="true" version="1" changeset="123417848" timestamp="2022-07-10T02:21:17Z" user="import_jarnold" uid="12601187" lat="43.0694417" lon="-76.1137653"/>
 <node id="9877965188" visible="true" version="1" changeset="123417848" timestamp="2022-07-10T02:21:17Z" user="import_jarnold" uid="12601187" lat="43.0694279" lon="-76.1137642"/>
 <node id="9877965189" visible="true" version="1" changeset="123417848" timestamp="2022-07-10T02:21:17Z" user="import_jarnold" uid="12601187" lat="43.0694275" lon="-76.1137738"/>
 <node id="9877965190" visible="true" version="1" changeset="123417848" timestamp="2022-07-10T02:21:17Z" user="import_jarnold" uid="12601187" lat="43.0693876" lon="-76.1137707"/>
 <node id="9877965191" visible="true" version="1" changeset="123417848" timestamp="2022-07-10T02:21:17Z" user="import_jarnold" uid="12601187" lat="43.0693887" lon="-76.1137438"/>
 <node id="9877965192" visible="true" version="1" changeset="123417848" timestamp="2022-07-10T02:21:17Z" user="import_jarnold" uid="12601187" lat="43.0693668" lon="-76.1137421"/>
 <node id="9877965193" visible="true" version="1" changeset="123417848" timestamp="2022-07-10T02:21:17Z" user="import_jarnold" uid="12601187" lat="43.0693695" lon="-76.1136774"/>
 <node id="9877965194" visible="true" version="1" changeset="123417848" timestamp="2022-07-10T02:21:17Z" user="import_jarnold" uid="12601187" lat="43.0693748" lon="-76.1136778"/>
 <node id="9877965195" visible="true" version="1" changeset="123417848" timestamp="2022-07-10T02:21:17Z" user="import_jarnold" uid="12601187" lat="43.0693786" lon="-76.1135879"/>
 <node id="9877965196" visible="true" version="1" changeset="123417848" timestamp="2022-07-10T02:21:17Z" user="import_jarnold" uid="12601187" lat="43.0693914" lon="-76.1135889"/>
 <node id="9877967620" visible="true" version="1" changeset="123417848" timestamp="2022-07-10T02:21:17Z" user="import_jarnold" uid="12601187" lat="43.0676300" lon="-76.1116613"/>
 <node id="9877967621" visible="true" version="1" changeset="123417848" timestamp="2022-07-10T02:21:17Z" user="import_jarnold" uid="12601187" lat="43.0676338" lon="-76.1115870"/>
 <node id="9877967622" visible="true" version="1" changeset="123417848" timestamp="2022-07-10T02:21:17Z" user="import_jarnold" uid="12601187" lat="43.0676303" lon="-76.1115867"/>
 <node id="9877967623" visible="true" version="1" changeset="123417848" timestamp="2022-07-10T02:21:17Z" user="import_jarnold" uid="12601187" lat="43.0676320" lon="-76.1115546"/>
 <node id="9877967624" visible="true" version="1" changeset="123417848" timestamp="2022-07-10T02:21:17Z" user="import_jarnold" uid="12601187" lat="43.0676354" lon="-76.1115549"/>
 <node id="9877967625" visible="true" version="1" changeset="123417848" timestamp="2022-07-10T02:21:17Z" user="import_jarnold" uid="12601187" lat="43.0676379" lon="-76.1115064"/>
 <node id="9877967626" visible="true" version="1" changeset="123417848" timestamp="2022-07-10T02:21:17Z" user="import_jarnold" uid="12601187" lat="43.0677328" lon="-76.1115155"/>
 <node id="9877967627" visible="true" version="1" changeset="123417848" timestamp="2022-07-10T02:21:17Z" user="import_jarnold" uid="12601187" lat="43.0677248" lon="-76.1116703"/>
 <node id="9877967628" visible="true" version="1" changeset="123417848" timestamp="2022-07-10T02:21:17Z" user="import_jarnold" uid="12601187" lat="43.0676800" lon="-76.1119657"/>
 <node id="9877967629" visible="true" version="1" changeset="123417848" timestamp="2022-07-10T02:21:17Z" user="import_jarnold" uid="12601187" lat="43.0676847" lon="-76.1118799"/>
 <node id="9877967630" visible="true" version="1" changeset="123417848" timestamp="2022-07-10T02:21:17Z" user="import_jarnold" uid="12601187" lat="43.0677206" lon="-76.1118835"/>
 <node id="9877967631" visible="true" version="1" changeset="123417848" timestamp="2022-07-10T02:21:17Z" user="import_jarnold" uid="12601187" lat="43.0677159" lon="-76.1119694"/>
 <node id="9877968808" visible="true" version="1" changeset="123417848" timestamp="2022-07-10T02:21:17Z" user="import_jarnold" uid="12601187" lat="43.0673442" lon="-76.1130040"/>
 <node id="9877968809" visible="true" version="1" changeset="123417848" timestamp="2022-07-10T02:21:17Z" user="import_jarnold" uid="12601187" lat="43.0673519" lon="-76.1128327"/>
 <node id="9877968810" visible="true" version="1" changeset="123417848" timestamp="2022-07-10T02:21:17Z" user="import_jarnold" uid="12601187" lat="43.0673778" lon="-76.1128349"/>
 <node id="9877968811" visible="true" version="1" changeset="123417848" timestamp="2022-07-10T02:21:17Z" user="import_jarnold" uid="12601187" lat="43.0673784" lon="-76.1128213"/>
 <node id="9877968812" visible="true" version="1" changeset="123417848" timestamp="2022-07-10T02:21:17Z" user="import_jarnold" uid="12601187" lat="43.0674002" lon="-76.1128231"/>
 <node id="9877968813" visible="true" version="1" changeset="123417848" timestamp="2022-07-10T02:21:17Z" user="import_jarnold" uid="12601187" lat="43.0673997" lon="-76.1128353"/>
 <node id="9877968814" visible="true" version="1" changeset="123417848" timestamp="2022-07-10T02:21:17Z" user="import_jarnold" uid="12601187" lat="43.0674242" lon="-76.1128374"/>
 <node id="9877968815" visible="true" version="1" changeset="123417848" timestamp="2022-07-10T02:21:17Z" user="import_jarnold" uid="12601187" lat="43.0674185" lon="-76.1129634"/>
 <node id="9877968816" visible="true" version="1" changeset="123417848" timestamp="2022-07-10T02:21:17Z" user="import_jarnold" uid="12601187" lat="43.0673961" lon="-76.1129615"/>
 <node id="9877968817" visible="true" version="1" changeset="123417848" timestamp="2022-07-10T02:21:17Z" user="import_jarnold" uid="12601187" lat="43.0673940" lon="-76.1130082"/>
 <node id="9877968818" visible="true" version="1" changeset="123417848" timestamp="2022-07-10T02:21:17Z" user="import_jarnold" uid="12601187" lat="43.0673744" lon="-76.1131506"/>
 <node id="9877968819" visible="true" version="1" changeset="123417848" timestamp="2022-07-10T02:21:17Z" user="import_jarnold" uid="12601187" lat="43.0673785" lon="-76.1130697"/>
 <node id="9877968820" visible="true" version="1" changeset="123417848" timestamp="2022-07-10T02:21:17Z" user="import_jarnold" uid="12601187" lat="43.0674341" lon="-76.1130749"/>
 <node id="9877968821" visible="true" version="1" changeset="123417848" timestamp="2022-07-10T02:21:17Z" user="import_jarnold" uid="12601187" lat="43.0674300" lon="-76.1131558"/>
 <node id="9877969899" visible="true" version="1" changeset="123417848" timestamp="2022-07-10T02:21:17Z" user="import_jarnold" uid="12601187" lat="43.0697156" lon="-76.1122904"/>
 <node id="9877969900" visible="true" version="1" changeset="123417848" timestamp="2022-07-10T02:21:17Z" user="import_jarnold" uid="12601187" lat="43.0697176" lon="-76.1122905"/>
 <node id="9877969901" visible="true" version="1" changeset="123417848" timestamp="2022-07-10T02:21:17Z" user="import_jarnold" uid="12601187" lat="43.0697111" lon="-76.1124500"/>
 <node id="9877969902" visible="true" version="1" changeset="123417848" timestamp="2022-07-10T02:21:17Z" user="import_jarnold" uid="12601187" lat="43.0696385" lon="-76.1124444"/>
 <node id="9877969903" visible="true" version="1" changeset="123417848" timestamp="2022-07-10T02:21:17Z" user="import_jarnold" uid="12601187" lat="43.0696460" lon="-76.1122623"/>
 <node id="9877969904" visible="true" version="1" changeset="123417848" timestamp="2022-07-10T02:21:17Z" user="import_jarnold" uid="12601187" lat="43.0697166" lon="-76.1122677"/>
 <node id="9877969905" visible="true" version="1" changeset="123417848" timestamp="2022-07-10T02:21:17Z" user="import_jarnold" uid="12601187" lat="43.0696577" lon="-76.1126450"/>
 <node id="9877969906" visible="true" version="1" changeset="123417848" timestamp="2022-07-10T02:21:17Z" user="import_jarnold" uid="12601187" lat="43.0696020" lon="-76.1126403"/>
 <node id="9877969907" visible="true" version="1" changeset="123417848" timestamp="2022-07-10T02:21:17Z" user="import_jarnold" uid="12601187" lat="43.0696059" lon="-76.1125538"/>
 <node id="9877969908" visible="true" version="1" changeset="123417848" timestamp="2022-07-10T02:21:17Z" user="import_jarnold" uid="12601187" lat="43.0696617" lon="-76.1125585"/>
 <node id="9877973857" visible="true" version="1" changeset="123417848" timestamp="2022-07-10T02:21:17Z" user="import_jarnold" uid="12601187" lat="43.0672866" lon="-76.1136087"/>
 <node id="9877973858" visible="true" version="1" changeset="123417848" timestamp="2022-07-10T02:21:17Z" user="import_jarnold" uid="12601187" lat="43.0672904" lon="-76.1136090"/>
 <node id="9877973859" visible="true" version="1" changeset="123417848" timestamp="2022-07-10T02:21:17Z" user="import_jarnold" uid="12601187" lat="43.0672818" lon="-76.1138035"/>
 <node id="9877973860" visible="true" version="1" changeset="123417848" timestamp="2022-07-10T02:21:17Z" user="import_jarnold" uid="12601187" lat="43.0672016" lon="-76.1137969"/>
 <node id="9877973861" visible="true" version="1" changeset="123417848" timestamp="2022-07-10T02:21:17Z" user="import_jarnold" uid="12601187" lat="43.0672100" lon="-76.1136049"/>
 <node id="9877973862" visible="true" version="1" changeset="123417848" timestamp="2022-07-10T02:21:17Z" user="import_jarnold" uid="12601187" lat="43.0672536" lon="-76.1136085"/>
 <node id="9877973863" visible="true" version="1" changeset="123417848" timestamp="2022-07-10T02:21:17Z" user="import_jarnold" uid="12601187" lat="43.0672545" lon="-76.1135888"/>
 <node id="9877973864" visible="true" version="1" changeset="123417848" timestamp="2022-07-10T02:21:17Z" user="import_jarnold" uid="12601187" lat="43.0672874" lon="-76.1135915"/>
 <node id="9877973865" visible="true" version="1" changeset="123417848" timestamp="2022-07-10T02:21:17Z" user="import_jarnold" uid="12601187" lat="43.0672757" lon="-76.1135081"/>
 <node id="9877973866" visible="true" version="1" changeset="123417848" timestamp="2022-07-10T02:21:17Z" user="import_jarnold" uid="12601187" lat="43.0672807" lon="-76.1134264"/>
 <node id="9877973867" visible="true" version="1" changeset="123417848" timestamp="2022-07-10T02:21:17Z" user="import_jarnold" uid="12601187" lat="43.0673410" lon="-76.1134333"/>
 <node id="9877973868" visible="true" version="1" changeset="123417848" timestamp="2022-07-10T02:21:17Z" user="import_jarnold" uid="12601187" lat="43.0673359" lon="-76.1135151"/>
 <node id="9877980864" visible="true" version="1" changeset="123417849" timestamp="2022-07-10T02:21:22Z" user="import_jarnold" uid="12601187" lat="43.0680624" lon="-76.1124907"/>
 <node id="9877980865" visible="true" version="1" changeset="123417849" timestamp="2022-07-10T02:21:22Z" user="import_jarnold" uid="12601187" lat="43.0680161" lon="-76.1124857"/>
 <node id="9877980866" visible="true" version="1" changeset="123417849" timestamp="2022-07-10T02:21:22Z" user="import_jarnold" uid="12601187" lat="43.0680185" lon="-76.1124447"/>
 <node id="9877980867" visible="true" version="1" changeset="123417849" timestamp="2022-07-10T02:21:22Z" user="import_jarnold" uid="12601187" lat="43.0680648" lon="-76.1124498"/>
 <node id="9877987111" visible="true" version="1" changeset="123417849" timestamp="2022-07-10T02:21:22Z" user="import_jarnold" uid="12601187" lat="43.0677985" lon="-76.1125073"/>
 <node id="9877987112" visible="true" version="1" changeset="123417849" timestamp="2022-07-10T02:21:22Z" user="import_jarnold" uid="12601187" lat="43.0677997" lon="-76.1124813"/>
 <node id="9877987113" visible="true" version="1" changeset="123417849" timestamp="2022-07-10T02:21:22Z" user="import_jarnold" uid="12601187" lat="43.0677875" lon="-76.1124802"/>
 <node id="9877987114" visible="true" version="1" changeset="123417849" timestamp="2022-07-10T02:21:22Z" user="import_jarnold" uid="12601187" lat="43.0677952" lon="-76.1123163"/>
 <node id="9877987115" visible="true" version="1" changeset="123417849" timestamp="2022-07-10T02:21:22Z" user="import_jarnold" uid="12601187" lat="43.0678171" lon="-76.1123182"/>
 <node id="9877987116" visible="true" version="1" changeset="123417849" timestamp="2022-07-10T02:21:22Z" user="import_jarnold" uid="12601187" lat="43.0678180" lon="-76.1122982"/>
 <node id="9877987117" visible="true" version="1" changeset="123417849" timestamp="2022-07-10T02:21:22Z" user="import_jarnold" uid="12601187" lat="43.0678398" lon="-76.1123001"/>
 <node id="9877987118" visible="true" version="1" changeset="123417849" timestamp="2022-07-10T02:21:22Z" user="import_jarnold" uid="12601187" lat="43.0678387" lon="-76.1123223"/>
 <node id="9877987119" visible="true" version="1" changeset="123417849" timestamp="2022-07-10T02:21:22Z" user="import_jarnold" uid="12601187" lat="43.0678621" lon="-76.1123244"/>
 <node id="9877987120" visible="true" version="1" changeset="123417849" timestamp="2022-07-10T02:21:22Z" user="import_jarnold" uid="12601187" lat="43.0678589" lon="-76.1123930"/>
 <node id="9877987121" visible="true" version="1" changeset="123417849" timestamp="2022-07-10T02:21:22Z" user="import_jarnold" uid="12601187" lat="43.0678694" lon="-76.1123940"/>
 <node id="9877987122" visible="true" version="1" changeset="123417849" timestamp="2022-07-10T02:21:22Z" user="import_jarnold" uid="12601187" lat="43.0678726" lon="-76.1123252"/>
 <node id="9877987123" visible="true" version="1" changeset="123417849" timestamp="2022-07-10T02:21:22Z" user="import_jarnold" uid="12601187" lat="43.0678970" lon="-76.1123273"/>
 <node id="9877987124" visible="true" version="1" changeset="123417849" timestamp="2022-07-10T02:21:22Z" user="import_jarnold" uid="12601187" lat="43.0678979" lon="-76.1123074"/>
 <node id="9877987125" visible="true" version="1" changeset="123417849" timestamp="2022-07-10T02:21:22Z" user="import_jarnold" uid="12601187" lat="43.0679204" lon="-76.1123094"/>
 <node id="9877987126" visible="true" version="1" changeset="123417849" timestamp="2022-07-10T02:21:22Z" user="import_jarnold" uid="12601187" lat="43.0679194" lon="-76.1123308"/>
 <node id="9877987127" visible="true" version="1" changeset="123417849" timestamp="2022-07-10T02:21:22Z" user="import_jarnold" uid="12601187" lat="43.0679367" lon="-76.1123323"/>
 <node id="9877987128" visible="true" version="1" changeset="123417849" timestamp="2022-07-10T02:21:22Z" user="import_jarnold" uid="12601187" lat="43.0679290" lon="-76.1124950"/>
 <node id="9877987129" visible="true" version="1" changeset="123417849" timestamp="2022-07-10T02:21:22Z" user="import_jarnold" uid="12601187" lat="43.0679143" lon="-76.1124937"/>
 <node id="9877987130" visible="true" version="1" changeset="123417849" timestamp="2022-07-10T02:21:22Z" user="import_jarnold" uid="12601187" lat="43.0679132" lon="-76.1125174"/>
 <node id="9877988386" visible="true" version="1" changeset="123417853" timestamp="2022-07-10T02:21:27Z" user="import_jarnold" uid="12601187" lat="43.0676069" lon="-76.1115950"/>
 <node id="9877988387" visible="true" version="1" changeset="123417853" timestamp="2022-07-10T02:21:27Z" user="import_jarnold" uid="12601187" lat="43.0676106" lon="-76.1115953"/>
 <node id="9877988388" visible="true" version="1" changeset="123417853" timestamp="2022-07-10T02:21:27Z" user="import_jarnold" uid="12601187" lat="43.0676084" lon="-76.1116361"/>
 <node id="9877988389" visible="true" version="1" changeset="123417853" timestamp="2022-07-10T02:21:27Z" user="import_jarnold" uid="12601187" lat="43.0676053" lon="-76.1116358"/>
 <node id="9877988390" visible="true" version="1" changeset="123417853" timestamp="2022-07-10T02:21:27Z" user="import_jarnold" uid="12601187" lat="43.0676022" lon="-76.1116942"/>
 <node id="9877988391" visible="true" version="1" changeset="123417853" timestamp="2022-07-10T02:21:27Z" user="import_jarnold" uid="12601187" lat="43.0675965" lon="-76.1116936"/>
 <node id="9877988392" visible="true" version="1" changeset="123417853" timestamp="2022-07-10T02:21:27Z" user="import_jarnold" uid="12601187" lat="43.0675952" lon="-76.1117183"/>
 <node id="9877988393" visible="true" version="1" changeset="123417853" timestamp="2022-07-10T02:21:27Z" user="import_jarnold" uid="12601187" lat="43.0675866" lon="-76.1117059"/>
 <node id="9877988394" visible="true" version="1" changeset="123417853" timestamp="2022-07-10T02:21:27Z" user="import_jarnold" uid="12601187" lat="43.0675742" lon="-76.1117047"/>
 <node id="9877988395" visible="true" version="1" changeset="123417853" timestamp="2022-07-10T02:21:27Z" user="import_jarnold" uid="12601187" lat="43.0675614" lon="-76.1117212"/>
 <node id="9877988396" visible="true" version="1" changeset="123417853" timestamp="2022-07-10T02:21:27Z" user="import_jarnold" uid="12601187" lat="43.0675585" lon="-76.1117745"/>
 <node id="9877988397" visible="true" version="1" changeset="123417853" timestamp="2022-07-10T02:21:27Z" user="import_jarnold" uid="12601187" lat="43.0675391" lon="-76.1117726"/>
 <node id="9877988398" visible="true" version="1" changeset="123417853" timestamp="2022-07-10T02:21:27Z" user="import_jarnold" uid="12601187" lat="43.0675434" lon="-76.1116912"/>
 <node id="9877988399" visible="true" version="1" changeset="123417853" timestamp="2022-07-10T02:21:27Z" user="import_jarnold" uid="12601187" lat="43.0675263" lon="-76.1116895"/>
 <node id="9877988400" visible="true" version="1" changeset="123417853" timestamp="2022-07-10T02:21:27Z" user="import_jarnold" uid="12601187" lat="43.0675364" lon="-76.1114996"/>
 <node id="9877988401" visible="true" version="1" changeset="123417853" timestamp="2022-07-10T02:21:27Z" user="import_jarnold" uid="12601187" lat="43.0676116" lon="-76.1115070"/>
 <node id="9877991846" visible="true" version="1" changeset="123417853" timestamp="2022-07-10T02:21:27Z" user="import_jarnold" uid="12601187" lat="43.0676887" lon="-76.1134446"/>
 <node id="9877991847" visible="true" version="1" changeset="123417853" timestamp="2022-07-10T02:21:27Z" user="import_jarnold" uid="12601187" lat="43.0677551" lon="-76.1134528"/>
 <node id="9877991848" visible="true" version="1" changeset="123417853" timestamp="2022-07-10T02:21:27Z" user="import_jarnold" uid="12601187" lat="43.0677491" lon="-76.1135429"/>
 <node id="9877991849" visible="true" version="1" changeset="123417853" timestamp="2022-07-10T02:21:27Z" user="import_jarnold" uid="12601187" lat="43.0676828" lon="-76.1135347"/>
 <node id="9877991850" visible="true" version="1" changeset="123417853" timestamp="2022-07-10T02:21:27Z" user="import_jarnold" uid="12601187" lat="43.0676149" lon="-76.1138337"/>
 <node id="9877991851" visible="true" version="1" changeset="123417853" timestamp="2022-07-10T02:21:27Z" user="import_jarnold" uid="12601187" lat="43.0676283" lon="-76.1136227"/>
 <node id="9877991852" visible="true" version="1" changeset="123417853" timestamp="2022-07-10T02:21:27Z" user="import_jarnold" uid="12601187" lat="43.0677104" lon="-76.1136324"/>
 <node id="9877991853" visible="true" version="1" changeset="123417853" timestamp="2022-07-10T02:21:27Z" user="import_jarnold" uid="12601187" lat="43.0676970" lon="-76.1138435"/>
 <node id="9877996425" visible="true" version="1" changeset="123417853" timestamp="2022-07-10T02:21:27Z" user="import_jarnold" uid="12601187" lat="43.0694929" lon="-76.1124855"/>
 <node id="9877996426" visible="true" version="1" changeset="123417853" timestamp="2022-07-10T02:21:27Z" user="import_jarnold" uid="12601187" lat="43.0693920" lon="-76.1124774"/>
 <node id="9877996427" visible="true" version="1" changeset="123417853" timestamp="2022-07-10T02:21:27Z" user="import_jarnold" uid="12601187" lat="43.0693962" lon="-76.1123780"/>
 <node id="9877996428" visible="true" version="1" changeset="123417853" timestamp="2022-07-10T02:21:27Z" user="import_jarnold" uid="12601187" lat="43.0693894" lon="-76.1123775"/>
 <node id="9877996429" visible="true" version="1" changeset="123417853" timestamp="2022-07-10T02:21:27Z" user="import_jarnold" uid="12601187" lat="43.0693906" lon="-76.1123495"/>
 <node id="9877996430" visible="true" version="1" changeset="123417853" timestamp="2022-07-10T02:21:27Z" user="import_jarnold" uid="12601187" lat="43.0693968" lon="-76.1123500"/>
 <node id="9877996431" visible="true" version="1" changeset="123417853" timestamp="2022-07-10T02:21:27Z" user="import_jarnold" uid="12601187" lat="43.0694011" lon="-76.1122502"/>
 <node id="9877996432" visible="true" version="1" changeset="123417853" timestamp="2022-07-10T02:21:27Z" user="import_jarnold" uid="12601187" lat="43.0694127" lon="-76.1122511"/>
 <node id="9877996433" visible="true" version="1" changeset="123417853" timestamp="2022-07-10T02:21:27Z" user="import_jarnold" uid="12601187" lat="43.0694130" lon="-76.1122437"/>
 <node id="9877996434" visible="true" version="1" changeset="123417853" timestamp="2022-07-10T02:21:27Z" user="import_jarnold" uid="12601187" lat="43.0694463" lon="-76.1122464"/>
 <node id="9877996435" visible="true" version="1" changeset="123417853" timestamp="2022-07-10T02:21:27Z" user="import_jarnold" uid="12601187" lat="43.0694459" lon="-76.1122546"/>
 <node id="9877996436" visible="true" version="1" changeset="123417853" timestamp="2022-07-10T02:21:27Z" user="import_jarnold" uid="12601187" lat="43.0695026" lon="-76.1122591"/>
 <node id="9878000767" visible="true" version="1" changeset="123417854" timestamp="2022-07-10T02:21:31Z" user="import_jarnold" uid="12601187" lat="43.0678261" lon="-76.1137926"/>
 <node id="9878000768" visible="true" version="1" changeset="123417854" timestamp="2022-07-10T02:21:31Z" user="import_jarnold" uid="12601187" lat="43.0678250" lon="-76.1138224"/>
 <node id="9878000769" visible="true" version="1" changeset="123417854" timestamp="2022-07-10T02:21:31Z" user="import_jarnold" uid="12601187" lat="43.0678184" lon="-76.1138219"/>
 <node id="9878000770" visible="true" version="1" changeset="123417854" timestamp="2022-07-10T02:21:31Z" user="import_jarnold" uid="12601187" lat="43.0678173" lon="-76.1138524"/>
 <node id="9878000771" visible="true" version="1" changeset="123417854" timestamp="2022-07-10T02:21:31Z" user="import_jarnold" uid="12601187" lat="43.0677557" lon="-76.1138480"/>
 <node id="9878000772" visible="true" version="1" changeset="123417854" timestamp="2022-07-10T02:21:31Z" user="import_jarnold" uid="12601187" lat="43.0677569" lon="-76.1138166"/>
 <node id="9878000773" visible="true" version="1" changeset="123417854" timestamp="2022-07-10T02:21:31Z" user="import_jarnold" uid="12601187" lat="43.0677510" lon="-76.1138162"/>
 <node id="9878000774" visible="true" version="1" changeset="123417854" timestamp="2022-07-10T02:21:31Z" user="import_jarnold" uid="12601187" lat="43.0677529" lon="-76.1137662"/>
 <node id="9878000775" visible="true" version="1" changeset="123417854" timestamp="2022-07-10T02:21:31Z" user="import_jarnold" uid="12601187" lat="43.0677467" lon="-76.1137658"/>
 <node id="9878000776" visible="true" version="1" changeset="123417854" timestamp="2022-07-10T02:21:31Z" user="import_jarnold" uid="12601187" lat="43.0677478" lon="-76.1137364"/>
 <node id="9878000777" visible="true" version="1" changeset="123417854" timestamp="2022-07-10T02:21:31Z" user="import_jarnold" uid="12601187" lat="43.0677539" lon="-76.1137369"/>
 <node id="9878000778" visible="true" version="1" changeset="123417854" timestamp="2022-07-10T02:21:31Z" user="import_jarnold" uid="12601187" lat="43.0677570" lon="-76.1136554"/>
 <node id="9878000779" visible="true" version="1" changeset="123417854" timestamp="2022-07-10T02:21:31Z" user="import_jarnold" uid="12601187" lat="43.0677601" lon="-76.1136556"/>
 <node id="9878000780" visible="true" version="1" changeset="123417854" timestamp="2022-07-10T02:21:31Z" user="import_jarnold" uid="12601187" lat="43.0677622" lon="-76.1136027"/>
 <node id="9878000781" visible="true" version="1" changeset="123417854" timestamp="2022-07-10T02:21:31Z" user="import_jarnold" uid="12601187" lat="43.0678005" lon="-76.1136055"/>
 <node id="9878000782" visible="true" version="1" changeset="123417854" timestamp="2022-07-10T02:21:31Z" user="import_jarnold" uid="12601187" lat="43.0677994" lon="-76.1136345"/>
 <node id="9878000783" visible="true" version="1" changeset="123417854" timestamp="2022-07-10T02:21:31Z" user="import_jarnold" uid="12601187" lat="43.0678323" lon="-76.1136369"/>
 <node id="9878000784" visible="true" version="1" changeset="123417854" timestamp="2022-07-10T02:21:31Z" user="import_jarnold" uid="12601187" lat="43.0678290" lon="-76.1137214"/>
 <node id="9878000785" visible="true" version="1" changeset="123417854" timestamp="2022-07-10T02:21:31Z" user="import_jarnold" uid="12601187" lat="43.0678631" lon="-76.1137239"/>
 <node id="9878000786" visible="true" version="1" changeset="123417854" timestamp="2022-07-10T02:21:31Z" user="import_jarnold" uid="12601187" lat="43.0678604" lon="-76.1137951"/>
 <node id="9878000787" visible="true" version="1" changeset="123417854" timestamp="2022-07-10T02:21:31Z" user="import_jarnold" uid="12601187" lat="43.0678272" lon="-76.1134744"/>
 <node id="9878000788" visible="true" version="1" changeset="123417854" timestamp="2022-07-10T02:21:31Z" user="import_jarnold" uid="12601187" lat="43.0678314" lon="-76.1133918"/>
 <node id="9878000789" visible="true" version="1" changeset="123417854" timestamp="2022-07-10T02:21:31Z" user="import_jarnold" uid="12601187" lat="43.0678921" lon="-76.1133976"/>
 <node id="9878000790" visible="true" version="1" changeset="123417854" timestamp="2022-07-10T02:21:31Z" user="import_jarnold" uid="12601187" lat="43.0678879" lon="-76.1134802"/>
 <node id="9878001065" visible="true" version="1" changeset="123417854" timestamp="2022-07-10T02:21:31Z" user="import_jarnold" uid="12601187" lat="43.0674919" lon="-76.1116684"/>
 <node id="9878001066" visible="true" version="1" changeset="123417854" timestamp="2022-07-10T02:21:31Z" user="import_jarnold" uid="12601187" lat="43.0674965" lon="-76.1116689"/>
 <node id="9878001067" visible="true" version="1" changeset="123417854" timestamp="2022-07-10T02:21:31Z" user="import_jarnold" uid="12601187" lat="43.0674921" lon="-76.1117445"/>
 <node id="9878001068" visible="true" version="1" changeset="123417854" timestamp="2022-07-10T02:21:31Z" user="import_jarnold" uid="12601187" lat="43.0674240" lon="-76.1117371"/>
 <node id="9878001069" visible="true" version="1" changeset="123417854" timestamp="2022-07-10T02:21:31Z" user="import_jarnold" uid="12601187" lat="43.0674283" lon="-76.1116626"/>
 <node id="9878001070" visible="true" version="1" changeset="123417854" timestamp="2022-07-10T02:21:31Z" user="import_jarnold" uid="12601187" lat="43.0674455" lon="-76.1116645"/>
 <node id="9878001071" visible="true" version="1" changeset="123417854" timestamp="2022-07-10T02:21:31Z" user="import_jarnold" uid="12601187" lat="43.0674467" lon="-76.1116438"/>
 <node id="9878001072" visible="true" version="1" changeset="123417854" timestamp="2022-07-10T02:21:31Z" user="import_jarnold" uid="12601187" lat="43.0674228" lon="-76.1116412"/>
 <node id="9878001073" visible="true" version="1" changeset="123417854" timestamp="2022-07-10T02:21:31Z" user="import_jarnold" uid="12601187" lat="43.0674237" lon="-76.1116269"/>
 <node id="9878001074" visible="true" version="1" changeset="123417854" timestamp="2022-07-10T02:21:31Z" user="import_jarnold" uid="12601187" lat="43.0674175" lon="-76.1116263"/>
 <node id="9878001075" visible="true" version="1" changeset="123417854" timestamp="2022-07-10T02:21:31Z" user="import_jarnold" uid="12601187" lat="43.0674198" lon="-76.1115874"/>
 <node id="9878001076" visible="true" version="1" changeset="123417854" timestamp="2022-07-10T02:21:31Z" user="import_jarnold" uid="12601187" lat="43.0674236" lon="-76.1115878"/>
 <node id="9878001077" visible="true" version="1" changeset="123417854" timestamp="2022-07-10T02:21:31Z" user="import_jarnold" uid="12601187" lat="43.0674292" lon="-76.1114921"/>
 <node id="9878001078" visible="true" version="1" changeset="123417854" timestamp="2022-07-10T02:21:31Z" user="import_jarnold" uid="12601187" lat="43.0675017" lon="-76.1114999"/>
 <node id="9878001079" visible="true" version="1" changeset="123417854" timestamp="2022-07-10T02:21:31Z" user="import_jarnold" uid="12601187" lat="43.0674413" lon="-76.1119469"/>
 <node id="9878001080" visible="true" version="1" changeset="123417854" timestamp="2022-07-10T02:21:31Z" user="import_jarnold" uid="12601187" lat="43.0673933" lon="-76.1119433"/>
 <node id="9878001081" visible="true" version="1" changeset="123417854" timestamp="2022-07-10T02:21:31Z" user="import_jarnold" uid="12601187" lat="43.0673964" lon="-76.1118676"/>
 <node id="9878001082" visible="true" version="1" changeset="123417854" timestamp="2022-07-10T02:21:31Z" user="import_jarnold" uid="12601187" lat="43.0674443" lon="-76.1118711"/>
 <node id="9878018450" visible="true" version="1" changeset="123417857" timestamp="2022-07-10T02:21:41Z" user="import_jarnold" uid="12601187" lat="43.0700275" lon="-76.1130638"/>
 <node id="9878018451" visible="true" version="1" changeset="123417857" timestamp="2022-07-10T02:21:41Z" user="import_jarnold" uid="12601187" lat="43.0699733" lon="-76.1130571"/>
 <node id="9878018452" visible="true" version="1" changeset="123417857" timestamp="2022-07-10T02:21:41Z" user="import_jarnold" uid="12601187" lat="43.0699765" lon="-76.1130088"/>
 <node id="9878018453" visible="true" version="1" changeset="123417857" timestamp="2022-07-10T02:21:41Z" user="import_jarnold" uid="12601187" lat="43.0700307" lon="-76.1130154"/>
 <node id="9878018454" visible="true" version="1" changeset="123417857" timestamp="2022-07-10T02:21:41Z" user="import_jarnold" uid="12601187" lat="43.0699604" lon="-76.1129983"/>
 <node id="9878018455" visible="true" version="1" changeset="123417857" timestamp="2022-07-10T02:21:41Z" user="import_jarnold" uid="12601187" lat="43.0699656" lon="-76.1128538"/>
 <node id="9878018456" visible="true" version="1" changeset="123417857" timestamp="2022-07-10T02:21:41Z" user="import_jarnold" uid="12601187" lat="43.0699691" lon="-76.1128540"/>
 <node id="9878018457" visible="true" version="1" changeset="123417857" timestamp="2022-07-10T02:21:41Z" user="import_jarnold" uid="12601187" lat="43.0699700" lon="-76.1128280"/>
 <node id="9878018458" visible="true" version="1" changeset="123417857" timestamp="2022-07-10T02:21:41Z" user="import_jarnold" uid="12601187" lat="43.0700157" lon="-76.1128310"/>
 <node id="9878018459" visible="true" version="1" changeset="123417857" timestamp="2022-07-10T02:21:41Z" user="import_jarnold" uid="12601187" lat="43.0700148" lon="-76.1128572"/>
 <node id="9878018460" visible="true" version="1" changeset="123417857" timestamp="2022-07-10T02:21:41Z" user="import_jarnold" uid="12601187" lat="43.0700355" lon="-76.1128585"/>
 <node id="9878018461" visible="true" version="1" changeset="123417857" timestamp="2022-07-10T02:21:41Z" user="import_jarnold" uid="12601187" lat="43.0700339" lon="-76.1129037"/>
 <node id="9878018462" visible="true" version="1" changeset="123417857" timestamp="2022-07-10T02:21:41Z" user="import_jarnold" uid="12601187" lat="43.0700363" lon="-76.1129038"/>
 <node id="9878018463" visible="true" version="1" changeset="123417857" timestamp="2022-07-10T02:21:41Z" user="import_jarnold" uid="12601187" lat="43.0700348" lon="-76.1129450"/>
 <node id="9878018464" visible="true" version="1" changeset="123417857" timestamp="2022-07-10T02:21:41Z" user="import_jarnold" uid="12601187" lat="43.0700310" lon="-76.1129447"/>
 <node id="9878018465" visible="true" version="1" changeset="123417857" timestamp="2022-07-10T02:21:41Z" user="import_jarnold" uid="12601187" lat="43.0700289" lon="-76.1130029"/>
 <node id="9878018722" visible="true" version="1" changeset="123417857" timestamp="2022-07-10T02:21:41Z" user="import_jarnold" uid="12601187" lat="43.0672197" lon="-76.1110009"/>
 <node id="9878018723" visible="true" version="1" changeset="123417857" timestamp="2022-07-10T02:21:41Z" user="import_jarnold" uid="12601187" lat="43.0672315" lon="-76.1107480"/>
 <node id="9878018724" visible="true" version="1" changeset="123417857" timestamp="2022-07-10T02:21:41Z" user="import_jarnold" uid="12601187" lat="43.0672778" lon="-76.1107520"/>
 <node id="9878018725" visible="true" version="1" changeset="123417857" timestamp="2022-07-10T02:21:41Z" user="import_jarnold" uid="12601187" lat="43.0672767" lon="-76.1107760"/>
 <node id="9878018726" visible="true" version="1" changeset="123417857" timestamp="2022-07-10T02:21:41Z" user="import_jarnold" uid="12601187" lat="43.0673150" lon="-76.1107793"/>
 <node id="9878018727" visible="true" version="1" changeset="123417857" timestamp="2022-07-10T02:21:41Z" user="import_jarnold" uid="12601187" lat="43.0673059" lon="-76.1109752"/>
 <node id="9878018728" visible="true" version="1" changeset="123417857" timestamp="2022-07-10T02:21:41Z" user="import_jarnold" uid="12601187" lat="43.0673015" lon="-76.1109739"/>
 <node id="9878018729" visible="true" version="1" changeset="123417857" timestamp="2022-07-10T02:21:41Z" user="import_jarnold" uid="12601187" lat="43.0672999" lon="-76.1110078"/>
 <node id="9878020899" visible="true" version="1" changeset="123417857" timestamp="2022-07-10T02:21:41Z" user="import_jarnold" uid="12601187" lat="43.0671375" lon="-76.1134964"/>
 <node id="9878020900" visible="true" version="1" changeset="123417857" timestamp="2022-07-10T02:21:41Z" user="import_jarnold" uid="12601187" lat="43.0671416" lon="-76.1134133"/>
 <node id="9878020901" visible="true" version="1" changeset="123417857" timestamp="2022-07-10T02:21:41Z" user="import_jarnold" uid="12601187" lat="43.0672030" lon="-76.1134190"/>
 <node id="9878020902" visible="true" version="1" changeset="123417857" timestamp="2022-07-10T02:21:41Z" user="import_jarnold" uid="12601187" lat="43.0671988" lon="-76.1135022"/>
 <node id="9878020903" visible="true" version="1" changeset="123417857" timestamp="2022-07-10T02:21:41Z" user="import_jarnold" uid="12601187" lat="43.0670627" lon="-76.1137832"/>
 <node id="9878020904" visible="true" version="1" changeset="123417857" timestamp="2022-07-10T02:21:41Z" user="import_jarnold" uid="12601187" lat="43.0670741" lon="-76.1135924"/>
 <node id="9878020905" visible="true" version="1" changeset="123417857" timestamp="2022-07-10T02:21:41Z" user="import_jarnold" uid="12601187" lat="43.0671174" lon="-76.1135972"/>
 <node id="9878020906" visible="true" version="1" changeset="123417857" timestamp="2022-07-10T02:21:41Z" user="import_jarnold" uid="12601187" lat="43.0671189" lon="-76.1135733"/>
 <node id="9878020907" visible="true" version="1" changeset="123417857" timestamp="2022-07-10T02:21:41Z" user="import_jarnold" uid="12601187" lat="43.0671508" lon="-76.1135768"/>
 <node id="9878020908" visible="true" version="1" changeset="123417857" timestamp="2022-07-10T02:21:41Z" user="import_jarnold" uid="12601187" lat="43.0671495" lon="-76.1135993"/>
 <node id="9878020909" visible="true" version="1" changeset="123417857" timestamp="2022-07-10T02:21:41Z" user="import_jarnold" uid="12601187" lat="43.0671566" lon="-76.1136001"/>
 <node id="9878020910" visible="true" version="1" changeset="123417857" timestamp="2022-07-10T02:21:41Z" user="import_jarnold" uid="12601187" lat="43.0671451" lon="-76.1137924"/>
 <node id="9878021650" visible="true" version="1" changeset="123417857" timestamp="2022-07-10T02:21:41Z" user="import_jarnold" uid="12601187" lat="43.0674785" lon="-76.1124183"/>
 <node id="9878021651" visible="true" version="1" changeset="123417857" timestamp="2022-07-10T02:21:41Z" user="import_jarnold" uid="12601187" lat="43.0674736" lon="-76.1124180"/>
 <node id="9878021652" visible="true" version="1" changeset="123417857" timestamp="2022-07-10T02:21:41Z" user="import_jarnold" uid="12601187" lat="43.0674750" lon="-76.1123779"/>
 <node id="9878021653" visible="true" version="1" changeset="123417857" timestamp="2022-07-10T02:21:41Z" user="import_jarnold" uid="12601187" lat="43.0674801" lon="-76.1123782"/>
 <node id="9878021654" visible="true" version="1" changeset="123417857" timestamp="2022-07-10T02:21:41Z" user="import_jarnold" uid="12601187" lat="43.0674821" lon="-76.1123181"/>
 <node id="9878021655" visible="true" version="1" changeset="123417857" timestamp="2022-07-10T02:21:41Z" user="import_jarnold" uid="12601187" lat="43.0675025" lon="-76.1123193"/>
 <node id="9878021656" visible="true" version="1" changeset="123417857" timestamp="2022-07-10T02:21:41Z" user="import_jarnold" uid="12601187" lat="43.0675031" lon="-76.1123007"/>
 <node id="9878021657" visible="true" version="1" changeset="123417857" timestamp="2022-07-10T02:21:41Z" user="import_jarnold" uid="12601187" lat="43.0675293" lon="-76.1123023"/>
 <node id="9878021658" visible="true" version="1" changeset="123417857" timestamp="2022-07-10T02:21:41Z" user="import_jarnold" uid="12601187" lat="43.0675310" lon="-76.1122500"/>
 <node id="9878021659" visible="true" version="1" changeset="123417857" timestamp="2022-07-10T02:21:41Z" user="import_jarnold" uid="12601187" lat="43.0675285" lon="-76.1122498"/>
 <node id="9878021660" visible="true" version="1" changeset="123417857" timestamp="2022-07-10T02:21:41Z" user="import_jarnold" uid="12601187" lat="43.0675299" lon="-76.1122072"/>
 <node id="9878021661" visible="true" version="1" changeset="123417857" timestamp="2022-07-10T02:21:41Z" user="import_jarnold" uid="12601187" lat="43.0675715" lon="-76.1122097"/>
 <node id="9878021662" visible="true" version="1" changeset="123417857" timestamp="2022-07-10T02:21:41Z" user="import_jarnold" uid="12601187" lat="43.0675700" lon="-76.1122536"/>
 <node id="9878021663" visible="true" version="1" changeset="123417857" timestamp="2022-07-10T02:21:41Z" user="import_jarnold" uid="12601187" lat="43.0675662" lon="-76.1122534"/>
 <node id="9878021664" visible="true" version="1" changeset="123417857" timestamp="2022-07-10T02:21:41Z" user="import_jarnold" uid="12601187" lat="43.0675642" lon="-76.1123141"/>
 <node id="9878021665" visible="true" version="1" changeset="123417857" timestamp="2022-07-10T02:21:41Z" user="import_jarnold" uid="12601187" lat="43.0675533" lon="-76.1123134"/>
 <node id="9878021666" visible="true" version="1" changeset="123417857" timestamp="2022-07-10T02:21:41Z" user="import_jarnold" uid="12601187" lat="43.0675553" lon="-76.1122527"/>
 <node id="9878021667" visible="true" version="1" changeset="123417857" timestamp="2022-07-10T02:21:41Z" user="import_jarnold" uid="12601187" lat="43.0675432" lon="-76.1122520"/>
 <node id="9878021668" visible="true" version="1" changeset="123417857" timestamp="2022-07-10T02:21:41Z" user="import_jarnold" uid="12601187" lat="43.0675414" lon="-76.1123046"/>
 <node id="9878021669" visible="true" version="1" changeset="123417857" timestamp="2022-07-10T02:21:41Z" user="import_jarnold" uid="12601187" lat="43.0675440" lon="-76.1123048"/>
 <node id="9878021670" visible="true" version="1" changeset="123417857" timestamp="2022-07-10T02:21:41Z" user="import_jarnold" uid="12601187" lat="43.0675433" lon="-76.1123241"/>
 <node id="9878021671" visible="true" version="1" changeset="123417857" timestamp="2022-07-10T02:21:41Z" user="import_jarnold" uid="12601187" lat="43.0675558" lon="-76.1123249"/>
 <node id="9878021672" visible="true" version="1" changeset="123417857" timestamp="2022-07-10T02:21:41Z" user="import_jarnold" uid="12601187" lat="43.0675540" lon="-76.1123777"/>
 <node id="9878021673" visible="true" version="1" changeset="123417857" timestamp="2022-07-10T02:21:41Z" user="import_jarnold" uid="12601187" lat="43.0675575" lon="-76.1123779"/>
 <node id="9878021674" visible="true" version="1" changeset="123417857" timestamp="2022-07-10T02:21:41Z" user="import_jarnold" uid="12601187" lat="43.0675564" lon="-76.1124115"/>
 <node id="9878021675" visible="true" version="1" changeset="123417857" timestamp="2022-07-10T02:21:41Z" user="import_jarnold" uid="12601187" lat="43.0675511" lon="-76.1124111"/>
 <node id="9878021676" visible="true" version="1" changeset="123417857" timestamp="2022-07-10T02:21:41Z" user="import_jarnold" uid="12601187" lat="43.0675484" lon="-76.1124908"/>
 <node id="9878021677" visible="true" version="1" changeset="123417857" timestamp="2022-07-10T02:21:41Z" user="import_jarnold" uid="12601187" lat="43.0674762" lon="-76.1124863"/>
 <node id="9878024032" visible="true" version="1" changeset="123417857" timestamp="2022-07-10T02:21:41Z" user="import_jarnold" uid="12601187" lat="43.0695891" lon="-76.1136954"/>
 <node id="9878024033" visible="true" version="1" changeset="123417857" timestamp="2022-07-10T02:21:41Z" user="import_jarnold" uid="12601187" lat="43.0695875" lon="-76.1136952"/>
 <node id="9878024034" visible="true" version="1" changeset="123417857" timestamp="2022-07-10T02:21:41Z" user="import_jarnold" uid="12601187" lat="43.0695905" lon="-76.1136237"/>
 <node id="9878024035" visible="true" version="1" changeset="123417857" timestamp="2022-07-10T02:21:41Z" user="import_jarnold" uid="12601187" lat="43.0696730" lon="-76.1136300"/>
 <node id="9878024036" visible="true" version="1" changeset="123417857" timestamp="2022-07-10T02:21:41Z" user="import_jarnold" uid="12601187" lat="43.0696701" lon="-76.1136995"/>
 <node id="9878024037" visible="true" version="1" changeset="123417857" timestamp="2022-07-10T02:21:41Z" user="import_jarnold" uid="12601187" lat="43.0696713" lon="-76.1136996"/>
 <node id="9878024038" visible="true" version="1" changeset="123417857" timestamp="2022-07-10T02:21:41Z" user="import_jarnold" uid="12601187" lat="43.0696672" lon="-76.1138007"/>
 <node id="9878024039" visible="true" version="1" changeset="123417857" timestamp="2022-07-10T02:21:41Z" user="import_jarnold" uid="12601187" lat="43.0696653" lon="-76.1138006"/>
 <node id="9878024040" visible="true" version="1" changeset="123417857" timestamp="2022-07-10T02:21:41Z" user="import_jarnold" uid="12601187" lat="43.0696638" lon="-76.1138365"/>
 <node id="9878024041" visible="true" version="1" changeset="123417857" timestamp="2022-07-10T02:21:41Z" user="import_jarnold" uid="12601187" lat="43.0696302" lon="-76.1138339"/>
 <node id="9878024042" visible="true" version="1" changeset="123417857" timestamp="2022-07-10T02:21:41Z" user="import_jarnold" uid="12601187" lat="43.0696296" lon="-76.1138488"/>
 <node id="9878024043" visible="true" version="1" changeset="123417857" timestamp="2022-07-10T02:21:41Z" user="import_jarnold" uid="12601187" lat="43.0696129" lon="-76.1138475"/>
 <node id="9878024044" visible="true" version="1" changeset="123417857" timestamp="2022-07-10T02:21:41Z" user="import_jarnold" uid="12601187" lat="43.0696135" lon="-76.1138327"/>
 <node id="9878024045" visible="true" version="1" changeset="123417857" timestamp="2022-07-10T02:21:41Z" user="import_jarnold" uid="12601187" lat="43.0695835" lon="-76.1138304"/>
 <node id="9878029940" visible="true" version="1" changeset="123417859" timestamp="2022-07-10T02:21:46Z" user="import_jarnold" uid="12601187" lat="43.0671244" lon="-76.1129505"/>
 <node id="9878029941" visible="true" version="1" changeset="123417859" timestamp="2022-07-10T02:21:46Z" user="import_jarnold" uid="12601187" lat="43.0671321" lon="-76.1127789"/>
 <node id="9878029942" visible="true" version="1" changeset="123417859" timestamp="2022-07-10T02:21:46Z" user="import_jarnold" uid="12601187" lat="43.0672082" lon="-76.1127852"/>
 <node id="9878029943" visible="true" version="1" changeset="123417859" timestamp="2022-07-10T02:21:46Z" user="import_jarnold" uid="12601187" lat="43.0672005" lon="-76.1129568"/>
 <node id="9878029944" visible="true" version="1" changeset="123417859" timestamp="2022-07-10T02:21:46Z" user="import_jarnold" uid="12601187" lat="43.0671549" lon="-76.1131562"/>
 <node id="9878029945" visible="true" version="1" changeset="123417859" timestamp="2022-07-10T02:21:46Z" user="import_jarnold" uid="12601187" lat="43.0671602" lon="-76.1130698"/>
 <node id="9878029946" visible="true" version="1" changeset="123417859" timestamp="2022-07-10T02:21:46Z" user="import_jarnold" uid="12601187" lat="43.0672213" lon="-76.1130768"/>
 <node id="9878029947" visible="true" version="1" changeset="123417859" timestamp="2022-07-10T02:21:46Z" user="import_jarnold" uid="12601187" lat="43.0672160" lon="-76.1131633"/>
 <node id="9878036568" visible="true" version="1" changeset="123417859" timestamp="2022-07-10T02:21:46Z" user="import_jarnold" uid="12601187" lat="43.0695899" lon="-76.1111168"/>
 <node id="9878036569" visible="true" version="1" changeset="123417859" timestamp="2022-07-10T02:21:46Z" user="import_jarnold" uid="12601187" lat="43.0695083" lon="-76.1111105"/>
 <node id="9878036570" visible="true" version="1" changeset="123417859" timestamp="2022-07-10T02:21:46Z" user="import_jarnold" uid="12601187" lat="43.0695114" lon="-76.1110354"/>
 <node id="9878036571" visible="true" version="1" changeset="123417859" timestamp="2022-07-10T02:21:46Z" user="import_jarnold" uid="12601187" lat="43.0695930" lon="-76.1110418"/>
 <node id="9878038715" visible="true" version="1" changeset="123417860" timestamp="2022-07-10T02:21:51Z" user="import_jarnold" uid="12601187" lat="43.0670077" lon="-76.1134370"/>
 <node id="9878038716" visible="true" version="1" changeset="123417860" timestamp="2022-07-10T02:21:51Z" user="import_jarnold" uid="12601187" lat="43.0670109" lon="-76.1133557"/>
 <node id="9878038717" visible="true" version="1" changeset="123417860" timestamp="2022-07-10T02:21:51Z" user="import_jarnold" uid="12601187" lat="43.0670724" lon="-76.1133601"/>
 <node id="9878038718" visible="true" version="1" changeset="123417860" timestamp="2022-07-10T02:21:51Z" user="import_jarnold" uid="12601187" lat="43.0670693" lon="-76.1134414"/>
 <node id="9878038719" visible="true" version="1" changeset="123417860" timestamp="2022-07-10T02:21:51Z" user="import_jarnold" uid="12601187" lat="43.0669278" lon="-76.1137707"/>
 <node id="9878038720" visible="true" version="1" changeset="123417860" timestamp="2022-07-10T02:21:51Z" user="import_jarnold" uid="12601187" lat="43.0669367" lon="-76.1135420"/>
 <node id="9878038721" visible="true" version="1" changeset="123417860" timestamp="2022-07-10T02:21:51Z" user="import_jarnold" uid="12601187" lat="43.0669416" lon="-76.1135424"/>
 <node id="9878038722" visible="true" version="1" changeset="123417860" timestamp="2022-07-10T02:21:51Z" user="import_jarnold" uid="12601187" lat="43.0669453" lon="-76.1134480"/>
 <node id="9878038723" visible="true" version="1" changeset="123417860" timestamp="2022-07-10T02:21:51Z" user="import_jarnold" uid="12601187" lat="43.0669577" lon="-76.1134489"/>
 <node id="9878038724" visible="true" version="1" changeset="123417860" timestamp="2022-07-10T02:21:51Z" user="import_jarnold" uid="12601187" lat="43.0669572" lon="-76.1134623"/>
 <node id="9878038725" visible="true" version="1" changeset="123417860" timestamp="2022-07-10T02:21:51Z" user="import_jarnold" uid="12601187" lat="43.0669968" lon="-76.1134651"/>
 <node id="9878038726" visible="true" version="1" changeset="123417860" timestamp="2022-07-10T02:21:51Z" user="import_jarnold" uid="12601187" lat="43.0669953" lon="-76.1135034"/>
 <node id="9878038727" visible="true" version="1" changeset="123417860" timestamp="2022-07-10T02:21:51Z" user="import_jarnold" uid="12601187" lat="43.0670194" lon="-76.1135051"/>
 <node id="9878038728" visible="true" version="1" changeset="123417860" timestamp="2022-07-10T02:21:51Z" user="import_jarnold" uid="12601187" lat="43.0670089" lon="-76.1137766"/>
 <node id="9878044734" visible="true" version="1" changeset="123417860" timestamp="2022-07-10T02:21:51Z" user="import_jarnold" uid="12601187" lat="43.0696509" lon="-76.1111277"/>
 <node id="9878044735" visible="true" version="1" changeset="123417860" timestamp="2022-07-10T02:21:51Z" user="import_jarnold" uid="12601187" lat="43.0696191" lon="-76.1111242"/>
 <node id="9878044736" visible="true" version="1" changeset="123417860" timestamp="2022-07-10T02:21:51Z" user="import_jarnold" uid="12601187" lat="43.0696232" lon="-76.1110538"/>
 <node id="9878044737" visible="true" version="1" changeset="123417860" timestamp="2022-07-10T02:21:51Z" user="import_jarnold" uid="12601187" lat="43.0696551" lon="-76.1110573"/>
 <node id="9878050115" visible="true" version="1" changeset="123417863" timestamp="2022-07-10T02:21:55Z" user="import_jarnold" uid="12601187" lat="43.0670204" lon="-76.1129725"/>
 <node id="9878050116" visible="true" version="1" changeset="123417863" timestamp="2022-07-10T02:21:55Z" user="import_jarnold" uid="12601187" lat="43.0670228" lon="-76.1129242"/>
 <node id="9878050117" visible="true" version="1" changeset="123417863" timestamp="2022-07-10T02:21:55Z" user="import_jarnold" uid="12601187" lat="43.0670189" lon="-76.1129238"/>
 <node id="9878050118" visible="true" version="1" changeset="123417863" timestamp="2022-07-10T02:21:55Z" user="import_jarnold" uid="12601187" lat="43.0670254" lon="-76.1127950"/>
 <node id="9878050119" visible="true" version="1" changeset="123417863" timestamp="2022-07-10T02:21:55Z" user="import_jarnold" uid="12601187" lat="43.0670567" lon="-76.1127980"/>
 <node id="9878050120" visible="true" version="1" changeset="123417863" timestamp="2022-07-10T02:21:55Z" user="import_jarnold" uid="12601187" lat="43.0670573" lon="-76.1127862"/>
 <node id="9878050121" visible="true" version="1" changeset="123417863" timestamp="2022-07-10T02:21:55Z" user="import_jarnold" uid="12601187" lat="43.0670971" lon="-76.1127899"/>
 <node id="9878050122" visible="true" version="1" changeset="123417863" timestamp="2022-07-10T02:21:55Z" user="import_jarnold" uid="12601187" lat="43.0670962" lon="-76.1128085"/>
 <node id="9878050123" visible="true" version="1" changeset="123417863" timestamp="2022-07-10T02:21:55Z" user="import_jarnold" uid="12601187" lat="43.0670983" lon="-76.1128087"/>
 <node id="9878050124" visible="true" version="1" changeset="123417863" timestamp="2022-07-10T02:21:55Z" user="import_jarnold" uid="12601187" lat="43.0670897" lon="-76.1129790"/>
 <node id="9878050125" visible="true" version="1" changeset="123417863" timestamp="2022-07-10T02:21:55Z" user="import_jarnold" uid="12601187" lat="43.0670466" lon="-76.1130770"/>
 <node id="9878050126" visible="true" version="1" changeset="123417863" timestamp="2022-07-10T02:21:55Z" user="import_jarnold" uid="12601187" lat="43.0671022" lon="-76.1130828"/>
 <node id="9878050127" visible="true" version="1" changeset="123417863" timestamp="2022-07-10T02:21:55Z" user="import_jarnold" uid="12601187" lat="43.0670976" lon="-76.1131653"/>
 <node id="9878050128" visible="true" version="1" changeset="123417863" timestamp="2022-07-10T02:21:55Z" user="import_jarnold" uid="12601187" lat="43.0670420" lon="-76.1131595"/>
 <node id="9878064928" visible="true" version="1" changeset="123417864" timestamp="2022-07-10T02:22:00Z" user="import_jarnold" uid="12601187" lat="43.0670425" lon="-76.1124321"/>
 <node id="9878064929" visible="true" version="1" changeset="123417864" timestamp="2022-07-10T02:22:00Z" user="import_jarnold" uid="12601187" lat="43.0670499" lon="-76.1122616"/>
 <node id="9878064930" visible="true" version="1" changeset="123417864" timestamp="2022-07-10T02:22:00Z" user="import_jarnold" uid="12601187" lat="43.0670513" lon="-76.1122617"/>
 <node id="9878064931" visible="true" version="1" changeset="123417864" timestamp="2022-07-10T02:22:00Z" user="import_jarnold" uid="12601187" lat="43.0670532" lon="-76.1122176"/>
 <node id="9878064932" visible="true" version="1" changeset="123417864" timestamp="2022-07-10T02:22:00Z" user="import_jarnold" uid="12601187" lat="43.0671023" lon="-76.1122216"/>
 <node id="9878064933" visible="true" version="1" changeset="123417864" timestamp="2022-07-10T02:22:00Z" user="import_jarnold" uid="12601187" lat="43.0671013" lon="-76.1122447"/>
 <node id="9878064934" visible="true" version="1" changeset="123417864" timestamp="2022-07-10T02:22:00Z" user="import_jarnold" uid="12601187" lat="43.0671268" lon="-76.1122467"/>
 <node id="9878064935" visible="true" version="1" changeset="123417864" timestamp="2022-07-10T02:22:00Z" user="import_jarnold" uid="12601187" lat="43.0671259" lon="-76.1122679"/>
 <node id="9878064936" visible="true" version="1" changeset="123417864" timestamp="2022-07-10T02:22:00Z" user="import_jarnold" uid="12601187" lat="43.0671303" lon="-76.1122682"/>
 <node id="9878064937" visible="true" version="1" changeset="123417864" timestamp="2022-07-10T02:22:00Z" user="import_jarnold" uid="12601187" lat="43.0671228" lon="-76.1124387"/>
 <node id="9878064938" visible="true" version="1" changeset="123417864" timestamp="2022-07-10T02:22:00Z" user="import_jarnold" uid="12601187" lat="43.0671502" lon="-76.1121416"/>
 <node id="9878064939" visible="true" version="1" changeset="123417864" timestamp="2022-07-10T02:22:00Z" user="import_jarnold" uid="12601187" lat="43.0671042" lon="-76.1121381"/>
 <node id="9878064940" visible="true" version="1" changeset="123417864" timestamp="2022-07-10T02:22:00Z" user="import_jarnold" uid="12601187" lat="43.0671074" lon="-76.1120597"/>
 <node id="9878064941" visible="true" version="1" changeset="123417864" timestamp="2022-07-10T02:22:00Z" user="import_jarnold" uid="12601187" lat="43.0671534" lon="-76.1120633"/>
 <node id="9878068503" visible="true" version="1" changeset="123417865" timestamp="2022-07-10T02:22:04Z" user="import_jarnold" uid="12601187" lat="43.0672822" lon="-76.1129953"/>
 <node id="9878068504" visible="true" version="1" changeset="123417865" timestamp="2022-07-10T02:22:04Z" user="import_jarnold" uid="12601187" lat="43.0672504" lon="-76.1129929"/>
 <node id="9878068505" visible="true" version="1" changeset="123417865" timestamp="2022-07-10T02:22:04Z" user="import_jarnold" uid="12601187" lat="43.0672521" lon="-76.1129506"/>
 <node id="9878068506" visible="true" version="1" changeset="123417865" timestamp="2022-07-10T02:22:04Z" user="import_jarnold" uid="12601187" lat="43.0672609" lon="-76.1129513"/>
 <node id="9878068507" visible="true" version="1" changeset="123417865" timestamp="2022-07-10T02:22:04Z" user="import_jarnold" uid="12601187" lat="43.0672616" lon="-76.1129361"/>
 <node id="9878068508" visible="true" version="1" changeset="123417865" timestamp="2022-07-10T02:22:04Z" user="import_jarnold" uid="12601187" lat="43.0672443" lon="-76.1129348"/>
 <node id="9878068509" visible="true" version="1" changeset="123417865" timestamp="2022-07-10T02:22:04Z" user="import_jarnold" uid="12601187" lat="43.0672392" lon="-76.1129130"/>
 <node id="9878068510" visible="true" version="1" changeset="123417865" timestamp="2022-07-10T02:22:04Z" user="import_jarnold" uid="12601187" lat="43.0672399" lon="-76.1128970"/>
 <node id="9878068511" visible="true" version="1" changeset="123417865" timestamp="2022-07-10T02:22:04Z" user="import_jarnold" uid="12601187" lat="43.0672461" lon="-76.1128811"/>
 <node id="9878068512" visible="true" version="1" changeset="123417865" timestamp="2022-07-10T02:22:04Z" user="import_jarnold" uid="12601187" lat="43.0672486" lon="-76.1128183"/>
 <node id="9878068513" visible="true" version="1" changeset="123417865" timestamp="2022-07-10T02:22:04Z" user="import_jarnold" uid="12601187" lat="43.0672510" lon="-76.1128185"/>
 <node id="9878068514" visible="true" version="1" changeset="123417865" timestamp="2022-07-10T02:22:04Z" user="import_jarnold" uid="12601187" lat="43.0672519" lon="-76.1127978"/>
 <node id="9878068515" visible="true" version="1" changeset="123417865" timestamp="2022-07-10T02:22:04Z" user="import_jarnold" uid="12601187" lat="43.0673129" lon="-76.1128024"/>
 <node id="9878068516" visible="true" version="1" changeset="123417865" timestamp="2022-07-10T02:22:04Z" user="import_jarnold" uid="12601187" lat="43.0673120" lon="-76.1128239"/>
 <node id="9878068517" visible="true" version="1" changeset="123417865" timestamp="2022-07-10T02:22:04Z" user="import_jarnold" uid="12601187" lat="43.0673177" lon="-76.1128243"/>
 <node id="9878068518" visible="true" version="1" changeset="123417865" timestamp="2022-07-10T02:22:04Z" user="import_jarnold" uid="12601187" lat="43.0673130" lon="-76.1129401"/>
 <node id="9878068519" visible="true" version="1" changeset="123417865" timestamp="2022-07-10T02:22:04Z" user="import_jarnold" uid="12601187" lat="43.0673067" lon="-76.1129396"/>
 <node id="9878068520" visible="true" version="1" changeset="123417865" timestamp="2022-07-10T02:22:04Z" user="import_jarnold" uid="12601187" lat="43.0673059" lon="-76.1129609"/>
 <node id="9878068521" visible="true" version="1" changeset="123417865" timestamp="2022-07-10T02:22:04Z" user="import_jarnold" uid="12601187" lat="43.0672987" lon="-76.1129604"/>
 <node id="9878068522" visible="true" version="1" changeset="123417865" timestamp="2022-07-10T02:22:04Z" user="import_jarnold" uid="12601187" lat="43.0672983" lon="-76.1129696"/>
 <node id="9878068523" visible="true" version="1" changeset="123417865" timestamp="2022-07-10T02:22:04Z" user="import_jarnold" uid="12601187" lat="43.0672833" lon="-76.1129685"/>
 <node id="9878068524" visible="true" version="1" changeset="123417865" timestamp="2022-07-10T02:22:04Z" user="import_jarnold" uid="12601187" lat="43.0673172" lon="-76.1131587"/>
 <node id="9878068525" visible="true" version="1" changeset="123417865" timestamp="2022-07-10T02:22:04Z" user="import_jarnold" uid="12601187" lat="43.0672846" lon="-76.1131549"/>
 <node id="9878068526" visible="true" version="1" changeset="123417865" timestamp="2022-07-10T02:22:04Z" user="import_jarnold" uid="12601187" lat="43.0672924" lon="-76.1130286"/>
 <node id="9878068527" visible="true" version="1" changeset="123417865" timestamp="2022-07-10T02:22:04Z" user="import_jarnold" uid="12601187" lat="43.0673250" lon="-76.1130323"/>
 <node id="9878077630" visible="true" version="1" changeset="123417866" timestamp="2022-07-10T02:22:09Z" user="import_jarnold" uid="12601187" lat="43.0674139" lon="-76.1135204"/>
 <node id="9878077631" visible="true" version="1" changeset="123417866" timestamp="2022-07-10T02:22:09Z" user="import_jarnold" uid="12601187" lat="43.0674178" lon="-76.1134379"/>
 <node id="9878077632" visible="true" version="1" changeset="123417866" timestamp="2022-07-10T02:22:09Z" user="import_jarnold" uid="12601187" lat="43.0674794" lon="-76.1134433"/>
 <node id="9878077633" visible="true" version="1" changeset="123417866" timestamp="2022-07-10T02:22:09Z" user="import_jarnold" uid="12601187" lat="43.0674755" lon="-76.1135258"/>
 <node id="9878077634" visible="true" version="1" changeset="123417866" timestamp="2022-07-10T02:22:09Z" user="import_jarnold" uid="12601187" lat="43.0673422" lon="-76.1138011"/>
 <node id="9878077635" visible="true" version="1" changeset="123417866" timestamp="2022-07-10T02:22:09Z" user="import_jarnold" uid="12601187" lat="43.0673455" lon="-76.1137322"/>
 <node id="9878077636" visible="true" version="1" changeset="123417866" timestamp="2022-07-10T02:22:09Z" user="import_jarnold" uid="12601187" lat="43.0673418" lon="-76.1137318"/>
 <node id="9878077637" visible="true" version="1" changeset="123417866" timestamp="2022-07-10T02:22:09Z" user="import_jarnold" uid="12601187" lat="43.0673478" lon="-76.1136071"/>
 <node id="9878077638" visible="true" version="1" changeset="123417866" timestamp="2022-07-10T02:22:09Z" user="import_jarnold" uid="12601187" lat="43.0673992" lon="-76.1136117"/>
 <node id="9878077639" visible="true" version="1" changeset="123417866" timestamp="2022-07-10T02:22:09Z" user="import_jarnold" uid="12601187" lat="43.0673979" lon="-76.1136375"/>
 <node id="9878077640" visible="true" version="1" changeset="123417866" timestamp="2022-07-10T02:22:09Z" user="import_jarnold" uid="12601187" lat="43.0674284" lon="-76.1136402"/>
 <node id="9878077641" visible="true" version="1" changeset="123417866" timestamp="2022-07-10T02:22:09Z" user="import_jarnold" uid="12601187" lat="43.0674264" lon="-76.1136816"/>
 <node id="9878077642" visible="true" version="1" changeset="123417866" timestamp="2022-07-10T02:22:09Z" user="import_jarnold" uid="12601187" lat="43.0674538" lon="-76.1136840"/>
 <node id="9878077643" visible="true" version="1" changeset="123417866" timestamp="2022-07-10T02:22:09Z" user="import_jarnold" uid="12601187" lat="43.0674512" lon="-76.1137368"/>
 <node id="9878077644" visible="true" version="1" changeset="123417866" timestamp="2022-07-10T02:22:09Z" user="import_jarnold" uid="12601187" lat="43.0674238" lon="-76.1137344"/>
 <node id="9878077645" visible="true" version="1" changeset="123417866" timestamp="2022-07-10T02:22:09Z" user="import_jarnold" uid="12601187" lat="43.0674214" lon="-76.1137846"/>
 <node id="9878077646" visible="true" version="1" changeset="123417866" timestamp="2022-07-10T02:22:09Z" user="import_jarnold" uid="12601187" lat="43.0674133" lon="-76.1137839"/>
 <node id="9878077647" visible="true" version="1" changeset="123417866" timestamp="2022-07-10T02:22:09Z" user="import_jarnold" uid="12601187" lat="43.0674122" lon="-76.1138074"/>
 <node id="9878081570" visible="true" version="1" changeset="123417866" timestamp="2022-07-10T02:22:09Z" user="import_jarnold" uid="12601187" lat="43.0675821" lon="-76.1134381"/>
 <node id="9878081571" visible="true" version="1" changeset="123417866" timestamp="2022-07-10T02:22:09Z" user="import_jarnold" uid="12601187" lat="43.0675833" lon="-76.1134098"/>
 <node id="9878081572" visible="true" version="1" changeset="123417866" timestamp="2022-07-10T02:22:09Z" user="import_jarnold" uid="12601187" lat="43.0676118" lon="-76.1134121"/>
 <node id="9878081573" visible="true" version="1" changeset="123417866" timestamp="2022-07-10T02:22:09Z" user="import_jarnold" uid="12601187" lat="43.0676105" lon="-76.1134399"/>
 <node id="9878081574" visible="true" version="1" changeset="123417866" timestamp="2022-07-10T02:22:09Z" user="import_jarnold" uid="12601187" lat="43.0676151" lon="-76.1134403"/>
 <node id="9878081575" visible="true" version="1" changeset="123417866" timestamp="2022-07-10T02:22:09Z" user="import_jarnold" uid="12601187" lat="43.0676119" lon="-76.1135135"/>
 <node id="9878081576" visible="true" version="1" changeset="123417866" timestamp="2022-07-10T02:22:09Z" user="import_jarnold" uid="12601187" lat="43.0675702" lon="-76.1135101"/>
 <node id="9878081577" visible="true" version="1" changeset="123417866" timestamp="2022-07-10T02:22:09Z" user="import_jarnold" uid="12601187" lat="43.0675734" lon="-76.1134374"/>
 <node id="9878081578" visible="true" version="1" changeset="123417866" timestamp="2022-07-10T02:22:09Z" user="import_jarnold" uid="12601187" lat="43.0674760" lon="-76.1136460"/>
 <node id="9878081579" visible="true" version="1" changeset="123417866" timestamp="2022-07-10T02:22:09Z" user="import_jarnold" uid="12601187" lat="43.0674784" lon="-76.1136463"/>
 <node id="9878081580" visible="true" version="1" changeset="123417866" timestamp="2022-07-10T02:22:09Z" user="import_jarnold" uid="12601187" lat="43.0674799" lon="-76.1136152"/>
 <node id="9878081581" visible="true" version="1" changeset="123417866" timestamp="2022-07-10T02:22:09Z" user="import_jarnold" uid="12601187" lat="43.0674812" lon="-76.1136153"/>
 <node id="9878081582" visible="true" version="1" changeset="123417866" timestamp="2022-07-10T02:22:09Z" user="import_jarnold" uid="12601187" lat="43.0674825" lon="-76.1135878"/>
 <node id="9878081583" visible="true" version="1" changeset="123417866" timestamp="2022-07-10T02:22:09Z" user="import_jarnold" uid="12601187" lat="43.0675234" lon="-76.1135914"/>
 <node id="9878081584" visible="true" version="1" changeset="123417866" timestamp="2022-07-10T02:22:09Z" user="import_jarnold" uid="12601187" lat="43.0675221" lon="-76.1136183"/>
 <node id="9878081585" visible="true" version="1" changeset="123417866" timestamp="2022-07-10T02:22:09Z" user="import_jarnold" uid="12601187" lat="43.0675247" lon="-76.1136186"/>
 <node id="9878081586" visible="true" version="1" changeset="123417866" timestamp="2022-07-10T02:22:09Z" user="import_jarnold" uid="12601187" lat="43.0675233" lon="-76.1136476"/>
 <node id="9878081587" visible="true" version="1" changeset="123417866" timestamp="2022-07-10T02:22:09Z" user="import_jarnold" uid="12601187" lat="43.0675521" lon="-76.1136501"/>
 <node id="9878081588" visible="true" version="1" changeset="123417866" timestamp="2022-07-10T02:22:09Z" user="import_jarnold" uid="12601187" lat="43.0675495" lon="-76.1137057"/>
 <node id="9878081589" visible="true" version="1" changeset="123417866" timestamp="2022-07-10T02:22:09Z" user="import_jarnold" uid="12601187" lat="43.0675568" lon="-76.1137063"/>
 <node id="9878081590" visible="true" version="1" changeset="123417866" timestamp="2022-07-10T02:22:09Z" user="import_jarnold" uid="12601187" lat="43.0675552" lon="-76.1137393"/>
 <node id="9878081591" visible="true" version="1" changeset="123417866" timestamp="2022-07-10T02:22:09Z" user="import_jarnold" uid="12601187" lat="43.0675480" lon="-76.1137387"/>
 <node id="9878081592" visible="true" version="1" changeset="123417866" timestamp="2022-07-10T02:22:09Z" user="import_jarnold" uid="12601187" lat="43.0675455" lon="-76.1137911"/>
 <node id="9878081593" visible="true" version="1" changeset="123417866" timestamp="2022-07-10T02:22:09Z" user="import_jarnold" uid="12601187" lat="43.0675322" lon="-76.1137899"/>
 <node id="9878081594" visible="true" version="1" changeset="123417866" timestamp="2022-07-10T02:22:09Z" user="import_jarnold" uid="12601187" lat="43.0675307" lon="-76.1138221"/>
 <node id="9878081595" visible="true" version="1" changeset="123417866" timestamp="2022-07-10T02:22:09Z" user="import_jarnold" uid="12601187" lat="43.0674811" lon="-76.1138178"/>
 <node id="9878081596" visible="true" version="1" changeset="123417866" timestamp="2022-07-10T02:22:09Z" user="import_jarnold" uid="12601187" lat="43.0674826" lon="-76.1137859"/>
 <node id="9878081597" visible="true" version="1" changeset="123417866" timestamp="2022-07-10T02:22:09Z" user="import_jarnold" uid="12601187" lat="43.0674695" lon="-76.1137848"/>
 <node id="9878082393" visible="true" version="2" changeset="185056473" timestamp="2026-07-03T18:44:38Z" user="nopeinomicon" uid="21426053" lat="43.0690511" lon="-76.1118823"/>
 <node id="9878082394" visible="true" version="2" changeset="185056473" timestamp="2026-07-03T18:44:38Z" user="nopeinomicon" uid="21426053" lat="43.0690504" lon="-76.1119053"/>
 <node id="9878082395" visible="true" version="2" changeset="185056473" timestamp="2026-07-03T18:44:38Z" user="nopeinomicon" uid="21426053" lat="43.0690331" lon="-76.1119042"/>
 <node id="9878082396" visible="true" version="2" changeset="185056473" timestamp="2026-07-03T18:44:38Z" user="nopeinomicon" uid="21426053" lat="43.0690385" lon="-76.1117418"/>
 <node id="9878082397" visible="true" version="2" changeset="185056473" timestamp="2026-07-03T18:44:38Z" user="nopeinomicon" uid="21426053" lat="43.0690514" lon="-76.1117426"/>
 <node id="9878082398" visible="true" version="2" changeset="185056473" timestamp="2026-07-03T18:44:38Z" user="nopeinomicon" uid="21426053" lat="43.0690522" lon="-76.1117190"/>
 <node id="9878082399" visible="true" version="2" changeset="185056473" timestamp="2026-07-03T18:44:38Z" user="nopeinomicon" uid="21426053" lat="43.0691119" lon="-76.1117227"/>
 <node id="9878082400" visible="true" version="2" changeset="185056473" timestamp="2026-07-03T18:44:38Z" user="nopeinomicon" uid="21426053" lat="43.0691066" lon="-76.1118857"/>
 <node id="9878105639" visible="true" version="1" changeset="123417869" timestamp="2022-07-10T02:22:18Z" user="import_jarnold" uid="12601187" lat="43.0674100" lon="-76.1120571"/>
 <node id="9878105640" visible="true" version="1" changeset="123417869" timestamp="2022-07-10T02:22:18Z" user="import_jarnold" uid="12601187" lat="43.0674707" lon="-76.1120631"/>
 <node id="9878105641" visible="true" version="1" changeset="123417869" timestamp="2022-07-10T02:22:18Z" user="import_jarnold" uid="12601187" lat="43.0674667" lon="-76.1121385"/>
 <node id="9878105642" visible="true" version="1" changeset="123417869" timestamp="2022-07-10T02:22:18Z" user="import_jarnold" uid="12601187" lat="43.0674060" lon="-76.1121325"/>
 <node id="9878105651" visible="true" version="1" changeset="123417869" timestamp="2022-07-10T02:22:18Z" user="import_jarnold" uid="12601187" lat="43.0679340" lon="-76.1110499"/>
 <node id="9878105652" visible="true" version="1" changeset="123417869" timestamp="2022-07-10T02:22:18Z" user="import_jarnold" uid="12601187" lat="43.0678750" lon="-76.1110451"/>
 <node id="9878105653" visible="true" version="1" changeset="123417869" timestamp="2022-07-10T02:22:18Z" user="import_jarnold" uid="12601187" lat="43.0678760" lon="-76.1110219"/>
 <node id="9878105654" visible="true" version="1" changeset="123417869" timestamp="2022-07-10T02:22:18Z" user="import_jarnold" uid="12601187" lat="43.0678440" lon="-76.1110193"/>
 <node id="9878105655" visible="true" version="1" changeset="123417869" timestamp="2022-07-10T02:22:18Z" user="import_jarnold" uid="12601187" lat="43.0678507" lon="-76.1108630"/>
 <node id="9878105656" visible="true" version="1" changeset="123417869" timestamp="2022-07-10T02:22:18Z" user="import_jarnold" uid="12601187" lat="43.0678557" lon="-76.1108634"/>
 <node id="9878105657" visible="true" version="1" changeset="123417869" timestamp="2022-07-10T02:22:18Z" user="import_jarnold" uid="12601187" lat="43.0678575" lon="-76.1108215"/>
 <node id="9878105658" visible="true" version="1" changeset="123417869" timestamp="2022-07-10T02:22:18Z" user="import_jarnold" uid="12601187" lat="43.0679436" lon="-76.1108284"/>
 <node id="9878115899" visible="true" version="1" changeset="123417870" timestamp="2022-07-10T02:22:23Z" user="import_jarnold" uid="12601187" lat="43.0675565" lon="-76.1129885"/>
 <node id="9878115900" visible="true" version="1" changeset="123417870" timestamp="2022-07-10T02:22:23Z" user="import_jarnold" uid="12601187" lat="43.0675657" lon="-76.1128227"/>
 <node id="9878115901" visible="true" version="1" changeset="123417870" timestamp="2022-07-10T02:22:23Z" user="import_jarnold" uid="12601187" lat="43.0676440" lon="-76.1128308"/>
 <node id="9878115902" visible="true" version="1" changeset="123417870" timestamp="2022-07-10T02:22:23Z" user="import_jarnold" uid="12601187" lat="43.0676348" lon="-76.1129966"/>
 <node id="9878115903" visible="true" version="1" changeset="123417870" timestamp="2022-07-10T02:22:23Z" user="import_jarnold" uid="12601187" lat="43.0675558" lon="-76.1132807"/>
 <node id="9878115904" visible="true" version="1" changeset="123417870" timestamp="2022-07-10T02:22:23Z" user="import_jarnold" uid="12601187" lat="43.0675625" lon="-76.1131861"/>
 <node id="9878115905" visible="true" version="1" changeset="123417870" timestamp="2022-07-10T02:22:23Z" user="import_jarnold" uid="12601187" lat="43.0676433" lon="-76.1131968"/>
 <node id="9878115906" visible="true" version="1" changeset="123417870" timestamp="2022-07-10T02:22:23Z" user="import_jarnold" uid="12601187" lat="43.0676366" lon="-76.1132914"/>
 <node id="9878121694" visible="true" version="1" changeset="123417874" timestamp="2022-07-10T02:22:27Z" user="import_jarnold" uid="12601187" lat="43.0693917" lon="-76.1110911"/>
 <node id="9878121695" visible="true" version="1" changeset="123417874" timestamp="2022-07-10T02:22:27Z" user="import_jarnold" uid="12601187" lat="43.0693315" lon="-76.1110881"/>
 <node id="9878121696" visible="true" version="1" changeset="123417874" timestamp="2022-07-10T02:22:27Z" user="import_jarnold" uid="12601187" lat="43.0693337" lon="-76.1110061"/>
 <node id="9878121697" visible="true" version="1" changeset="123417874" timestamp="2022-07-10T02:22:27Z" user="import_jarnold" uid="12601187" lat="43.0693939" lon="-76.1110091"/>
 <node id="9878127936" visible="true" version="1" changeset="123417874" timestamp="2022-07-10T02:22:27Z" user="import_jarnold" uid="12601187" lat="43.0669514" lon="-76.1130294"/>
 <node id="9878127937" visible="true" version="1" changeset="123417874" timestamp="2022-07-10T02:22:27Z" user="import_jarnold" uid="12601187" lat="43.0669558" lon="-76.1129569"/>
 <node id="9878127938" visible="true" version="1" changeset="123417874" timestamp="2022-07-10T02:22:27Z" user="import_jarnold" uid="12601187" lat="43.0670034" lon="-76.1129623"/>
 <node id="9878127939" visible="true" version="1" changeset="123417874" timestamp="2022-07-10T02:22:27Z" user="import_jarnold" uid="12601187" lat="43.0669995" lon="-76.1130272"/>
 <node id="9878127940" visible="true" version="1" changeset="123417874" timestamp="2022-07-10T02:22:27Z" user="import_jarnold" uid="12601187" lat="43.0670014" lon="-76.1130269"/>
 <node id="9878127941" visible="true" version="1" changeset="123417874" timestamp="2022-07-10T02:22:27Z" user="import_jarnold" uid="12601187" lat="43.0669969" lon="-76.1130997"/>
 <node id="9878127942" visible="true" version="1" changeset="123417874" timestamp="2022-07-10T02:22:27Z" user="import_jarnold" uid="12601187" lat="43.0669585" lon="-76.1130953"/>
 <node id="9878127943" visible="true" version="1" changeset="123417874" timestamp="2022-07-10T02:22:27Z" user="import_jarnold" uid="12601187" lat="43.0669624" lon="-76.1130307"/>
 <node id="9878130471" visible="true" version="1" changeset="123417875" timestamp="2022-07-10T02:22:32Z" user="import_jarnold" uid="12601187" lat="43.0674614" lon="-76.1128113"/>
 <node id="9878130472" visible="true" version="1" changeset="123417875" timestamp="2022-07-10T02:22:32Z" user="import_jarnold" uid="12601187" lat="43.0675424" lon="-76.1128178"/>
 <node id="9878130473" visible="true" version="1" changeset="123417875" timestamp="2022-07-10T02:22:32Z" user="import_jarnold" uid="12601187" lat="43.0675342" lon="-76.1130091"/>
 <node id="9878130474" visible="true" version="1" changeset="123417875" timestamp="2022-07-10T02:22:32Z" user="import_jarnold" uid="12601187" lat="43.0675152" lon="-76.1130076"/>
 <node id="9878130475" visible="true" version="1" changeset="123417875" timestamp="2022-07-10T02:22:32Z" user="import_jarnold" uid="12601187" lat="43.0675144" lon="-76.1130278"/>
 <node id="9878130476" visible="true" version="1" changeset="123417875" timestamp="2022-07-10T02:22:32Z" user="import_jarnold" uid="12601187" lat="43.0674677" lon="-76.1130241"/>
 <node id="9878130477" visible="true" version="1" changeset="123417875" timestamp="2022-07-10T02:22:32Z" user="import_jarnold" uid="12601187" lat="43.0674686" lon="-76.1130028"/>
 <node id="9878130478" visible="true" version="1" changeset="123417875" timestamp="2022-07-10T02:22:32Z" user="import_jarnold" uid="12601187" lat="43.0674532" lon="-76.1130016"/>
 <node id="9878130479" visible="true" version="1" changeset="123417875" timestamp="2022-07-10T02:22:32Z" user="import_jarnold" uid="12601187" lat="43.0675025" lon="-76.1131965"/>
 <node id="9878130480" visible="true" version="1" changeset="123417875" timestamp="2022-07-10T02:22:32Z" user="import_jarnold" uid="12601187" lat="43.0675403" lon="-76.1132002"/>
 <node id="9878130481" visible="true" version="1" changeset="123417875" timestamp="2022-07-10T02:22:32Z" user="import_jarnold" uid="12601187" lat="43.0675357" lon="-76.1132878"/>
 <node id="9878130482" visible="true" version="1" changeset="123417875" timestamp="2022-07-10T02:22:32Z" user="import_jarnold" uid="12601187" lat="43.0674979" lon="-76.1132841"/>
 <node id="9878130857" visible="true" version="1" changeset="123417875" timestamp="2022-07-10T02:22:32Z" user="import_jarnold" uid="12601187" lat="43.0692844" lon="-76.1109973"/>
 <node id="9878130858" visible="true" version="1" changeset="123417875" timestamp="2022-07-10T02:22:32Z" user="import_jarnold" uid="12601187" lat="43.0692801" lon="-76.1110822"/>
 <node id="9878130859" visible="true" version="1" changeset="123417875" timestamp="2022-07-10T02:22:32Z" user="import_jarnold" uid="12601187" lat="43.0692321" lon="-76.1110777"/>
 <node id="9878130860" visible="true" version="1" changeset="123417875" timestamp="2022-07-10T02:22:32Z" user="import_jarnold" uid="12601187" lat="43.0692364" lon="-76.1109928"/>
 <node id="9878135263" visible="true" version="1" changeset="123417875" timestamp="2022-07-10T02:22:32Z" user="import_jarnold" uid="12601187" lat="43.0697918" lon="-76.1112411"/>
 <node id="9878135264" visible="true" version="1" changeset="123417875" timestamp="2022-07-10T02:22:32Z" user="import_jarnold" uid="12601187" lat="43.0697912" lon="-76.1112557"/>
 <node id="9878135265" visible="true" version="1" changeset="123417875" timestamp="2022-07-10T02:22:32Z" user="import_jarnold" uid="12601187" lat="43.0697061" lon="-76.1112494"/>
 <node id="9878135266" visible="true" version="1" changeset="123417875" timestamp="2022-07-10T02:22:32Z" user="import_jarnold" uid="12601187" lat="43.0697105" lon="-76.1111378"/>
 <node id="9878135267" visible="true" version="1" changeset="123417875" timestamp="2022-07-10T02:22:32Z" user="import_jarnold" uid="12601187" lat="43.0698393" lon="-76.1111473"/>
 <node id="9878135268" visible="true" version="1" changeset="123417875" timestamp="2022-07-10T02:22:32Z" user="import_jarnold" uid="12601187" lat="43.0698355" lon="-76.1112444"/>
 <node id="9878144612" visible="true" version="1" changeset="123417876" timestamp="2022-07-10T02:22:37Z" user="import_jarnold" uid="12601187" lat="43.0697617" lon="-76.1124535"/>
 <node id="9878144613" visible="true" version="1" changeset="123417876" timestamp="2022-07-10T02:22:37Z" user="import_jarnold" uid="12601187" lat="43.0697711" lon="-76.1122673"/>
 <node id="9878144614" visible="true" version="1" changeset="123417876" timestamp="2022-07-10T02:22:37Z" user="import_jarnold" uid="12601187" lat="43.0698418" lon="-76.1122739"/>
 <node id="9878144615" visible="true" version="1" changeset="123417876" timestamp="2022-07-10T02:22:37Z" user="import_jarnold" uid="12601187" lat="43.0698402" lon="-76.1123044"/>
 <node id="9878144616" visible="true" version="1" changeset="123417876" timestamp="2022-07-10T02:22:37Z" user="import_jarnold" uid="12601187" lat="43.0698430" lon="-76.1123047"/>
 <node id="9878144617" visible="true" version="1" changeset="123417876" timestamp="2022-07-10T02:22:37Z" user="import_jarnold" uid="12601187" lat="43.0698352" lon="-76.1124604"/>
 <node id="9878144618" visible="true" version="1" changeset="123417876" timestamp="2022-07-10T02:22:37Z" user="import_jarnold" uid="12601187" lat="43.0697475" lon="-76.1126620"/>
 <node id="9878144619" visible="true" version="1" changeset="123417876" timestamp="2022-07-10T02:22:37Z" user="import_jarnold" uid="12601187" lat="43.0697476" lon="-76.1126557"/>
 <node id="9878144620" visible="true" version="1" changeset="123417876" timestamp="2022-07-10T02:22:37Z" user="import_jarnold" uid="12601187" lat="43.0697259" lon="-76.1126548"/>
 <node id="9878144621" visible="true" version="1" changeset="123417876" timestamp="2022-07-10T02:22:37Z" user="import_jarnold" uid="12601187" lat="43.0697267" lon="-76.1126151"/>
 <node id="9878144622" visible="true" version="1" changeset="123417876" timestamp="2022-07-10T02:22:37Z" user="import_jarnold" uid="12601187" lat="43.0697505" lon="-76.1126161"/>
 <node id="9878144623" visible="true" version="1" changeset="123417876" timestamp="2022-07-10T02:22:37Z" user="import_jarnold" uid="12601187" lat="43.0697505" lon="-76.1126148"/>
 <node id="9878144624" visible="true" version="1" changeset="123417876" timestamp="2022-07-10T02:22:37Z" user="import_jarnold" uid="12601187" lat="43.0697879" lon="-76.1126164"/>
 <node id="9878144625" visible="true" version="1" changeset="123417876" timestamp="2022-07-10T02:22:37Z" user="import_jarnold" uid="12601187" lat="43.0697869" lon="-76.1126636"/>
 <node id="9878144828" visible="true" version="1" changeset="123417876" timestamp="2022-07-10T02:22:37Z" user="import_jarnold" uid="12601187" lat="43.0695878" lon="-76.1124266"/>
 <node id="9878144829" visible="true" version="1" changeset="123417876" timestamp="2022-07-10T02:22:37Z" user="import_jarnold" uid="12601187" lat="43.0696060" lon="-76.1124282"/>
 <node id="9878144830" visible="true" version="1" changeset="123417876" timestamp="2022-07-10T02:22:37Z" user="import_jarnold" uid="12601187" lat="43.0696044" lon="-76.1124626"/>
 <node id="9878144831" visible="true" version="1" changeset="123417876" timestamp="2022-07-10T02:22:37Z" user="import_jarnold" uid="12601187" lat="43.0695812" lon="-76.1124607"/>
 <node id="9878144832" visible="true" version="1" changeset="123417876" timestamp="2022-07-10T02:22:37Z" user="import_jarnold" uid="12601187" lat="43.0695827" lon="-76.1124273"/>
 <node id="9878144833" visible="true" version="1" changeset="123417876" timestamp="2022-07-10T02:22:37Z" user="import_jarnold" uid="12601187" lat="43.0695796" lon="-76.1124270"/>
 <node id="9878144834" visible="true" version="1" changeset="123417876" timestamp="2022-07-10T02:22:37Z" user="import_jarnold" uid="12601187" lat="43.0695786" lon="-76.1124481"/>
 <node id="9878144835" visible="true" version="1" changeset="123417876" timestamp="2022-07-10T02:22:37Z" user="import_jarnold" uid="12601187" lat="43.0695741" lon="-76.1124477"/>
 <node id="9878144836" visible="true" version="1" changeset="123417876" timestamp="2022-07-10T02:22:37Z" user="import_jarnold" uid="12601187" lat="43.0695713" lon="-76.1125083"/>
 <node id="9878144837" visible="true" version="1" changeset="123417876" timestamp="2022-07-10T02:22:37Z" user="import_jarnold" uid="12601187" lat="43.0695317" lon="-76.1125049"/>
 <node id="9878144838" visible="true" version="1" changeset="123417876" timestamp="2022-07-10T02:22:37Z" user="import_jarnold" uid="12601187" lat="43.0695342" lon="-76.1124524"/>
 <node id="9878144839" visible="true" version="1" changeset="123417876" timestamp="2022-07-10T02:22:37Z" user="import_jarnold" uid="12601187" lat="43.0695416" lon="-76.1124530"/>
 <node id="9878144840" visible="true" version="1" changeset="123417876" timestamp="2022-07-10T02:22:37Z" user="import_jarnold" uid="12601187" lat="43.0695423" lon="-76.1124371"/>
 <node id="9878144841" visible="true" version="1" changeset="123417876" timestamp="2022-07-10T02:22:37Z" user="import_jarnold" uid="12601187" lat="43.0695198" lon="-76.1124352"/>
 <node id="9878144842" visible="true" version="1" changeset="123417876" timestamp="2022-07-10T02:22:37Z" user="import_jarnold" uid="12601187" lat="43.0695283" lon="-76.1122517"/>
 <node id="9878144843" visible="true" version="1" changeset="123417876" timestamp="2022-07-10T02:22:37Z" user="import_jarnold" uid="12601187" lat="43.0695604" lon="-76.1122544"/>
 <node id="9878144844" visible="true" version="1" changeset="123417876" timestamp="2022-07-10T02:22:37Z" user="import_jarnold" uid="12601187" lat="43.0695594" lon="-76.1122758"/>
 <node id="9878144845" visible="true" version="1" changeset="123417876" timestamp="2022-07-10T02:22:37Z" user="import_jarnold" uid="12601187" lat="43.0695946" lon="-76.1122788"/>
 <node id="9878145520" visible="true" version="1" changeset="123417876" timestamp="2022-07-10T02:22:37Z" user="import_jarnold" uid="12601187" lat="43.0697749" lon="-76.1111321"/>
 <node id="9878145521" visible="true" version="1" changeset="123417876" timestamp="2022-07-10T02:22:37Z" user="import_jarnold" uid="12601187" lat="43.0697768" lon="-76.1110390"/>
 <node id="9878145522" visible="true" version="1" changeset="123417876" timestamp="2022-07-10T02:22:37Z" user="import_jarnold" uid="12601187" lat="43.0698404" lon="-76.1110413"/>
 <node id="9878145523" visible="true" version="1" changeset="123417876" timestamp="2022-07-10T02:22:37Z" user="import_jarnold" uid="12601187" lat="43.0698386" lon="-76.1111345"/>
 <node id="9878150711" visible="true" version="1" changeset="123417877" timestamp="2022-07-10T02:22:41Z" user="import_jarnold" uid="12601187" lat="43.0694045" lon="-76.1111002"/>
 <node id="9878150712" visible="true" version="1" changeset="123417877" timestamp="2022-07-10T02:22:41Z" user="import_jarnold" uid="12601187" lat="43.0694074" lon="-76.1110255"/>
 <node id="9878150713" visible="true" version="1" changeset="123417877" timestamp="2022-07-10T02:22:41Z" user="import_jarnold" uid="12601187" lat="43.0694754" lon="-76.1110303"/>
 <node id="9878150714" visible="true" version="1" changeset="123417877" timestamp="2022-07-10T02:22:41Z" user="import_jarnold" uid="12601187" lat="43.0694726" lon="-76.1111050"/>
 <node id="9878152525" visible="true" version="1" changeset="123417877" timestamp="2022-07-10T02:22:41Z" user="import_jarnold" uid="12601187" lat="43.0676819" lon="-76.1125002"/>
 <node id="9878152526" visible="true" version="1" changeset="123417877" timestamp="2022-07-10T02:22:41Z" user="import_jarnold" uid="12601187" lat="43.0676865" lon="-76.1123453"/>
 <node id="9878152527" visible="true" version="1" changeset="123417877" timestamp="2022-07-10T02:22:41Z" user="import_jarnold" uid="12601187" lat="43.0677046" lon="-76.1123463"/>
 <node id="9878152528" visible="true" version="1" changeset="123417877" timestamp="2022-07-10T02:22:41Z" user="import_jarnold" uid="12601187" lat="43.0677054" lon="-76.1123200"/>
 <node id="9878152529" visible="true" version="1" changeset="123417877" timestamp="2022-07-10T02:22:41Z" user="import_jarnold" uid="12601187" lat="43.0677487" lon="-76.1123224"/>
 <node id="9878152530" visible="true" version="1" changeset="123417877" timestamp="2022-07-10T02:22:41Z" user="import_jarnold" uid="12601187" lat="43.0677478" lon="-76.1123501"/>
 <node id="9878152531" visible="true" version="1" changeset="123417877" timestamp="2022-07-10T02:22:41Z" user="import_jarnold" uid="12601187" lat="43.0677646" lon="-76.1123510"/>
 <node id="9878152532" visible="true" version="1" changeset="123417877" timestamp="2022-07-10T02:22:41Z" user="import_jarnold" uid="12601187" lat="43.0677599" lon="-76.1125046"/>
 <node id="9878153587" visible="true" version="1" changeset="123417877" timestamp="2022-07-10T02:22:41Z" user="import_jarnold" uid="12601187" lat="43.0694714" lon="-76.1133754"/>
 <node id="9878153588" visible="true" version="1" changeset="123417877" timestamp="2022-07-10T02:22:41Z" user="import_jarnold" uid="12601187" lat="43.0694727" lon="-76.1133454"/>
 <node id="9878153589" visible="true" version="1" changeset="123417877" timestamp="2022-07-10T02:22:41Z" user="import_jarnold" uid="12601187" lat="43.0694679" lon="-76.1133450"/>
 <node id="9878153590" visible="true" version="1" changeset="123417877" timestamp="2022-07-10T02:22:41Z" user="import_jarnold" uid="12601187" lat="43.0694724" lon="-76.1132369"/>
 <node id="9878153591" visible="true" version="1" changeset="123417877" timestamp="2022-07-10T02:22:41Z" user="import_jarnold" uid="12601187" lat="43.0694890" lon="-76.1132382"/>
 <node id="9878153592" visible="true" version="1" changeset="123417877" timestamp="2022-07-10T02:22:41Z" user="import_jarnold" uid="12601187" lat="43.0694915" lon="-76.1131793"/>
 <node id="9878153593" visible="true" version="1" changeset="123417877" timestamp="2022-07-10T02:22:41Z" user="import_jarnold" uid="12601187" lat="43.0695131" lon="-76.1131810"/>
 <node id="9878153594" visible="true" version="1" changeset="123417877" timestamp="2022-07-10T02:22:41Z" user="import_jarnold" uid="12601187" lat="43.0695146" lon="-76.1131462"/>
 <node id="9878153595" visible="true" version="1" changeset="123417877" timestamp="2022-07-10T02:22:41Z" user="import_jarnold" uid="12601187" lat="43.0695451" lon="-76.1131486"/>
 <node id="9878153596" visible="true" version="1" changeset="123417877" timestamp="2022-07-10T02:22:41Z" user="import_jarnold" uid="12601187" lat="43.0695437" lon="-76.1131834"/>
 <node id="9878153597" visible="true" version="1" changeset="123417877" timestamp="2022-07-10T02:22:41Z" user="import_jarnold" uid="12601187" lat="43.0695547" lon="-76.1131843"/>
 <node id="9878153598" visible="true" version="1" changeset="123417877" timestamp="2022-07-10T02:22:41Z" user="import_jarnold" uid="12601187" lat="43.0695477" lon="-76.1133508"/>
 <node id="9878153599" visible="true" version="1" changeset="123417877" timestamp="2022-07-10T02:22:41Z" user="import_jarnold" uid="12601187" lat="43.0695272" lon="-76.1133492"/>
 <node id="9878153600" visible="true" version="1" changeset="123417877" timestamp="2022-07-10T02:22:41Z" user="import_jarnold" uid="12601187" lat="43.0695259" lon="-76.1133796"/>
 <node id="9878158691" visible="true" version="1" changeset="123417878" timestamp="2022-07-10T02:22:46Z" user="import_jarnold" uid="12601187" lat="43.0696825" lon="-76.1131237"/>
 <node id="9878158692" visible="true" version="1" changeset="123417878" timestamp="2022-07-10T02:22:46Z" user="import_jarnold" uid="12601187" lat="43.0696864" lon="-76.1130469"/>
 <node id="9878158693" visible="true" version="1" changeset="123417878" timestamp="2022-07-10T02:22:46Z" user="import_jarnold" uid="12601187" lat="43.0697428" lon="-76.1130523"/>
 <node id="9878158694" visible="true" version="1" changeset="123417878" timestamp="2022-07-10T02:22:46Z" user="import_jarnold" uid="12601187" lat="43.0697389" lon="-76.1131290"/>
 <node id="9878158695" visible="true" version="1" changeset="123417878" timestamp="2022-07-10T02:22:46Z" user="import_jarnold" uid="12601187" lat="43.0697755" lon="-76.1133692"/>
 <node id="9878158696" visible="true" version="1" changeset="123417878" timestamp="2022-07-10T02:22:46Z" user="import_jarnold" uid="12601187" lat="43.0697720" lon="-76.1133689"/>
 <node id="9878158697" visible="true" version="1" changeset="123417878" timestamp="2022-07-10T02:22:46Z" user="import_jarnold" uid="12601187" lat="43.0697707" lon="-76.1133924"/>
 <node id="9878158698" visible="true" version="1" changeset="123417878" timestamp="2022-07-10T02:22:46Z" user="import_jarnold" uid="12601187" lat="43.0697068" lon="-76.1133862"/>
 <node id="9878158699" visible="true" version="1" changeset="123417878" timestamp="2022-07-10T02:22:46Z" user="import_jarnold" uid="12601187" lat="43.0697079" lon="-76.1133642"/>
 <node id="9878158700" visible="true" version="1" changeset="123417878" timestamp="2022-07-10T02:22:46Z" user="import_jarnold" uid="12601187" lat="43.0697027" lon="-76.1133637"/>
 <node id="9878158701" visible="true" version="1" changeset="123417878" timestamp="2022-07-10T02:22:46Z" user="import_jarnold" uid="12601187" lat="43.0697108" lon="-76.1132068"/>
 <node id="9878158702" visible="true" version="1" changeset="123417878" timestamp="2022-07-10T02:22:46Z" user="import_jarnold" uid="12601187" lat="43.0697223" lon="-76.1132079"/>
 <node id="9878158703" visible="true" version="1" changeset="123417878" timestamp="2022-07-10T02:22:46Z" user="import_jarnold" uid="12601187" lat="43.0697231" lon="-76.1131923"/>
 <node id="9878158704" visible="true" version="1" changeset="123417878" timestamp="2022-07-10T02:22:46Z" user="import_jarnold" uid="12601187" lat="43.0697495" lon="-76.1131948"/>
 <node id="9878158705" visible="true" version="1" changeset="123417878" timestamp="2022-07-10T02:22:46Z" user="import_jarnold" uid="12601187" lat="43.0697486" lon="-76.1132110"/>
 <node id="9878158706" visible="true" version="1" changeset="123417878" timestamp="2022-07-10T02:22:46Z" user="import_jarnold" uid="12601187" lat="43.0697835" lon="-76.1132144"/>
 <node id="9878159524" visible="true" version="1" changeset="123417878" timestamp="2022-07-10T02:22:46Z" user="import_jarnold" uid="12601187" lat="43.0672489" lon="-76.1116933"/>
 <node id="9878159525" visible="true" version="1" changeset="123417878" timestamp="2022-07-10T02:22:46Z" user="import_jarnold" uid="12601187" lat="43.0672480" lon="-76.1117126"/>
 <node id="9878159526" visible="true" version="1" changeset="123417878" timestamp="2022-07-10T02:22:46Z" user="import_jarnold" uid="12601187" lat="43.0672111" lon="-76.1117095"/>
 <node id="9878159527" visible="true" version="1" changeset="123417878" timestamp="2022-07-10T02:22:46Z" user="import_jarnold" uid="12601187" lat="43.0672120" lon="-76.1116902"/>
 <node id="9878159528" visible="true" version="1" changeset="123417878" timestamp="2022-07-10T02:22:46Z" user="import_jarnold" uid="12601187" lat="43.0671889" lon="-76.1116882"/>
 <node id="9878159529" visible="true" version="1" changeset="123417878" timestamp="2022-07-10T02:22:46Z" user="import_jarnold" uid="12601187" lat="43.0671970" lon="-76.1115062"/>
 <node id="9878159530" visible="true" version="1" changeset="123417878" timestamp="2022-07-10T02:22:46Z" user="import_jarnold" uid="12601187" lat="43.0671940" lon="-76.1115060"/>
 <node id="9878159531" visible="true" version="1" changeset="123417878" timestamp="2022-07-10T02:22:46Z" user="import_jarnold" uid="12601187" lat="43.0671954" lon="-76.1114747"/>
 <node id="9878159532" visible="true" version="1" changeset="123417878" timestamp="2022-07-10T02:22:46Z" user="import_jarnold" uid="12601187" lat="43.0672744" lon="-76.1114813"/>
 <node id="9878159533" visible="true" version="1" changeset="123417878" timestamp="2022-07-10T02:22:46Z" user="import_jarnold" uid="12601187" lat="43.0672734" lon="-76.1115041"/>
 <node id="9878159534" visible="true" version="1" changeset="123417878" timestamp="2022-07-10T02:22:46Z" user="import_jarnold" uid="12601187" lat="43.0672767" lon="-76.1115044"/>
 <node id="9878159535" visible="true" version="1" changeset="123417878" timestamp="2022-07-10T02:22:46Z" user="import_jarnold" uid="12601187" lat="43.0672742" lon="-76.1115597"/>
 <node id="9878159536" visible="true" version="1" changeset="123417878" timestamp="2022-07-10T02:22:46Z" user="import_jarnold" uid="12601187" lat="43.0672785" lon="-76.1115601"/>
 <node id="9878159537" visible="true" version="1" changeset="123417878" timestamp="2022-07-10T02:22:46Z" user="import_jarnold" uid="12601187" lat="43.0672766" lon="-76.1116034"/>
 <node id="9878159538" visible="true" version="1" changeset="123417878" timestamp="2022-07-10T02:22:46Z" user="import_jarnold" uid="12601187" lat="43.0672728" lon="-76.1116031"/>
 <node id="9878159539" visible="true" version="1" changeset="123417878" timestamp="2022-07-10T02:22:46Z" user="import_jarnold" uid="12601187" lat="43.0672687" lon="-76.1116950"/>
 <node id="9878163024" visible="true" version="1" changeset="123417878" timestamp="2022-07-10T02:22:46Z" user="import_jarnold" uid="12601187" lat="43.0691587" lon="-76.1124328"/>
 <node id="9878163025" visible="true" version="1" changeset="123417878" timestamp="2022-07-10T02:22:46Z" user="import_jarnold" uid="12601187" lat="43.0691629" lon="-76.1123483"/>
 <node id="9878163026" visible="true" version="1" changeset="123417878" timestamp="2022-07-10T02:22:46Z" user="import_jarnold" uid="12601187" lat="43.0691573" lon="-76.1123478"/>
 <node id="9878163027" visible="true" version="1" changeset="123417878" timestamp="2022-07-10T02:22:46Z" user="import_jarnold" uid="12601187" lat="43.0691600" lon="-76.1122937"/>
 <node id="9878163028" visible="true" version="1" changeset="123417878" timestamp="2022-07-10T02:22:46Z" user="import_jarnold" uid="12601187" lat="43.0691658" lon="-76.1122942"/>
 <node id="9878163029" visible="true" version="1" changeset="123417878" timestamp="2022-07-10T02:22:46Z" user="import_jarnold" uid="12601187" lat="43.0691691" lon="-76.1122283"/>
 <node id="9878163030" visible="true" version="1" changeset="123417878" timestamp="2022-07-10T02:22:46Z" user="import_jarnold" uid="12601187" lat="43.0692371" lon="-76.1122347"/>
 <node id="9878163031" visible="true" version="1" changeset="123417878" timestamp="2022-07-10T02:22:46Z" user="import_jarnold" uid="12601187" lat="43.0692268" lon="-76.1124392"/>
 <node id="9878169027" visible="true" version="1" changeset="123417879" timestamp="2022-07-10T02:22:52Z" user="import_jarnold" uid="12601187" lat="43.0700002" lon="-76.1122751"/>
 <node id="9878169028" visible="true" version="1" changeset="123417879" timestamp="2022-07-10T02:22:52Z" user="import_jarnold" uid="12601187" lat="43.0700033" lon="-76.1122136"/>
 <node id="9878169029" visible="true" version="1" changeset="123417879" timestamp="2022-07-10T02:22:52Z" user="import_jarnold" uid="12601187" lat="43.0699979" lon="-76.1122131"/>
 <node id="9878169030" visible="true" version="1" changeset="123417879" timestamp="2022-07-10T02:22:52Z" user="import_jarnold" uid="12601187" lat="43.0699996" lon="-76.1121808"/>
 <node id="9878169031" visible="true" version="1" changeset="123417879" timestamp="2022-07-10T02:22:52Z" user="import_jarnold" uid="12601187" lat="43.0700053" lon="-76.1121814"/>
 <node id="9878169032" visible="true" version="1" changeset="123417879" timestamp="2022-07-10T02:22:52Z" user="import_jarnold" uid="12601187" lat="43.0700085" lon="-76.1121172"/>
 <node id="9878169033" visible="true" version="1" changeset="123417879" timestamp="2022-07-10T02:22:52Z" user="import_jarnold" uid="12601187" lat="43.0701174" lon="-76.1121274"/>
 <node id="9878169034" visible="true" version="1" changeset="123417879" timestamp="2022-07-10T02:22:52Z" user="import_jarnold" uid="12601187" lat="43.0701095" lon="-76.1122853"/>
 <node id="11570524082" visible="true" version="2" changeset="181522425" timestamp="2026-04-19T04:31:09Z" user="nopeinomicon" uid="21426053" lat="43.0662189" lon="-76.1112086">
  <tag k="direction" v="forward"/>
  <tag k="highway" v="stop"/>
  <tag k="traffic_sign" v="stop"/>
 </node>
 <node id="11570524083" visible="true" version="2" changeset="181522425" timestamp="2026-04-19T04:31:09Z" user="nopeinomicon" uid="21426053" lat="43.0637639" lon="-76.1108715">
  <tag k="direction" v="forward"/>
  <tag k="highway" v="stop"/>
  <tag k="traffic_sign" v="stop"/>
 </node>
 <node id="11570524087" visible="true" version="2" changeset="181522425" timestamp="2026-04-19T04:31:09Z" user="nopeinomicon" uid="21426053" lat="43.0639580" lon="-76.1110051">
  <tag k="direction" v="forward"/>
  <tag k="highway" v="stop"/>
  <tag k="traffic_sign" v="stop"/>
 </node>
 <node id="11570524088" visible="true" version="2" changeset="181522425" timestamp="2026-04-19T04:31:09Z" user="nopeinomicon" uid="21426053" lat="43.0660261" lon="-76.1110699">
  <tag k="direction" v="forward"/>
  <tag k="highway" v="stop"/>
  <tag k="traffic_sign" v="stop"/>
 </node>
 <node id="11594015355" visible="true" version="1" changeset="147166468" timestamp="2024-02-07T08:58:01Z" user="alix_geovelo" uid="13993140" lat="43.0686815" lon="-76.1117457">
  <tag k="amenity" v="bicycle_parking"/>
  <tag k="bicycle_parking" v="stands"/>
  <tag k="capacity" v="2"/>
 </node>
 <node id="12863137531" visible="true" version="2" changeset="174412137" timestamp="2025-11-09T11:19:42Z" user="confusedbuffalo" uid="242345" lat="43.0683776" lon="-76.1129798">
  <tag k="addr:city" v="Syracuse"/>
  <tag k="addr:country" v="US"/>
  <tag k="addr:housenumber" v="2384"/>
  <tag k="addr:postcode" v="13206"/>
  <tag k="addr:state" v="NY"/>
  <tag k="addr:street" v="James Street"/>
  <tag k="amenity" v="cinema"/>
  <tag k="name" v="Palace Theatre"/>
  <tag k="phone" v="+1-315-463-9240"/>
  <tag k="website" v="https://www.palaceonjames.com/"/>
  <tag k="wikidata" v="Q7126209"/>
  <tag k="wikipedia" v="en:Palace Theatre (Syracuse, New York)"/>
 </node>
 <node id="12877098386" visible="true" version="1" changeset="167010860" timestamp="2025-05-31T12:49:48Z" user="jiojoiph5" uid="22074639" lat="43.0682343" lon="-76.1110625">
  <tag k="addr:city" v="Syracuse"/>
  <tag k="addr:housenumber" v="2500"/>
  <tag k="addr:postcode" v="13206"/>
  <tag k="addr:state" v="NY"/>
  <tag k="addr:street" v="James Street"/>
  <tag k="amenity" v="ice_cream"/>
  <tag k="cuisine" v="frozen_yogurt"/>
  <tag k="name" v="Luv Handlz"/>
  <tag k="website" v="https://www.luvhandlz.com"/>
 </node>
 <node id="13001035144" visible="true" version="1" changeset="168948073" timestamp="2025-07-15T07:03:05Z" user="bhartinegi_lyft" uid="23086961" lat="43.0686212" lon="-76.1110190"/>
 <node id="13001080009" visible="true" version="1" changeset="168947837" timestamp="2025-07-15T06:55:32Z" user="manjurawat_Lyft" uid="19498372" lat="43.0686254" lon="-76.1109024"/>
 <node id="13001248319" visible="true" version="1" changeset="168953399" timestamp="2025-07-15T09:17:56Z" user="anautiyal_lyft" uid="21668467" lat="43.0685559" lon="-76.1124034"/>
 <node id="13201970404" visible="true" version="1" changeset="172984684" timestamp="2025-10-08T04:26:54Z" user="PedestrianMapping_GeoMasker" uid="23065607" lat="43.0685439" lon="-76.1148059"/>
 <node id="13201970405" visible="true" version="1" changeset="172984684" timestamp="2025-10-08T04:26:54Z" user="PedestrianMapping_GeoMasker" uid="23065607" lat="43.0687345" lon="-76.1151756"/>
 <node id="13201970406" visible="true" version="1" changeset="172984684" timestamp="2025-10-08T04:26:54Z" user="PedestrianMapping_GeoMasker" uid="23065607" lat="43.0686040" lon="-76.1149234">
  <tag k="highway" v="crossing"/>
 </node>
 <node id="13201970407" visible="true" version="1" changeset="172984684" timestamp="2025-10-08T04:26:54Z" user="PedestrianMapping_GeoMasker" uid="23065607" lat="43.0685412" lon="-76.1147625"/>
 <node id="13201970408" visible="true" version="2" changeset="181440439" timestamp="2026-04-17T05:38:56Z" user="nopeinomicon" uid="21426053" lat="43.0685758" lon="-76.1140340">
  <tag k="barrier" v="kerb"/>
 </node>
 <node id="13201970410" visible="true" version="1" changeset="172984684" timestamp="2025-10-08T04:26:54Z" user="PedestrianMapping_GeoMasker" uid="23065607" lat="43.0687557" lon="-76.1152211">
  <tag k="crossing" v="uncontrolled"/>
  <tag k="crossing:markings" v="lines"/>
  <tag k="crossing:signals" v="no"/>
  <tag k="highway" v="crossing"/>
 </node>
 <node id="13202013316" visible="true" version="2" changeset="184601248" timestamp="2026-06-25T18:43:27Z" user="nopeinomicon" uid="21426053" lat="43.0686024" lon="-76.1135054"/>
 <node id="13202100872" visible="true" version="2" changeset="184601248" timestamp="2026-06-25T18:43:27Z" user="nopeinomicon" uid="21426053" lat="43.0686144" lon="-76.1133509"/>
 <node id="13202100873" visible="true" version="2" changeset="184601248" timestamp="2026-06-25T18:43:27Z" user="nopeinomicon" uid="21426053" lat="43.0686131" lon="-76.1134021">
  <tag k="crossing" v="traffic_signals"/>
  <tag k="crossing:markings" v="lines"/>
  <tag k="crossing:signals" v="yes"/>
  <tag k="highway" v="crossing"/>
 </node>
 <node id="13202100874" visible="true" version="1" changeset="172987993" timestamp="2025-10-08T06:43:57Z" user="PedestrianMapping_GeoMasker" uid="23065607" lat="43.0686282" lon="-76.1130197"/>
 <node id="13202100875" visible="true" version="2" changeset="181438219" timestamp="2026-04-17T03:37:40Z" user="nopeinomicon" uid="21426053" lat="43.0686794" lon="-76.1121015">
  <tag k="barrier" v="kerb"/>
 </node>
 <node id="13202100876" visible="true" version="2" changeset="181440439" timestamp="2026-04-17T05:38:56Z" user="nopeinomicon" uid="21426053" lat="43.0684117" lon="-76.1140362">
  <tag k="barrier" v="kerb"/>
 </node>
 <node id="13202100877" visible="true" version="1" changeset="172987993" timestamp="2025-10-08T06:43:57Z" user="PedestrianMapping_GeoMasker" uid="23065607" lat="43.0684168" lon="-76.1138928"/>
 <node id="13202100878" visible="true" version="1" changeset="172987993" timestamp="2025-10-08T06:43:57Z" user="PedestrianMapping_GeoMasker" uid="23065607" lat="43.0684659" lon="-76.1128063"/>
 <node id="13202100879" visible="true" version="1" changeset="172987993" timestamp="2025-10-08T06:43:57Z" user="PedestrianMapping_GeoMasker" uid="23065607" lat="43.0684324" lon="-76.1135481">
  <tag k="highway" v="crossing"/>
 </node>
 <node id="13202100880" visible="true" version="1" changeset="172987993" timestamp="2025-10-08T06:43:57Z" user="PedestrianMapping_GeoMasker" uid="23065607" lat="43.0684747" lon="-76.1126574"/>
 <node id="13202100881" visible="true" version="2" changeset="181438219" timestamp="2026-04-17T03:37:40Z" user="nopeinomicon" uid="21426053" lat="43.0685121" lon="-76.1119908">
  <tag k="barrier" v="kerb"/>
 </node>
 <node id="13202100882" visible="true" version="1" changeset="172987993" timestamp="2025-10-08T06:43:57Z" user="PedestrianMapping_GeoMasker" uid="23065607" lat="43.0684708" lon="-76.1127229">
  <tag k="crossing" v="uncontrolled"/>
  <tag k="crossing:markings" v="lines"/>
  <tag k="crossing:signals" v="no"/>
  <tag k="highway" v="crossing"/>
 </node>
 <node id="13380618277" visible="true" version="1" changeset="175995054" timestamp="2025-12-16T09:09:52Z" user="achauhan_Lyft" uid="21943119" lat="43.0574921" lon="-76.1117463"/>
 <node id="13512384363" visible="true" version="1" changeset="177895074" timestamp="2026-01-30T15:26:33Z" user="Mason Molesso" uid="23767325" lat="43.0663216" lon="-76.1125335">
  <tag k="description" v="Speed hump with advisory speed limit of 20mph"/>
  <tag k="direction" v="both"/>
  <tag k="surface" v="asphalt"/>
  <tag k="traffic_calming" v="hump"/>
 </node>
 <node id="13545493501" visible="true" version="1" changeset="178443565" timestamp="2026-02-12T09:06:46Z" user="tkotnala_lyft" uid="21672285" lat="43.0683182" lon="-76.1127094"/>
 <node id="13545493502" visible="true" version="1" changeset="178443565" timestamp="2026-02-12T09:06:46Z" user="tkotnala_lyft" uid="21672285" lat="43.0683265" lon="-76.1125889"/>
 <node id="13545493503" visible="true" version="1" changeset="178443565" timestamp="2026-02-12T09:06:46Z" user="tkotnala_lyft" uid="21672285" lat="43.0681672" lon="-76.1125733"/>
 <node id="13545493504" visible="true" version="1" changeset="178443565" timestamp="2026-02-12T09:06:46Z" user="tkotnala_lyft" uid="21672285" lat="43.0681610" lon="-76.1126956"/>
 <node id="13545493505" visible="true" version="1" changeset="178443565" timestamp="2026-02-12T09:06:46Z" user="tkotnala_lyft" uid="21672285" lat="43.0681496" lon="-76.1125238"/>
 <node id="13545493506" visible="true" version="1" changeset="178443565" timestamp="2026-02-12T09:06:46Z" user="tkotnala_lyft" uid="21672285" lat="43.0681755" lon="-76.1121203"/>
 <node id="13545493507" visible="true" version="1" changeset="178443565" timestamp="2026-02-12T09:06:46Z" user="tkotnala_lyft" uid="21672285" lat="43.0685029" lon="-76.1121540"/>
 <node id="13545493508" visible="true" version="1" changeset="178443565" timestamp="2026-02-12T09:06:46Z" user="tkotnala_lyft" uid="21672285" lat="43.0685677" lon="-76.1121611"/>
 <node id="13545493509" visible="true" version="1" changeset="178443565" timestamp="2026-02-12T09:06:46Z" user="tkotnala_lyft" uid="21672285" lat="43.0685517" lon="-76.1124885"/>
 <node id="13545493510" visible="true" version="1" changeset="178443565" timestamp="2026-02-12T09:06:46Z" user="tkotnala_lyft" uid="21672285" lat="43.0684847" lon="-76.1124786"/>
 <node id="13545493511" visible="true" version="1" changeset="178443565" timestamp="2026-02-12T09:06:46Z" user="tkotnala_lyft" uid="21672285" lat="43.0683844" lon="-76.1124686"/>
 <node id="13545493512" visible="true" version="1" changeset="178443565" timestamp="2026-02-12T09:06:46Z" user="tkotnala_lyft" uid="21672285" lat="43.0683987" lon="-76.1121433"/>
 <node id="13545493513" visible="true" version="1" changeset="178443565" timestamp="2026-02-12T09:06:46Z" user="tkotnala_lyft" uid="21672285" lat="43.0683792" lon="-76.1125309"/>
 <node id="13545493514" visible="true" version="1" changeset="178443565" timestamp="2026-02-12T09:06:46Z" user="tkotnala_lyft" uid="21672285" lat="43.0683575" lon="-76.1125818"/>
 <node id="13545493515" visible="true" version="1" changeset="178443565" timestamp="2026-02-12T09:06:46Z" user="tkotnala_lyft" uid="21672285" lat="43.0681536" lon="-76.1124614"/>
 <node id="13545493516" visible="true" version="1" changeset="178443565" timestamp="2026-02-12T09:06:46Z" user="tkotnala_lyft" uid="21672285" lat="43.0683879" lon="-76.1123877"/>
 <node id="13545493517" visible="true" version="1" changeset="178443565" timestamp="2026-02-12T09:06:46Z" user="tkotnala_lyft" uid="21672285" lat="43.0681590" lon="-76.1123776"/>
 <node id="13545493518" visible="true" version="1" changeset="178443565" timestamp="2026-02-12T09:06:46Z" user="tkotnala_lyft" uid="21672285" lat="43.0683955" lon="-76.1122164"/>
 <node id="13545493519" visible="true" version="1" changeset="178443565" timestamp="2026-02-12T09:06:46Z" user="tkotnala_lyft" uid="21672285" lat="43.0681709" lon="-76.1121922"/>
 <node id="13545493520" visible="true" version="1" changeset="178443565" timestamp="2026-02-12T09:06:46Z" user="tkotnala_lyft" uid="21672285" lat="43.0683989" lon="-76.1120920"/>
 <node id="13545493521" visible="true" version="1" changeset="178443565" timestamp="2026-02-12T09:06:46Z" user="tkotnala_lyft" uid="21672285" lat="43.0682314" lon="-76.1120770"/>
 <node id="13545493522" visible="true" version="1" changeset="178443565" timestamp="2026-02-12T09:06:46Z" user="tkotnala_lyft" uid="21672285" lat="43.0682657" lon="-76.1122030"/>
 <node id="13545493523" visible="true" version="1" changeset="178443565" timestamp="2026-02-12T09:06:46Z" user="tkotnala_lyft" uid="21672285" lat="43.0683475" lon="-76.1122126"/>
 <node id="13545493524" visible="true" version="1" changeset="178443565" timestamp="2026-02-12T09:06:46Z" user="tkotnala_lyft" uid="21672285" lat="43.0683405" lon="-76.1123854"/>
 <node id="13545493525" visible="true" version="1" changeset="178443565" timestamp="2026-02-12T09:06:46Z" user="tkotnala_lyft" uid="21672285" lat="43.0682583" lon="-76.1123843"/>
 <node id="13545493526" visible="true" version="1" changeset="178443565" timestamp="2026-02-12T09:06:46Z" user="tkotnala_lyft" uid="21672285" lat="43.0682551" lon="-76.1124628"/>
 <node id="13545493527" visible="true" version="1" changeset="178443565" timestamp="2026-02-12T09:06:46Z" user="tkotnala_lyft" uid="21672285" lat="43.0683372" lon="-76.1124667"/>
 <node id="13736491254" visible="true" version="3" changeset="181522643" timestamp="2026-04-19T04:50:11Z" user="nopeinomicon" uid="21426053" lat="43.0685345" lon="-76.1114836">
  <tag k="barrier" v="kerb"/>
 </node>
 <node id="13736491255" visible="true" version="3" changeset="181522643" timestamp="2026-04-19T04:50:11Z" user="nopeinomicon" uid="21426053" lat="43.0685459" lon="-76.1112454">
  <tag k="barrier" v="kerb"/>
 </node>
 <node id="13736491256" visible="true" version="2" changeset="181440996" timestamp="2026-04-17T06:03:40Z" user="nopeinomicon" uid="21426053" lat="43.0685938" lon="-76.1101648"/>
 <node id="13736491257" visible="true" version="1" changeset="181437955" timestamp="2026-04-17T03:22:15Z" user="nopeinomicon" uid="21426053" lat="43.0685887" lon="-76.1101287">
  <tag k="barrier" v="kerb"/>
 </node>
 <node id="13736563189" visible="true" version="2" changeset="184592843" timestamp="2026-06-25T16:05:35Z" user="nopeinomicon" uid="21426053" lat="43.0686851" lon="-76.1119631">
  <tag k="barrier" v="kerb"/>
 </node>
 <node id="13736563190" visible="true" version="1" changeset="181438219" timestamp="2026-04-17T03:37:40Z" user="nopeinomicon" uid="21426053" lat="43.0687196" lon="-76.1113346"/>
 <node id="13736563191" visible="true" version="1" changeset="181438219" timestamp="2026-04-17T03:37:40Z" user="nopeinomicon" uid="21426053" lat="43.0687096" lon="-76.1112935"/>
 <node id="13736563192" visible="true" version="1" changeset="181438219" timestamp="2026-04-17T03:37:40Z" user="nopeinomicon" uid="21426053" lat="43.0687163" lon="-76.1111510"/>
 <node id="13736563193" visible="true" version="1" changeset="181438219" timestamp="2026-04-17T03:37:40Z" user="nopeinomicon" uid="21426053" lat="43.0687447" lon="-76.1106270">
  <tag k="barrier" v="kerb"/>
 </node>
 <node id="13736587284" visible="true" version="1" changeset="181438591" timestamp="2026-04-17T03:57:37Z" user="nopeinomicon" uid="21426053" lat="43.0687131" lon="-76.1112188"/>
 <node id="13736587285" visible="true" version="1" changeset="181438591" timestamp="2026-04-17T03:57:37Z" user="nopeinomicon" uid="21426053" lat="43.0685516" lon="-76.1111075">
  <tag k="crossing" v="unmarked"/>
  <tag k="crossing:markings" v="no"/>
  <tag k="highway" v="crossing"/>
 </node>
 <node id="13736587286" visible="true" version="3" changeset="181522643" timestamp="2026-04-19T04:50:11Z" user="nopeinomicon" uid="21426053" lat="43.0685437" lon="-76.1112908">
  <tag k="crossing" v="uncontrolled"/>
  <tag k="crossing:markings" v="lines"/>
  <tag k="highway" v="crossing"/>
 </node>
 <node id="13736587287" visible="true" version="3" changeset="181522643" timestamp="2026-04-19T04:50:11Z" user="nopeinomicon" uid="21426053" lat="43.0685377" lon="-76.1114175">
  <tag k="crossing" v="uncontrolled"/>
  <tag k="crossing:markings" v="lines"/>
  <tag k="highway" v="crossing"/>
 </node>
 <node id="13736587288" visible="true" version="1" changeset="181438591" timestamp="2026-04-17T03:57:37Z" user="nopeinomicon" uid="21426053" lat="43.0685160" lon="-76.1119035">
  <tag k="crossing" v="unmarked"/>
  <tag k="crossing:markings" v="no"/>
  <tag k="highway" v="crossing"/>
 </node>
 <node id="13736587289" visible="true" version="1" changeset="181438591" timestamp="2026-04-17T03:57:37Z" user="nopeinomicon" uid="21426053" lat="43.0685129" lon="-76.1119721"/>
 <node id="13736587290" visible="true" version="1" changeset="181438591" timestamp="2026-04-17T03:57:37Z" user="nopeinomicon" uid="21426053" lat="43.0685188" lon="-76.1118421"/>
 <node id="13736587291" visible="true" version="1" changeset="181438591" timestamp="2026-04-17T03:57:37Z" user="nopeinomicon" uid="21426053" lat="43.0685525" lon="-76.1110874"/>
 <node id="13736587292" visible="true" version="1" changeset="181438591" timestamp="2026-04-17T03:57:37Z" user="nopeinomicon" uid="21426053" lat="43.0685496" lon="-76.1111530"/>
 <node id="13736608110" visible="true" version="2" changeset="181438591" timestamp="2026-04-17T03:57:37Z" user="nopeinomicon" uid="21426053" lat="43.0687118" lon="-76.1112476">
  <tag k="crossing" v="unmarked"/>
  <tag k="crossing:markings" v="no"/>
  <tag k="highway" v="crossing"/>
 </node>
 <node id="13736608111" visible="true" version="1" changeset="181438219" timestamp="2026-04-17T03:37:40Z" user="nopeinomicon" uid="21426053" lat="43.0686830" lon="-76.1120202">
  <tag k="crossing" v="traffic_signals"/>
  <tag k="crossing:markings" v="lines"/>
  <tag k="highway" v="crossing"/>
 </node>
 <node id="13736608112" visible="true" version="1" changeset="181438219" timestamp="2026-04-17T03:37:40Z" user="nopeinomicon" uid="21426053" lat="43.0685764" lon="-76.1119797">
  <tag k="crossing" v="traffic_signals"/>
  <tag k="crossing:markings" v="lines"/>
  <tag k="highway" v="crossing"/>
 </node>
 <node id="13736608113" visible="true" version="1" changeset="181438219" timestamp="2026-04-17T03:37:40Z" user="nopeinomicon" uid="21426053" lat="43.0685747" lon="-76.1106003">
  <tag k="barrier" v="kerb"/>
 </node>
 <node id="13736608115" visible="true" version="1" changeset="181438219" timestamp="2026-04-17T03:37:40Z" user="nopeinomicon" uid="21426053" lat="43.0685809" lon="-76.1104626">
  <tag k="barrier" v="kerb"/>
 </node>
 <node id="13736729053" visible="true" version="1" changeset="181440439" timestamp="2026-04-17T05:38:56Z" user="nopeinomicon" uid="21426053" lat="43.0685671" lon="-76.1142133">
  <tag k="barrier" v="kerb"/>
 </node>
 <node id="13741738028" visible="true" version="1" changeset="181522425" timestamp="2026-04-19T04:31:09Z" user="nopeinomicon" uid="21426053" lat="43.0683945" lon="-76.1113460"/>
 <node id="13741738029" visible="true" version="1" changeset="181522425" timestamp="2026-04-19T04:31:09Z" user="nopeinomicon" uid="21426053" lat="43.0683904" lon="-76.1113606"/>
 <node id="13741738030" visible="true" version="1" changeset="181522425" timestamp="2026-04-19T04:31:09Z" user="nopeinomicon" uid="21426053" lat="43.0683781" lon="-76.1113721"/>
 <node id="13741738031" visible="true" version="1" changeset="181522425" timestamp="2026-04-19T04:31:09Z" user="nopeinomicon" uid="21426053" lat="43.0677006" lon="-76.1113157"/>
 <node id="13741738032" visible="true" version="1" changeset="181522425" timestamp="2026-04-19T04:31:09Z" user="nopeinomicon" uid="21426053" lat="43.0676903" lon="-76.1113032"/>
 <node id="13741738033" visible="true" version="1" changeset="181522425" timestamp="2026-04-19T04:31:09Z" user="nopeinomicon" uid="21426053" lat="43.0676865" lon="-76.1112865"/>
 <node id="13741738034" visible="true" version="1" changeset="181522425" timestamp="2026-04-19T04:31:09Z" user="nopeinomicon" uid="21426053" lat="43.0676915" lon="-76.1112703"/>
 <node id="13741738035" visible="true" version="1" changeset="181522425" timestamp="2026-04-19T04:31:09Z" user="nopeinomicon" uid="21426053" lat="43.0677045" lon="-76.1112603"/>
 <node id="13741738036" visible="true" version="1" changeset="181522425" timestamp="2026-04-19T04:31:09Z" user="nopeinomicon" uid="21426053" lat="43.0683789" lon="-76.1113176"/>
 <node id="13741738037" visible="true" version="1" changeset="181522425" timestamp="2026-04-19T04:31:09Z" user="nopeinomicon" uid="21426053" lat="43.0683903" lon="-76.1113282"/>
 <node id="13741738038" visible="true" version="1" changeset="181522425" timestamp="2026-04-19T04:31:09Z" user="nopeinomicon" uid="21426053" lat="43.0676138" lon="-76.1112791"/>
 <node id="13741738039" visible="true" version="1" changeset="181522425" timestamp="2026-04-19T04:31:09Z" user="nopeinomicon" uid="21426053" lat="43.0676096" lon="-76.1112938"/>
 <node id="13741738040" visible="true" version="1" changeset="181522425" timestamp="2026-04-19T04:31:09Z" user="nopeinomicon" uid="21426053" lat="43.0675974" lon="-76.1113052"/>
 <node id="13741738041" visible="true" version="1" changeset="181522425" timestamp="2026-04-19T04:31:09Z" user="nopeinomicon" uid="21426053" lat="43.0670002" lon="-76.1112512"/>
 <node id="13741738042" visible="true" version="1" changeset="181522425" timestamp="2026-04-19T04:31:09Z" user="nopeinomicon" uid="21426053" lat="43.0669899" lon="-76.1112387"/>
 <node id="13741738043" visible="true" version="1" changeset="181522425" timestamp="2026-04-19T04:31:09Z" user="nopeinomicon" uid="21426053" lat="43.0669861" lon="-76.1112220"/>
 <node id="13741738044" visible="true" version="1" changeset="181522425" timestamp="2026-04-19T04:31:09Z" user="nopeinomicon" uid="21426053" lat="43.0669911" lon="-76.1112058"/>
 <node id="13741738045" visible="true" version="1" changeset="181522425" timestamp="2026-04-19T04:31:09Z" user="nopeinomicon" uid="21426053" lat="43.0670040" lon="-76.1111958"/>
 <node id="13741738046" visible="true" version="1" changeset="181522425" timestamp="2026-04-19T04:31:09Z" user="nopeinomicon" uid="21426053" lat="43.0675982" lon="-76.1112507"/>
 <node id="13741738047" visible="true" version="1" changeset="181522425" timestamp="2026-04-19T04:31:09Z" user="nopeinomicon" uid="21426053" lat="43.0676096" lon="-76.1112613"/>
 <node id="13741753619" visible="true" version="1" changeset="181522643" timestamp="2026-04-19T04:50:11Z" user="nopeinomicon" uid="21426053" lat="43.0685336" lon="-76.1115045"/>
 <node id="13741753620" visible="true" version="1" changeset="181522643" timestamp="2026-04-19T04:50:11Z" user="nopeinomicon" uid="21426053" lat="43.0685192" lon="-76.1114821"/>
 <node id="13741753621" visible="true" version="1" changeset="181522643" timestamp="2026-04-19T04:50:11Z" user="nopeinomicon" uid="21426053" lat="43.0685469" lon="-76.1112214"/>
 <node id="13741753622" visible="true" version="1" changeset="181522643" timestamp="2026-04-19T04:50:11Z" user="nopeinomicon" uid="21426053" lat="43.0685322" lon="-76.1112419"/>
 <node id="13741753623" visible="true" version="1" changeset="181522643" timestamp="2026-04-19T04:50:11Z" user="nopeinomicon" uid="21426053" lat="43.0661961" lon="-76.1112694">
  <tag k="barrier" v="kerb"/>
 </node>
 <node id="13741753634" visible="true" version="1" changeset="181522643" timestamp="2026-04-19T04:50:11Z" user="nopeinomicon" uid="21426053" lat="43.0684291" lon="-76.1114739">
  <tag k="crossing" v="unmarked"/>
  <tag k="crossing:markings" v="no"/>
  <tag k="highway" v="crossing"/>
 </node>
 <node id="13741753635" visible="true" version="1" changeset="181522643" timestamp="2026-04-19T04:50:11Z" user="nopeinomicon" uid="21426053" lat="43.0662095" lon="-76.1110357">
  <tag k="barrier" v="kerb"/>
 </node>
 <node id="13741753641" visible="true" version="1" changeset="181522643" timestamp="2026-04-19T04:50:11Z" user="nopeinomicon" uid="21426053" lat="43.0639440" lon="-76.1108873">
  <tag k="crossing" v="unmarked"/>
  <tag k="crossing:markings" v="no"/>
  <tag k="highway" v="crossing"/>
 </node>
 <node id="13741753642" visible="true" version="1" changeset="181522643" timestamp="2026-04-19T04:50:11Z" user="nopeinomicon" uid="21426053" lat="43.0639387" lon="-76.1110034">
  <tag k="crossing" v="unmarked"/>
  <tag k="crossing:markings" v="no"/>
  <tag k="highway" v="crossing"/>
 </node>
 <node id="13741753643" visible="true" version="1" changeset="181522643" timestamp="2026-04-19T04:50:11Z" user="nopeinomicon" uid="21426053" lat="43.0638064" lon="-76.1108752">
  <tag k="crossing" v="unmarked"/>
  <tag k="crossing:markings" v="no"/>
  <tag k="highway" v="crossing"/>
 </node>
 <node id="13741753644" visible="true" version="1" changeset="181522643" timestamp="2026-04-19T04:50:11Z" user="nopeinomicon" uid="21426053" lat="43.0638020" lon="-76.1109911">
  <tag k="crossing" v="unmarked"/>
  <tag k="crossing:markings" v="no"/>
  <tag k="highway" v="crossing"/>
 </node>
 <node id="13741753646" visible="true" version="1" changeset="181522643" timestamp="2026-04-19T04:50:11Z" user="nopeinomicon" uid="21426053" lat="43.0660690" lon="-76.1110736">
  <tag k="crossing" v="unmarked"/>
  <tag k="crossing:markings" v="no"/>
  <tag k="highway" v="crossing"/>
 </node>
 <node id="13741753647" visible="true" version="1" changeset="181522643" timestamp="2026-04-19T04:50:11Z" user="nopeinomicon" uid="21426053" lat="43.0660658" lon="-76.1111948">
  <tag k="crossing" v="unmarked"/>
  <tag k="crossing:markings" v="no"/>
  <tag k="highway" v="crossing"/>
 </node>
 <node id="13741753648" visible="true" version="1" changeset="181522643" timestamp="2026-04-19T04:50:11Z" user="nopeinomicon" uid="21426053" lat="43.0662066" lon="-76.1110857">
  <tag k="crossing" v="unmarked"/>
  <tag k="crossing:markings" v="no"/>
  <tag k="highway" v="crossing"/>
 </node>
 <node id="13741753649" visible="true" version="1" changeset="181522643" timestamp="2026-04-19T04:50:11Z" user="nopeinomicon" uid="21426053" lat="43.0661997" lon="-76.1112069">
  <tag k="crossing" v="unmarked"/>
  <tag k="crossing:markings" v="no"/>
  <tag k="highway" v="crossing"/>
 </node>
 <node id="13741753650" visible="true" version="1" changeset="181522643" timestamp="2026-04-19T04:50:11Z" user="nopeinomicon" uid="21426053" lat="43.0684393" lon="-76.1112337">
  <tag k="crossing" v="unmarked"/>
  <tag k="crossing:markings" v="no"/>
  <tag k="highway" v="crossing"/>
 </node>
 <node id="13784036900" visible="true" version="1" changeset="182057191" timestamp="2026-05-01T04:31:12Z" user="nopeinomicon" uid="21426053" lat="43.0684757" lon="-76.1126389"/>
 <node id="13784100701" visible="true" version="1" changeset="182057191" timestamp="2026-05-01T04:31:12Z" user="nopeinomicon" uid="21426053" lat="43.0661185" lon="-76.1124232">
  <tag k="barrier" v="kerb"/>
 </node>
 <node id="13784100705" visible="true" version="1" changeset="182057191" timestamp="2026-05-01T04:31:12Z" user="nopeinomicon" uid="21426053" lat="43.0684638" lon="-76.1128537"/>
 <node id="13784100706" visible="true" version="1" changeset="182057191" timestamp="2026-05-01T04:31:12Z" user="nopeinomicon" uid="21426053" lat="43.0676873" lon="-76.1127719"/>
 <node id="13784100707" visible="true" version="1" changeset="182057191" timestamp="2026-05-01T04:31:12Z" user="nopeinomicon" uid="21426053" lat="43.0661377" lon="-76.1126302"/>
 <node id="13784100708" visible="true" version="1" changeset="182057191" timestamp="2026-05-01T04:31:12Z" user="nopeinomicon" uid="21426053" lat="43.0661260" lon="-76.1126115">
  <tag k="barrier" v="kerb"/>
 </node>
 <node id="13784100710" visible="true" version="1" changeset="182057191" timestamp="2026-05-01T04:31:12Z" user="nopeinomicon" uid="21426053" lat="43.0661386" lon="-76.1125174">
  <tag k="crossing" v="unmarked"/>
  <tag k="crossing:markings" v="no"/>
  <tag k="highway" v="crossing"/>
 </node>
 <node id="13784100711" visible="true" version="1" changeset="182057191" timestamp="2026-05-01T04:31:12Z" user="nopeinomicon" uid="21426053" lat="43.0661485" lon="-76.1124259"/>
 <node id="13784100714" visible="true" version="1" changeset="182057191" timestamp="2026-05-01T04:31:12Z" user="nopeinomicon" uid="21426053" lat="43.0660082" lon="-76.1125055">
  <tag k="crossing" v="unmarked"/>
  <tag k="crossing:markings" v="no"/>
  <tag k="highway" v="crossing"/>
 </node>
 <node id="13784100722" visible="true" version="1" changeset="182057191" timestamp="2026-05-01T04:31:12Z" user="nopeinomicon" uid="21426053" lat="43.0638802" lon="-76.1123120">
  <tag k="crossing" v="unmarked"/>
  <tag k="crossing:markings" v="no"/>
  <tag k="highway" v="crossing"/>
 </node>
 <node id="13784100731" visible="true" version="1" changeset="182057191" timestamp="2026-05-01T04:31:12Z" user="nopeinomicon" uid="21426053" lat="43.0637290" lon="-76.1122958">
  <tag k="crossing" v="unmarked"/>
  <tag k="crossing:markings" v="no"/>
  <tag k="highway" v="crossing"/>
 </node>
 <node id="13784100739" visible="true" version="1" changeset="182057191" timestamp="2026-05-01T04:31:12Z" user="nopeinomicon" uid="21426053" lat="43.0615962" lon="-76.1121132">
  <tag k="crossing" v="unmarked"/>
  <tag k="crossing:markings" v="no"/>
  <tag k="highway" v="crossing"/>
 </node>
 <node id="13784100743" visible="true" version="1" changeset="182057191" timestamp="2026-05-01T04:31:12Z" user="nopeinomicon" uid="21426053" lat="43.0614899" lon="-76.1121030">
  <tag k="crossing" v="unmarked"/>
  <tag k="crossing:markings" v="no"/>
  <tag k="highway" v="crossing"/>
 </node>
 <node id="13784100760" visible="true" version="1" changeset="182057191" timestamp="2026-05-01T04:31:12Z" user="nopeinomicon" uid="21426053" lat="43.0570149" lon="-76.1117044">
  <tag k="crossing" v="unmarked"/>
  <tag k="crossing:markings" v="no"/>
  <tag k="highway" v="crossing"/>
 </node>
 <node id="13784100826" visible="true" version="1" changeset="182057191" timestamp="2026-05-01T04:31:12Z" user="nopeinomicon" uid="21426053" lat="43.0677132" lon="-76.1127746">
  <tag k="crossing" v="unmarked"/>
  <tag k="crossing:markings" v="no"/>
  <tag k="highway" v="crossing"/>
 </node>
 <node id="13784100827" visible="true" version="1" changeset="182057191" timestamp="2026-05-01T04:31:12Z" user="nopeinomicon" uid="21426053" lat="43.0678768" lon="-76.1127919">
  <tag k="crossing" v="unmarked"/>
  <tag k="crossing:markings" v="no"/>
  <tag k="highway" v="crossing"/>
 </node>
 <node id="13784100828" visible="true" version="1" changeset="182057191" timestamp="2026-05-01T04:31:12Z" user="nopeinomicon" uid="21426053" lat="43.0681653" lon="-76.1126104">
  <tag k="crossing" v="unmarked"/>
  <tag k="crossing:markings" v="no"/>
  <tag k="highway" v="crossing"/>
 </node>
 <node id="13784100829" visible="true" version="1" changeset="182057191" timestamp="2026-05-01T04:31:12Z" user="nopeinomicon" uid="21426053" lat="43.0683240" lon="-76.1126250">
  <tag k="crossing" v="unmarked"/>
  <tag k="crossing:markings" v="no"/>
  <tag k="highway" v="crossing"/>
 </node>
 <node id="13792860000" visible="true" version="1" changeset="182184981" timestamp="2026-05-04T03:11:51Z" user="nopeinomicon" uid="21426053" lat="43.0684127" lon="-76.1140072"/>
 <node id="13792880901" visible="true" version="1" changeset="182184981" timestamp="2026-05-04T03:11:51Z" user="nopeinomicon" uid="21426053" lat="43.0660528" lon="-76.1137963"/>
 <node id="13792880906" visible="true" version="1" changeset="182184981" timestamp="2026-05-04T03:11:51Z" user="nopeinomicon" uid="21426053" lat="43.0680457" lon="-76.1139744">
  <tag k="crossing" v="unmarked"/>
  <tag k="crossing:markings" v="no"/>
  <tag k="highway" v="crossing"/>
 </node>
 <node id="13792880940" visible="true" version="1" changeset="182184981" timestamp="2026-05-04T03:11:51Z" user="nopeinomicon" uid="21426053" lat="43.0660843" lon="-76.1137991"/>
 <node id="13965408929" visible="true" version="1" changeset="184592198" timestamp="2026-06-25T15:55:06Z" user="nopeinomicon" uid="21426053" lat="43.0687240" lon="-76.1151553"/>
 <node id="13965483213" visible="true" version="1" changeset="184592843" timestamp="2026-06-25T16:05:35Z" user="nopeinomicon" uid="21426053" lat="43.0686787" lon="-76.1121141"/>
 <node id="13965483214" visible="true" version="1" changeset="184592843" timestamp="2026-06-25T16:05:35Z" user="nopeinomicon" uid="21426053" lat="43.0698658" lon="-76.1122106"/>
 <node id="13965483215" visible="true" version="1" changeset="184592843" timestamp="2026-06-25T16:05:35Z" user="nopeinomicon" uid="21426053" lat="43.0698249" lon="-76.1130206"/>
 <node id="13965483216" visible="true" version="1" changeset="184592843" timestamp="2026-06-25T16:05:35Z" user="nopeinomicon" uid="21426053" lat="43.0690632" lon="-76.1121454">
  <tag k="highway" v="crossing"/>
 </node>
 <node id="13965483217" visible="true" version="1" changeset="184592843" timestamp="2026-06-25T16:05:35Z" user="nopeinomicon" uid="21426053" lat="43.0698673" lon="-76.1120616"/>
 <node id="13965483218" visible="true" version="1" changeset="184592843" timestamp="2026-06-25T16:05:35Z" user="nopeinomicon" uid="21426053" lat="43.0698680" lon="-76.1120419"/>
 <node id="13965483219" visible="true" version="1" changeset="184592843" timestamp="2026-06-25T16:05:35Z" user="nopeinomicon" uid="21426053" lat="43.0698872" lon="-76.1120427">
  <tag k="barrier" v="kerb"/>
 </node>
 <node id="13965483220" visible="true" version="1" changeset="184592843" timestamp="2026-06-25T16:05:35Z" user="nopeinomicon" uid="21426053" lat="43.0698663" lon="-76.1121997">
  <tag k="barrier" v="kerb"/>
 </node>
 <node id="13965483221" visible="true" version="1" changeset="184592843" timestamp="2026-06-25T16:05:35Z" user="nopeinomicon" uid="21426053" lat="43.0698707" lon="-76.1120746">
  <tag k="barrier" v="kerb"/>
 </node>
 <node id="13965483222" visible="true" version="1" changeset="184592843" timestamp="2026-06-25T16:05:35Z" user="nopeinomicon" uid="21426053" lat="43.0689589" lon="-76.1119859">
  <tag k="crossing" v="unmarked"/>
  <tag k="crossing:markings" v="no"/>
  <tag k="highway" v="crossing"/>
 </node>
 <node id="13965483223" visible="true" version="1" changeset="184592843" timestamp="2026-06-25T16:05:35Z" user="nopeinomicon" uid="21426053" lat="43.0693275" lon="-76.1120166">
  <tag k="crossing" v="unmarked"/>
  <tag k="crossing:markings" v="no"/>
  <tag k="highway" v="crossing"/>
 </node>
 <node id="13965483224" visible="true" version="1" changeset="184592843" timestamp="2026-06-25T16:05:35Z" user="nopeinomicon" uid="21426053" lat="43.0698687" lon="-76.1121325">
  <tag k="crossing" v="unmarked"/>
  <tag k="crossing:markings" v="no"/>
  <tag k="highway" v="crossing"/>
 </node>
 <node id="13965851908" visible="true" version="1" changeset="184601248" timestamp="2026-06-25T18:43:27Z" user="nopeinomicon" uid="21426053" lat="43.0697306" lon="-76.1135974">
  <tag k="barrier" v="kerb"/>
 </node>
 <node id="13965851909" visible="true" version="1" changeset="184601248" timestamp="2026-06-25T18:43:27Z" user="nopeinomicon" uid="21426053" lat="43.0686114" lon="-76.1134761"/>
 <node id="13965851910" visible="true" version="1" changeset="184601248" timestamp="2026-06-25T18:43:27Z" user="nopeinomicon" uid="21426053" lat="43.0690548" lon="-76.1135423">
  <tag k="crossing" v="unmarked"/>
  <tag k="crossing:markings" v="no"/>
  <tag k="highway" v="crossing"/>
 </node>
 <node id="13965851911" visible="true" version="1" changeset="184601248" timestamp="2026-06-25T18:43:27Z" user="nopeinomicon" uid="21426053" lat="43.0692735" lon="-76.1135601">
  <tag k="crossing" v="unmarked"/>
  <tag k="crossing:markings" v="no"/>
  <tag k="highway" v="crossing"/>
 </node>
 <node id="13965851912" visible="true" version="1" changeset="184601248" timestamp="2026-06-25T18:43:27Z" user="nopeinomicon" uid="21426053" lat="43.0686147" lon="-76.1133435"/>
 <node id="13965851913" visible="true" version="1" changeset="184601248" timestamp="2026-06-25T18:43:27Z" user="nopeinomicon" uid="21426053" lat="43.0697882" lon="-76.1134420">
  <tag k="barrier" v="kerb"/>
 </node>
 <node id="13965851914" visible="true" version="1" changeset="184601248" timestamp="2026-06-25T18:43:27Z" user="nopeinomicon" uid="21426053" lat="43.0698666" lon="-76.1136104">
  <tag k="barrier" v="kerb"/>
 </node>
 <node id="13965851915" visible="true" version="1" changeset="184601248" timestamp="2026-06-25T18:43:27Z" user="nopeinomicon" uid="21426053" lat="43.0697962" lon="-76.1136036">
  <tag k="crossing" v="unmarked"/>
  <tag k="crossing:markings" v="no"/>
  <tag k="highway" v="crossing"/>
 </node>
 <node id="13965851916" visible="true" version="1" changeset="184601248" timestamp="2026-06-25T18:43:27Z" user="nopeinomicon" uid="21426053" lat="43.0699117" lon="-76.1134521">
  <tag k="barrier" v="kerb"/>
 </node>
 <node id="13965851917" visible="true" version="1" changeset="184601248" timestamp="2026-06-25T18:43:27Z" user="nopeinomicon" uid="21426053" lat="43.0698217" lon="-76.1134440">
  <tag k="crossing" v="unmarked"/>
  <tag k="crossing:markings" v="no"/>
  <tag k="highway" v="crossing"/>
 </node>
 <node id="13965851918" visible="true" version="1" changeset="184601248" timestamp="2026-06-25T18:43:27Z" user="nopeinomicon" uid="21426053" lat="43.0728752" lon="-76.1138960"/>
 <node id="13965851919" visible="true" version="1" changeset="184601248" timestamp="2026-06-25T18:43:27Z" user="nopeinomicon" uid="21426053" lat="43.0714755" lon="-76.1137577">
  <tag k="crossing" v="unmarked"/>
  <tag k="crossing:markings" v="no"/>
  <tag k="highway" v="crossing"/>
 </node>
 <node id="13965851920" visible="true" version="1" changeset="184601248" timestamp="2026-06-25T18:43:27Z" user="nopeinomicon" uid="21426053" lat="43.0724098" lon="-76.1138518">
  <tag k="crossing" v="unmarked"/>
  <tag k="crossing:markings" v="no"/>
  <tag k="highway" v="crossing"/>
 </node>
 <node id="13965851921" visible="true" version="1" changeset="184601248" timestamp="2026-06-25T18:43:27Z" user="nopeinomicon" uid="21426053" lat="43.0728885" lon="-76.1137324"/>
 <node id="13965851922" visible="true" version="1" changeset="184601248" timestamp="2026-06-25T18:43:27Z" user="nopeinomicon" uid="21426053" lat="43.0724353" lon="-76.1136818"/>
 <node id="13965851923" visible="true" version="1" changeset="184601248" timestamp="2026-06-25T18:43:27Z" user="nopeinomicon" uid="21426053" lat="43.0724784" lon="-76.1136991"/>
 <node id="13965851926" visible="true" version="1" changeset="184601248" timestamp="2026-06-25T18:43:27Z" user="nopeinomicon" uid="21426053" lat="43.0723810" lon="-76.1138356"/>
 <node id="13965851927" visible="true" version="1" changeset="184601248" timestamp="2026-06-25T18:43:27Z" user="nopeinomicon" uid="21426053" lat="43.0720983" lon="-76.1138113"/>
 <node id="13965851938" visible="true" version="1" changeset="184601248" timestamp="2026-06-25T18:43:27Z" user="nopeinomicon" uid="21426053" lat="43.0729191" lon="-76.1130553"/>
 <node id="13965851939" visible="true" version="1" changeset="184601248" timestamp="2026-06-25T18:43:27Z" user="nopeinomicon" uid="21426053" lat="43.0699616" lon="-76.1127919"/>
 <node id="13965851940" visible="true" version="1" changeset="184601248" timestamp="2026-06-25T18:43:27Z" user="nopeinomicon" uid="21426053" lat="43.0699654" lon="-76.1126250"/>
 <node id="13965851946" visible="true" version="1" changeset="184601248" timestamp="2026-06-25T18:43:27Z" user="nopeinomicon" uid="21426053" lat="43.0716621" lon="-76.1122311"/>
 <node id="13965851947" visible="true" version="1" changeset="184601248" timestamp="2026-06-25T18:43:27Z" user="nopeinomicon" uid="21426053" lat="43.0699898" lon="-76.1120863"/>
 <node id="13965851948" visible="true" version="1" changeset="184601248" timestamp="2026-06-25T18:43:27Z" user="nopeinomicon" uid="21426053" lat="43.0716409" lon="-76.1127766"/>
 <node id="13965851952" visible="true" version="1" changeset="184601248" timestamp="2026-06-25T18:43:27Z" user="nopeinomicon" uid="21426053" lat="43.0699902" lon="-76.1120665">
  <tag k="barrier" v="kerb"/>
 </node>
 <node id="13965851953" visible="true" version="1" changeset="184601248" timestamp="2026-06-25T18:43:27Z" user="nopeinomicon" uid="21426053" lat="43.0699195" lon="-76.1120502">
  <tag k="crossing" v="unmarked"/>
  <tag k="crossing:markings" v="no"/>
  <tag k="highway" v="crossing"/>
 </node>
 <node id="13965851954" visible="true" version="1" changeset="184601248" timestamp="2026-06-25T18:43:27Z" user="nopeinomicon" uid="21426053" lat="43.0699948" lon="-76.1119471">
  <tag k="barrier" v="kerb"/>
 </node>
 <node id="13965851955" visible="true" version="1" changeset="184601248" timestamp="2026-06-25T18:43:27Z" user="nopeinomicon" uid="21426053" lat="43.0699956" lon="-76.1119279"/>
 <node id="13965851956" visible="true" version="1" changeset="184601248" timestamp="2026-06-25T18:43:27Z" user="nopeinomicon" uid="21426053" lat="43.0699930" lon="-76.1119954">
  <tag k="crossing" v="unmarked"/>
  <tag k="crossing:markings" v="no"/>
  <tag k="highway" v="crossing"/>
 </node>
 <node id="13965851957" visible="true" version="1" changeset="184601248" timestamp="2026-06-25T18:43:27Z" user="nopeinomicon" uid="21426053" lat="43.0716650" lon="-76.1120750"/>
 <node id="13965851962" visible="true" version="1" changeset="184601248" timestamp="2026-06-25T18:43:27Z" user="nopeinomicon" uid="21426053" lat="43.0734429" lon="-76.1123028">
  <tag k="crossing" v="unmarked"/>
  <tag k="crossing:markings" v="no"/>
  <tag k="highway" v="crossing"/>
 </node>
 <node id="13965851974" visible="true" version="1" changeset="184601248" timestamp="2026-06-25T18:43:27Z" user="nopeinomicon" uid="21426053" lat="43.0728906" lon="-76.1137946">
  <tag k="crossing" v="unmarked"/>
  <tag k="crossing:markings" v="no"/>
  <tag k="highway" v="crossing"/>
 </node>
 <node id="13965851981" visible="true" version="1" changeset="184601248" timestamp="2026-06-25T18:43:27Z" user="nopeinomicon" uid="21426053" lat="43.0734106" lon="-76.1130282">
  <tag k="crossing" v="unmarked"/>
  <tag k="crossing:markings" v="no"/>
  <tag k="highway" v="crossing"/>
 </node>
 <node id="13965851989" visible="true" version="1" changeset="184601248" timestamp="2026-06-25T18:43:27Z" user="nopeinomicon" uid="21426053" lat="43.0737376" lon="-76.1138755">
  <tag k="crossing" v="unmarked"/>
  <tag k="crossing:markings" v="no"/>
  <tag k="highway" v="crossing"/>
 </node>
 <node id="13965856503" visible="true" version="1" changeset="184601248" timestamp="2026-06-25T18:43:27Z" user="nopeinomicon" uid="21426053" lat="43.0690464" lon="-76.1133798">
  <tag k="crossing" v="unmarked"/>
  <tag k="crossing:markings" v="no"/>
  <tag k="highway" v="crossing"/>
 </node>
 <node id="13965856504" visible="true" version="1" changeset="184601248" timestamp="2026-06-25T18:43:27Z" user="nopeinomicon" uid="21426053" lat="43.0729956" lon="-76.1138046">
  <tag k="crossing" v="unmarked"/>
  <tag k="crossing:markings" v="no"/>
  <tag k="highway" v="crossing"/>
 </node>
 <node id="13973002345" visible="true" version="2" changeset="186375083" timestamp="2026-07-26T01:10:28Z" user="nopeinomicon" uid="21426053" lat="43.0684237" lon="-76.1128192">
  <tag k="amenity" v="bicycle_parking"/>
  <tag k="bicycle_parking" v="stands"/>
 </node>
 <node id="13978061823" visible="true" version="1" changeset="184858566" timestamp="2026-06-30T14:43:33Z" user="nopeinomicon" uid="21426053" lat="43.0698796" lon="-76.1120424"/>
 <node id="13978061824" visible="true" version="1" changeset="184858566" timestamp="2026-06-30T14:43:33Z" user="nopeinomicon" uid="21426053" lat="43.0699032" lon="-76.1114808"/>
 <node id="13978061825" visible="true" version="1" changeset="184858566" timestamp="2026-06-30T14:43:33Z" user="nopeinomicon" uid="21426053" lat="43.0699105" lon="-76.1114115"/>
 <node id="13978061826" visible="true" version="1" changeset="184858566" timestamp="2026-06-30T14:43:33Z" user="nopeinomicon" uid="21426053" lat="43.0699246" lon="-76.1113506"/>
 <node id="13978061827" visible="true" version="1" changeset="184858566" timestamp="2026-06-30T14:43:33Z" user="nopeinomicon" uid="21426053" lat="43.0699473" lon="-76.1112909"/>
 <node id="13978061828" visible="true" version="1" changeset="184858566" timestamp="2026-06-30T14:43:33Z" user="nopeinomicon" uid="21426053" lat="43.0699825" lon="-76.1112566"/>
 <node id="13978061829" visible="true" version="1" changeset="184858566" timestamp="2026-06-30T14:43:33Z" user="nopeinomicon" uid="21426053" lat="43.0700598" lon="-76.1112479"/>
 <node id="13978061830" visible="true" version="1" changeset="184858566" timestamp="2026-06-30T14:43:33Z" user="nopeinomicon" uid="21426053" lat="43.0705052" lon="-76.1112828"/>
 <node id="13978061832" visible="true" version="1" changeset="184858566" timestamp="2026-06-30T14:43:33Z" user="nopeinomicon" uid="21426053" lat="43.0700280" lon="-76.1113738"/>
 <node id="13978061850" visible="true" version="1" changeset="184858566" timestamp="2026-06-30T14:43:33Z" user="nopeinomicon" uid="21426053" lat="43.0734512" lon="-76.1116083">
  <tag k="crossing" v="unmarked"/>
  <tag k="crossing:markings" v="no"/>
  <tag k="highway" v="crossing"/>
 </node>
 <node id="13981552642" visible="true" version="1" changeset="184939400" timestamp="2026-07-01T21:18:50Z" user="nopeinomicon" uid="21426053" lat="43.0685464" lon="-76.1115345">
  <tag k="bin" v="yes"/>
  <tag k="bus" v="yes"/>
  <tag k="highway" v="bus_stop"/>
  <tag k="name" v="James Street &amp; Forest Hill Drive"/>
  <tag k="network" v="Centro Syracuse"/>
  <tag k="network:wikidata" v="Q130302372"/>
  <tag k="operator" v="Central New York Regional Transportation Authority"/>
  <tag k="operator:short" v="Centro"/>
  <tag k="operator:wikidata" v="Q5061513"/>
  <tag k="public_transport" v="platform"/>
  <tag k="ref" v="515"/>
 </node>
 <node id="13981552643" visible="true" version="1" changeset="184939400" timestamp="2026-07-01T21:18:50Z" user="nopeinomicon" uid="21426053" lat="43.0685413" lon="-76.1115487">
  <tag k="amenity" v="waste_basket"/>
 </node>
 <node id="13986451497" visible="true" version="1" changeset="185053392" timestamp="2026-07-03T17:29:27Z" user="nopeinomicon" uid="21426053" lat="43.0686749" lon="-76.1119320">
  <tag k="bench" v="yes"/>
  <tag k="bin" v="yes"/>
  <tag k="bus" v="yes"/>
  <tag k="highway" v="bus_stop"/>
  <tag k="name" v="James Street &amp; Marlborough Road"/>
  <tag k="network" v="Centro Syracuse"/>
  <tag k="network:wikidata" v="Q130302372"/>
  <tag k="operator" v="Central New York Regional Transportation Authority"/>
  <tag k="operator:short" v="Centro"/>
  <tag k="operator:wikidata" v="Q5061513"/>
  <tag k="public_transport" v="platform"/>
  <tag k="ref" v="516"/>
 </node>
 <node id="13986451498" visible="true" version="1" changeset="185053392" timestamp="2026-07-03T17:29:27Z" user="nopeinomicon" uid="21426053" lat="43.0686823" lon="-76.1118632">
  <tag k="amenity" v="bench"/>
  <tag k="operator" v="Central New York Regional Transportation Authority"/>
 </node>
 <node id="13986451499" visible="true" version="1" changeset="185053392" timestamp="2026-07-03T17:29:27Z" user="nopeinomicon" uid="21426053" lat="43.0686819" lon="-76.1118784">
  <tag k="amenity" v="waste_basket"/>
  <tag k="operator" v="Central New York Regional Transportation Authority"/>
 </node>
 <node id="13986451500" visible="true" version="1" changeset="185053392" timestamp="2026-07-03T17:29:27Z" user="nopeinomicon" uid="21426053" lat="43.0686235" lon="-76.1133559">
  <tag k="bus" v="yes"/>
  <tag k="highway" v="bus_stop"/>
  <tag k="name" v="James Street &amp; North Avenue"/>
  <tag k="network" v="Centro Syracuse"/>
  <tag k="network:wikidata" v="Q130302372"/>
  <tag k="operator" v="Central New York Regional Transportation Authority"/>
  <tag k="operator:short" v="Centro"/>
  <tag k="operator:wikidata" v="Q5061513"/>
  <tag k="public_transport" v="platform"/>
  <tag k="ref" v="511"/>
 </node>
 <node id="13986580262" visible="true" version="1" changeset="185056207" timestamp="2026-07-03T18:38:48Z" user="nopeinomicon" uid="21426053" lat="43.0686957" lon="-76.1114871">
  <tag k="natural" v="tree"/>
 </node>
 <node id="13986580263" visible="true" version="1" changeset="185056207" timestamp="2026-07-03T18:38:48Z" user="nopeinomicon" uid="21426053" lat="43.0686936" lon="-76.1115407">
  <tag k="natural" v="tree"/>
 </node>
 <node id="13986580264" visible="true" version="1" changeset="185056207" timestamp="2026-07-03T18:38:48Z" user="nopeinomicon" uid="21426053" lat="43.0686876" lon="-76.1116271">
  <tag k="natural" v="tree"/>
 </node>
 <node id="13986580265" visible="true" version="1" changeset="185056207" timestamp="2026-07-03T18:38:48Z" user="nopeinomicon" uid="21426053" lat="43.0686863" lon="-76.1117085">
  <tag k="natural" v="tree"/>
 </node>
 <node id="13986580266" visible="true" version="1" changeset="185056207" timestamp="2026-07-03T18:38:48Z" user="nopeinomicon" uid="21426053" lat="43.0686825" lon="-76.1117936">
  <tag k="natural" v="tree"/>
 </node>
 <node id="13986604705" visible="true" version="1" changeset="185056473" timestamp="2026-07-03T18:44:38Z" user="nopeinomicon" uid="21426053" lat="43.0690437" lon="-76.1116100"/>
 <node id="13986604706" visible="true" version="1" changeset="185056473" timestamp="2026-07-03T18:44:38Z" user="nopeinomicon" uid="21426053" lat="43.0690301" lon="-76.1119777"/>
 <node id="13986604707" visible="true" version="1" changeset="185056473" timestamp="2026-07-03T18:44:38Z" user="nopeinomicon" uid="21426053" lat="43.0689240" lon="-76.1119703"/>
 <node id="13986604708" visible="true" version="1" changeset="185056473" timestamp="2026-07-03T18:44:38Z" user="nopeinomicon" uid="21426053" lat="43.0689377" lon="-76.1116026"/>
 <node id="13986604709" visible="true" version="1" changeset="185056473" timestamp="2026-07-03T18:44:38Z" user="nopeinomicon" uid="21426053" lat="43.0690362" lon="-76.1115492">
  <tag k="addr:city" v="Syracuse"/>
  <tag k="addr:housenumber" v="2501"/>
  <tag k="addr:postcode" v="13206"/>
  <tag k="addr:state" v="NY"/>
  <tag k="addr:street" v="James Street"/>
  <tag k="addr:unit" v="110"/>
  <tag k="name" v="Nastri Real Estate"/>
  <tag k="office" v="estate_agent"/>
  <tag k="phone" v="+1-315-437-1037"/>
  <tag k="website" v="https://nastrirealestate.com"/>
 </node>
 <node id="13986604710" visible="true" version="1" changeset="185056473" timestamp="2026-07-03T18:44:38Z" user="nopeinomicon" uid="21426053" lat="43.0692356" lon="-76.1116199"/>
 <node id="14050141047" visible="true" version="1" changeset="186375083" timestamp="2026-07-26T01:10:28Z" user="nopeinomicon" uid="21426053" lat="43.0684066" lon="-76.1128172">
  <tag k="amenity" v="bicycle_parking"/>
  <tag k="bicycle_parking" v="stands"/>
 </node>
 <node id="14088377087" visible="true" version="1" changeset="187305467" timestamp="2026-08-11T19:49:51Z" user="nopeinomicon" uid="21426053" lat="43.0687575" lon="-76.1114459">
  <tag k="addr:city" v="Syracuse"/>
  <tag k="addr:housenumber" v="2519"/>
  <tag k="addr:postcode" v="13206"/>
  <tag k="addr:state" v="NY"/>
  <tag k="addr:street" v="James Street"/>
  <tag k="fax" v="+1-315-437-8129"/>
  <tag k="name" v="Mars Jewelry"/>
  <tag k="opening_hours" v="Mo-Fr 10:00-17:30; Sa 10:00-15:00; Su off"/>
  <tag k="phone" v="+1-315-437-3142"/>
  <tag k="shop" v="jewelry"/>
  <tag k="website" v="https://www.mars-jewelry.com/"/>
 </node>
 <node id="14158542473" visible="true" version="1" changeset="188642550" timestamp="2026-09-06T22:45:14Z" user="nopeinomicon" uid="21426053" lat="43.0687627" lon="-76.1113617">
  <tag k="addr:city" v="Syracuse"/>
  <tag k="addr:housenumber" v="2519"/>
  <tag k="addr:postcode" v="13206"/>
  <tag k="addr:state" v="NY"/>
  <tag k="addr:street" v="James Street"/>
  <tag k="amenity" v="place_of_worship"/>
  <tag k="email" v="info@forwardpoint.org"/>
  <tag k="name" v="Forward Point"/>
  <tag k="phone" v="+1-315-552-1239"/>
  <tag k="religion" v="christian"/>
  <tag k="service_times" v="Su 10:00"/>
  <tag k="website" v="https://www.forwardpoint.org/"/>
 </node>
 <way id="20118521" visible="true" version="2" changeset="168200733" timestamp="2025-06-27T19:02:57Z" user="Hypsometric" uid="3307068">
  <nd ref="212726085"/>
  <nd ref="212726086"/>
  <tag k="highway" v="unclassified"/>
  <tag k="tiger:cfcc" v="A64"/>
  <tag k="tiger:county" v="Onondaga, NY"/>
  <tag k="tiger:reviewed" v="no"/>
 </way>
 <way id="20125757" visible="true" version="6" changeset="184858566" timestamp="2026-06-30T14:43:33Z" user="nopeinomicon" uid="21426053">
  <nd ref="212796234"/>
  <nd ref="212796236"/>
  <nd ref="212796239"/>
  <nd ref="212796243"/>
  <nd ref="3122540577"/>
  <nd ref="212796248"/>
  <nd ref="212796257"/>
  <nd ref="212796264"/>
  <nd ref="13978061850"/>
  <nd ref="212796268"/>
  <nd ref="3336718835"/>
  <nd ref="212796270"/>
  <nd ref="212735823"/>
  <nd ref="8505823296"/>
  <nd ref="212752222"/>
  <nd ref="212796272"/>
  <nd ref="212796274"/>
  <nd ref="212796277"/>
  <tag k="highway" v="residential"/>
  <tag k="name" v="Fobes Avenue"/>
  <tag k="tiger:cfcc" v="A41"/>
  <tag k="tiger:county" v="Onondaga, NY"/>
  <tag k="tiger:name_base" v="Fobes"/>
  <tag k="tiger:name_type" v="Ave"/>
  <tag k="tiger:reviewed" v="no"/>
  <tag k="tiger:zip_left" v="13206"/>
  <tag k="tiger:zip_right" v="13206"/>
 </way>
 <way id="20127207" visible="true" version="4" changeset="184601248" timestamp="2026-06-25T18:43:27Z" user="nopeinomicon" uid="21426053">
  <nd ref="212813203"/>
  <nd ref="212813199"/>
  <nd ref="212813197"/>
  <nd ref="212813194"/>
  <nd ref="212813191"/>
  <nd ref="13965851981"/>
  <nd ref="212813187"/>
  <nd ref="212777712"/>
  <nd ref="212813184"/>
  <nd ref="212813180"/>
  <nd ref="212813178"/>
  <nd ref="212813176"/>
  <tag k="highway" v="residential"/>
  <tag k="name" v="Hazelhurst Avenue"/>
  <tag k="tiger:cfcc" v="A41"/>
  <tag k="tiger:county" v="Onondaga, NY"/>
  <tag k="tiger:name_base" v="Hazelhurst"/>
  <tag k="tiger:name_type" v="Ave"/>
  <tag k="tiger:reviewed" v="no"/>
  <tag k="tiger:zip_left" v="13206"/>
  <tag k="tiger:zip_right" v="13206"/>
 </way>
 <way id="20133724" visible="true" version="13" changeset="187300546" timestamp="2026-08-11T17:57:35Z" user="nopeinomicon" uid="21426053">
  <nd ref="212883362"/>
  <nd ref="13202100882"/>
  <nd ref="2652696205"/>
  <nd ref="13545493501"/>
  <nd ref="13545493504"/>
  <nd ref="2358815447"/>
  <nd ref="2358815443"/>
  <nd ref="13512384363"/>
  <nd ref="13784100710"/>
  <nd ref="212776169"/>
  <nd ref="13784100714"/>
  <nd ref="212883364"/>
  <nd ref="212883367"/>
  <nd ref="13784100722"/>
  <nd ref="212883370"/>
  <nd ref="13784100731"/>
  <nd ref="212883374"/>
  <nd ref="212883379"/>
  <nd ref="13784100739"/>
  <nd ref="212877820"/>
  <nd ref="13784100743"/>
  <nd ref="212883383"/>
  <nd ref="13380618277"/>
  <nd ref="2346549829"/>
  <nd ref="13784100760"/>
  <nd ref="212883387"/>
  <tag k="highway" v="residential"/>
  <tag k="lane_markings" v="no"/>
  <tag k="lanes" v="2"/>
  <tag k="maxspeed" v="30 mph"/>
  <tag k="name" v="Stafford Avenue"/>
  <tag k="sidewalk:both" v="separate"/>
  <tag k="surface" v="asphalt"/>
  <tag k="tiger:cfcc" v="A41"/>
  <tag k="tiger:county" v="Onondaga, NY"/>
  <tag k="tiger:name_base" v="Stafford"/>
  <tag k="tiger:name_type" v="Ave"/>
  <tag k="tiger:reviewed" v="no"/>
  <tag k="tiger:zip_left" v="13206"/>
  <tag k="tiger:zip_right" v="13206"/>
 </way>
 <way id="20135025" visible="true" version="9" changeset="184601248" timestamp="2026-06-25T18:43:27Z" user="nopeinomicon" uid="21426053">
  <nd ref="212896390"/>
  <nd ref="13202100873"/>
  <nd ref="1722481850"/>
  <nd ref="2559983261"/>
  <nd ref="2358815635"/>
  <nd ref="212896392"/>
  <nd ref="212896398"/>
  <nd ref="1710764692"/>
  <nd ref="8164525131"/>
  <nd ref="13965851974"/>
  <nd ref="212777711"/>
  <nd ref="13965856504"/>
  <nd ref="13965851989"/>
  <nd ref="212896400"/>
  <tag k="highway" v="residential"/>
  <tag k="name" v="North Avenue"/>
  <tag k="tiger:cfcc" v="A41"/>
  <tag k="tiger:county" v="Onondaga, NY"/>
  <tag k="tiger:name_base" v="North"/>
  <tag k="tiger:name_type" v="Ave"/>
  <tag k="tiger:reviewed" v="no"/>
  <tag k="tiger:zip_left" v="13206"/>
  <tag k="tiger:zip_right" v="13206"/>
 </way>
 <way id="20141991" visible="true" version="7" changeset="184601248" timestamp="2026-06-25T18:43:27Z" user="nopeinomicon" uid="21426053">
  <nd ref="212896392"/>
  <nd ref="13965851915"/>
  <nd ref="212990698"/>
  <nd ref="212990693"/>
  <nd ref="212990692"/>
  <nd ref="212990690"/>
  <nd ref="212807250"/>
  <nd ref="2358815622"/>
  <nd ref="4789064159"/>
  <nd ref="13201970410"/>
  <nd ref="212990689"/>
  <tag k="highway" v="residential"/>
  <tag k="name" v="Eastwood Road"/>
  <tag k="tiger:cfcc" v="A41"/>
  <tag k="tiger:county" v="Onondaga, NY"/>
  <tag k="tiger:name_base" v="Eastwood"/>
  <tag k="tiger:name_type" v="Rd"/>
  <tag k="tiger:reviewed" v="no"/>
  <tag k="tiger:zip_left" v="13206"/>
  <tag k="tiger:zip_right" v="13206"/>
 </way>
 <way id="20144501" visible="true" version="7" changeset="184592843" timestamp="2026-06-25T16:05:35Z" user="nopeinomicon" uid="21426053">
  <nd ref="212947780"/>
  <nd ref="13736608111"/>
  <nd ref="2358815586"/>
  <nd ref="1722481865"/>
  <nd ref="2358815642"/>
  <nd ref="4789064160"/>
  <nd ref="13965483224"/>
  <nd ref="213022855"/>
  <tag k="highway" v="residential"/>
  <tag k="name" v="Marlborough Road"/>
  <tag k="tiger:cfcc" v="A41"/>
  <tag k="tiger:county" v="Onondaga, NY"/>
  <tag k="tiger:name_base" v="Marlborough"/>
  <tag k="tiger:name_type" v="Rd"/>
  <tag k="tiger:reviewed" v="no"/>
  <tag k="tiger:zip_left" v="13206"/>
  <tag k="tiger:zip_right" v="13206"/>
 </way>
 <way id="20144502" visible="true" version="3" changeset="184601248" timestamp="2026-06-25T18:43:27Z" user="nopeinomicon" uid="21426053">
  <nd ref="213022870"/>
  <nd ref="13965851956"/>
  <nd ref="212893190"/>
  <nd ref="13965851962"/>
  <nd ref="212994829"/>
  <tag k="highway" v="residential"/>
  <tag k="name" v="Marlborough Road"/>
  <tag k="tiger:cfcc" v="A41"/>
  <tag k="tiger:county" v="Onondaga, NY"/>
  <tag k="tiger:name_base" v="Marlborough"/>
  <tag k="tiger:name_type" v="Rd"/>
  <tag k="tiger:reviewed" v="no"/>
  <tag k="tiger:zip_left" v="13206"/>
  <tag k="tiger:zip_right" v="13206"/>
 </way>
 <way id="20146085" visible="true" version="3" changeset="184601248" timestamp="2026-06-25T18:43:27Z" user="nopeinomicon" uid="21426053">
  <nd ref="213022855"/>
  <nd ref="13965851953"/>
  <nd ref="213022870"/>
  <tag k="highway" v="residential"/>
  <tag k="name" v="Arnett Avenue"/>
  <tag k="tiger:cfcc" v="A41"/>
  <tag k="tiger:county" v="Onondaga, NY"/>
  <tag k="tiger:name_base" v="Arnett"/>
  <tag k="tiger:name_type" v="Ave"/>
  <tag k="tiger:reviewed" v="no"/>
 </way>
 <way id="20146856" visible="true" version="15" changeset="187300546" timestamp="2026-08-11T17:57:35Z" user="nopeinomicon" uid="21426053">
  <nd ref="2341433593"/>
  <nd ref="2240185474"/>
  <nd ref="212715958"/>
  <nd ref="11570524083"/>
  <nd ref="13741753643"/>
  <nd ref="212915153"/>
  <nd ref="13741753641"/>
  <nd ref="212766429"/>
  <nd ref="212741423"/>
  <nd ref="11570524088"/>
  <nd ref="13741753646"/>
  <nd ref="212776173"/>
  <nd ref="13741753648"/>
  <nd ref="212764875"/>
  <nd ref="212726086"/>
  <nd ref="3295393790"/>
  <nd ref="5955382746"/>
  <nd ref="13736587286"/>
  <nd ref="212947785"/>
  <tag k="highway" v="unclassified"/>
  <tag k="lanes" v="1"/>
  <tag k="maxspeed" v="30 mph"/>
  <tag k="name" v="Forest Hill Drive"/>
  <tag k="oneway" v="yes"/>
  <tag k="sidewalk:left" v="no"/>
  <tag k="sidewalk:right" v="separate"/>
  <tag k="tiger:cfcc" v="A45"/>
  <tag k="tiger:county" v="Onondaga, NY"/>
  <tag k="tiger:name_base" v="Forest Hill"/>
  <tag k="tiger:name_type" v="Dr"/>
  <tag k="tiger:reviewed" v="no"/>
 </way>
 <way id="20146857" visible="true" version="14" changeset="187300546" timestamp="2026-08-11T17:57:35Z" user="nopeinomicon" uid="21426053">
  <nd ref="212947782"/>
  <nd ref="13736587287"/>
  <nd ref="2358815503"/>
  <nd ref="212726085"/>
  <nd ref="212764872"/>
  <nd ref="11570524082"/>
  <nd ref="13741753649"/>
  <nd ref="212776171"/>
  <nd ref="13741753647"/>
  <nd ref="212741422"/>
  <nd ref="212766432"/>
  <nd ref="11570524087"/>
  <nd ref="13741753642"/>
  <nd ref="212915151"/>
  <nd ref="13741753644"/>
  <nd ref="212715954"/>
  <nd ref="2240185472"/>
  <nd ref="2341433591"/>
  <tag k="highway" v="unclassified"/>
  <tag k="lanes" v="1"/>
  <tag k="maxspeed" v="30 mph"/>
  <tag k="name" v="Forest Hill Drive"/>
  <tag k="oneway" v="yes"/>
  <tag k="sidewalk:left" v="no"/>
  <tag k="sidewalk:right" v="separate"/>
  <tag k="tiger:cfcc" v="A45"/>
  <tag k="tiger:county" v="Onondaga, NY"/>
  <tag k="tiger:name_base" v="Forest Hill"/>
  <tag k="tiger:name_type" v="Dr"/>
  <tag k="tiger:reviewed" v="no"/>
  <tag k="tiger:zip_left" v="13206"/>
  <tag k="tiger:zip_right" v="13206"/>
 </way>
 <way id="20150882" visible="true" version="3" changeset="52398484" timestamp="2017-09-26T21:55:41Z" user="DTHG" uid="463044">
  <nd ref="213022870"/>
  <nd ref="212796234"/>
  <tag k="highway" v="residential"/>
  <tag k="maxweight" v="4.5359237"/>
  <tag k="name" v="Arnett Street"/>
  <tag k="note" v="sign says &quot;Trucks over 5 tons excluded&quot;"/>
  <tag k="tiger:cfcc" v="A41"/>
  <tag k="tiger:county" v="Onondaga, NY"/>
  <tag k="tiger:name_base" v="Arnett"/>
  <tag k="tiger:name_type" v="St"/>
  <tag k="tiger:reviewed" v="no"/>
  <tag k="tiger:zip_left" v="13206"/>
  <tag k="tiger:zip_right" v="13206"/>
 </way>
 <way id="20150883" visible="true" version="4" changeset="184601248" timestamp="2026-06-25T18:43:27Z" user="nopeinomicon" uid="21426053">
  <nd ref="212813176"/>
  <nd ref="213115909"/>
  <nd ref="13965851917"/>
  <nd ref="212896392"/>
  <tag k="highway" v="residential"/>
  <tag k="name" v="Arnett Street"/>
  <tag k="tiger:cfcc" v="A41"/>
  <tag k="tiger:county" v="Onondaga, NY"/>
  <tag k="tiger:name_base" v="Arnett"/>
  <tag k="tiger:name_type" v="St"/>
  <tag k="tiger:reviewed" v="no"/>
  <tag k="tiger:zip_left" v="13206"/>
  <tag k="tiger:zip_right" v="13206"/>
 </way>
 <way id="159768129" visible="true" version="7" changeset="166748628" timestamp="2025-05-25T19:22:59Z" user="jiojoiph5" uid="22074639">
  <nd ref="1718824570"/>
  <nd ref="1718824580"/>
  <nd ref="1718824579"/>
  <nd ref="2358815464"/>
  <nd ref="1718824581"/>
  <nd ref="3301491787"/>
  <nd ref="1718824570"/>
  <tag k="building" v="yes"/>
  <tag k="building:levels" v="2"/>
 </way>
 <way id="160182819" visible="true" version="3" changeset="167010860" timestamp="2025-05-31T12:49:48Z" user="jiojoiph5" uid="22074639">
  <nd ref="1722481748"/>
  <nd ref="1722481738"/>
  <nd ref="1722481734"/>
  <nd ref="1722481745"/>
  <nd ref="1722481748"/>
  <tag k="addr:housenumber" v="2400"/>
  <tag k="addr:street" v="James Street"/>
  <tag k="atm" v="yes"/>
  <tag k="brand" v="Mobil Mart"/>
  <tag k="brand:wikidata" v="Q109676002"/>
  <tag k="building" v="yes"/>
  <tag k="building:levels" v="1"/>
  <tag k="name" v="Mobil Mart"/>
  <tag k="opening_hours" v="24/7"/>
  <tag k="phone" v="+1-315-437-9120"/>
  <tag k="shop" v="convenience"/>
 </way>
 <way id="160182822" visible="true" version="7" changeset="178443565" timestamp="2026-02-12T09:06:46Z" user="tkotnala_lyft" uid="21672285">
  <nd ref="1722481754"/>
  <nd ref="13545493527"/>
  <nd ref="13545493524"/>
  <nd ref="13545493523"/>
  <nd ref="1722481769"/>
  <nd ref="1722481751"/>
  <nd ref="13545493522"/>
  <nd ref="1722481748"/>
  <nd ref="1722481745"/>
  <nd ref="13545493525"/>
  <nd ref="13545493526"/>
  <nd ref="1722481742"/>
  <nd ref="1722481754"/>
  <tag k="addr:housenumber" v="2400"/>
  <tag k="addr:street" v="James Street"/>
  <tag k="amenity" v="fuel"/>
  <tag k="brand" v="Mobil"/>
  <tag k="brand:wikidata" v="Q109676002"/>
  <tag k="building" v="roof"/>
  <tag k="fuel:diesel" v="yes"/>
  <tag k="layer" v="1"/>
  <tag k="name" v="Mobil"/>
  <tag k="opening_hours" v="24/7"/>
  <tag k="website" v="https://www.exxon.com/gas-station/syracuse-ny-myersmobil-200310639"/>
 </way>
 <way id="160182826" visible="true" version="4" changeset="184601248" timestamp="2026-06-25T18:43:27Z" user="nopeinomicon" uid="21426053">
  <nd ref="1722481850"/>
  <nd ref="13965856503"/>
  <nd ref="1722481853"/>
  <nd ref="2358815602"/>
  <nd ref="2358815609"/>
  <nd ref="2358815611"/>
  <nd ref="1722481880"/>
  <nd ref="2358815598"/>
  <nd ref="1722481856"/>
  <nd ref="1722481862"/>
  <nd ref="13965483216"/>
  <nd ref="1722481865"/>
  <tag k="highway" v="service"/>
 </way>
 <way id="160182829" visible="true" version="2" changeset="16685300" timestamp="2013-06-24T14:38:10Z" user="user_599436" uid="599436">
  <nd ref="1722481853"/>
  <nd ref="1722481902"/>
  <nd ref="1722481905"/>
  <nd ref="1722481968"/>
  <nd ref="1722481972"/>
  <nd ref="1722482005"/>
  <nd ref="1722482009"/>
  <nd ref="1722481908"/>
  <nd ref="1722481886"/>
  <nd ref="1722481889"/>
  <nd ref="1722481862"/>
  <nd ref="1722481856"/>
  <nd ref="2358815598"/>
  <nd ref="1722481880"/>
  <nd ref="2358815611"/>
  <nd ref="2358815609"/>
  <nd ref="2358815602"/>
  <nd ref="1722481853"/>
  <tag k="amenity" v="parking"/>
 </way>
 <way id="223849437" visible="true" version="18" changeset="178443565" timestamp="2026-02-12T09:06:46Z" user="tkotnala_lyft" uid="21672285">
  <nd ref="4719390498"/>
  <nd ref="3301491798"/>
  <nd ref="212896390"/>
  <nd ref="212883362"/>
  <nd ref="13545493509"/>
  <nd ref="13001248319"/>
  <tag k="alt_name" v="James St"/>
  <tag k="highway" v="primary"/>
  <tag k="lanes" v="2"/>
  <tag k="maxspeed" v="30 mph"/>
  <tag k="name" v="James Street"/>
  <tag k="oneway" v="no"/>
  <tag k="ref" v="NY 290"/>
  <tag k="sidewalk:both" v="separate"/>
  <tag k="surface" v="paved"/>
  <tag k="tiger:cfcc" v="A41"/>
  <tag k="tiger:county" v="Onondaga, NY"/>
  <tag k="tiger:name_base" v="James"/>
  <tag k="tiger:name_type" v="St"/>
  <tag k="tiger:zip_left" v="13057"/>
  <tag k="tiger:zip_right" v="13057"/>
 </way>
 <way id="224423917" visible="true" version="2" changeset="16685300" timestamp="2013-06-24T14:38:09Z" user="user_599436" uid="599436">
  <nd ref="2332407514"/>
  <nd ref="2332407520"/>
  <nd ref="2358815577"/>
  <nd ref="2332407459"/>
  <nd ref="2332407456"/>
  <nd ref="2332407514"/>
  <tag k="building" v="yes"/>
 </way>
 <way id="224857506" visible="true" version="3" changeset="59312738" timestamp="2018-05-27T12:38:59Z" user="lewis83" uid="8335686">
  <nd ref="2337065021"/>
  <nd ref="2337065023"/>
  <nd ref="2337065024"/>
  <nd ref="2337065027"/>
  <nd ref="2337065028"/>
  <nd ref="2337065025"/>
  <nd ref="2337065026"/>
  <nd ref="2337065022"/>
  <nd ref="2337065021"/>
  <tag k="addr:housenumber" v="2450"/>
  <tag k="addr:street" v="James Street"/>
  <tag k="building" v="yes"/>
 </way>
 <way id="225193005" visible="true" version="2" changeset="30019416" timestamp="2015-04-06T16:15:05Z" user="RichRico" uid="2219338">
  <nd ref="2340056243"/>
  <nd ref="2340056244"/>
  <nd ref="2340056246"/>
  <nd ref="2340056245"/>
  <nd ref="2358815620"/>
  <nd ref="2340056241"/>
  <nd ref="2340056243"/>
  <tag k="building" v="yes"/>
 </way>
 <way id="225193006" visible="true" version="3" changeset="105648048" timestamp="2021-06-01T00:20:44Z" user="nysgissam_dead10ck" uid="12470629">
  <nd ref="2340056241"/>
  <nd ref="2340056243"/>
  <nd ref="2340056236"/>
  <nd ref="2340056235"/>
  <nd ref="2358815584"/>
  <nd ref="2340056241"/>
  <tag k="addr:city" v="Syracuse"/>
  <tag k="addr:housenumber" v="2519"/>
  <tag k="addr:postcode" v="13206"/>
  <tag k="addr:state" v="NY"/>
  <tag k="addr:street" v="James Street"/>
  <tag k="building" v="yes"/>
  <tag k="nysgissam:nysaddresspointid" v="ONON064200"/>
 </way>
 <way id="225193008" visible="true" version="1" changeset="16504393" timestamp="2013-06-11T02:48:45Z" user="DTHG" uid="463044">
  <nd ref="2340056237"/>
  <nd ref="2340056239"/>
  <nd ref="2340056238"/>
  <nd ref="2340056240"/>
  <nd ref="2340056234"/>
  <nd ref="2340056233"/>
  <nd ref="2340056237"/>
  <tag k="building" v="yes"/>
 </way>
 <way id="227150701" visible="true" version="4" changeset="170132825" timestamp="2025-08-08T02:18:00Z" user="ZeLonewolf" uid="219297">
  <nd ref="2358815460"/>
  <nd ref="2358815472"/>
  <nd ref="2358815470"/>
  <nd ref="2358815492"/>
  <nd ref="2358815494"/>
  <nd ref="2358815479"/>
  <nd ref="2358815466"/>
  <nd ref="2358815458"/>
  <nd ref="2358815454"/>
  <nd ref="2358815462"/>
  <nd ref="2358815460"/>
  <tag k="addr:city" v="Syracuse"/>
  <tag k="addr:country" v="US"/>
  <tag k="addr:housenumber" v="2334"/>
  <tag k="addr:postcode" v="13206"/>
  <tag k="addr:state" v="NY"/>
  <tag k="addr:street" v="James Street"/>
  <tag k="amenity" v="bank"/>
  <tag k="atm" v="yes"/>
  <tag k="brand" v="Bank of America"/>
  <tag k="brand:wikidata" v="Q487907"/>
  <tag k="building" v="yes"/>
  <tag k="name" v="Bank of America"/>
  <tag k="opening_hours" v="Mo-We 09:00-16:00; Th 09:00-17:00; Fr 09:00-18:00; Sa 09:00-12:00"/>
  <tag k="website" v="https://locators.bankofamerica.com/locator/locator/2334__James__St_13206_SYRACUSE_NY/bank_branch_locations/"/>
 </way>
 <way id="227150705" visible="true" version="2" changeset="105648038" timestamp="2021-06-01T00:20:16Z" user="nysgissam_dead10ck" uid="12470629">
  <nd ref="1718824581"/>
  <nd ref="2358815464"/>
  <nd ref="2358815456"/>
  <nd ref="2358815496"/>
  <nd ref="1718824581"/>
  <tag k="addr:city" v="Syracuse"/>
  <tag k="addr:housenumber" v="2366"/>
  <tag k="addr:postcode" v="13206"/>
  <tag k="addr:state" v="NY"/>
  <tag k="addr:street" v="James Street"/>
  <tag k="building" v="yes"/>
  <tag k="nysgissam:nysaddresspointid" v="ONON027868"/>
 </way>
 <way id="227150707" visible="true" version="1" changeset="16685300" timestamp="2013-06-24T14:38:04Z" user="user_599436" uid="599436">
  <nd ref="2358815577"/>
  <nd ref="2358815579"/>
  <nd ref="2358815555"/>
  <nd ref="2332407459"/>
  <nd ref="2358815577"/>
  <tag k="building" v="yes"/>
 </way>
 <way id="227150712" visible="true" version="3" changeset="185056473" timestamp="2026-07-03T18:44:38Z" user="nopeinomicon" uid="21426053">
  <nd ref="2358815584"/>
  <nd ref="2340056235"/>
  <nd ref="2358815549"/>
  <nd ref="2358815575"/>
  <nd ref="13986604708"/>
  <nd ref="2358815581"/>
  <nd ref="2358815617"/>
  <nd ref="2358815620"/>
  <nd ref="2340056241"/>
  <nd ref="2358815584"/>
  <tag k="building" v="yes"/>
 </way>
 <way id="227150714" visible="true" version="1" changeset="16685300" timestamp="2013-06-24T14:38:05Z" user="user_599436" uid="599436">
  <nd ref="2358815479"/>
  <nd ref="2358815481"/>
  <nd ref="2358815483"/>
  <nd ref="2358815485"/>
  <nd ref="2358815476"/>
  <nd ref="2358815474"/>
  <nd ref="2358815468"/>
  <nd ref="2358815466"/>
  <nd ref="2358815479"/>
  <tag k="building" v="roof"/>
  <tag k="layer" v="1"/>
 </way>
 <way id="227150715" visible="true" version="4" changeset="184601248" timestamp="2026-06-25T18:43:27Z" user="nopeinomicon" uid="21426053">
  <nd ref="2358815635"/>
  <nd ref="13965851911"/>
  <nd ref="5241827645"/>
  <nd ref="2358815631"/>
  <nd ref="2358815628"/>
  <nd ref="2358815624"/>
  <nd ref="2358815615"/>
  <nd ref="2358815607"/>
  <nd ref="2358815566"/>
  <nd ref="2358815551"/>
  <nd ref="2358815545"/>
  <nd ref="13201970406"/>
  <nd ref="2358815527"/>
  <tag k="highway" v="service"/>
  <tag k="service" v="parking_aisle"/>
 </way>
 <way id="227150717" visible="true" version="2" changeset="184592843" timestamp="2026-06-25T16:05:35Z" user="nopeinomicon" uid="21426053">
  <nd ref="2358815586"/>
  <nd ref="13965483222"/>
  <nd ref="2358815590"/>
  <tag k="highway" v="service"/>
  <tag k="service" v="parking_aisle"/>
 </way>
 <way id="227150718" visible="true" version="1" changeset="16685300" timestamp="2013-06-24T14:38:05Z" user="user_599436" uid="599436">
  <nd ref="2358815663"/>
  <nd ref="2358815654"/>
  <tag k="highway" v="service"/>
  <tag k="service" v="parking_aisle"/>
 </way>
 <way id="227150719" visible="true" version="3" changeset="182184981" timestamp="2026-05-04T03:11:51Z" user="nopeinomicon" uid="21426053">
  <nd ref="2358815449"/>
  <nd ref="13792880906"/>
  <nd ref="3301491776"/>
  <nd ref="2358815451"/>
  <tag k="highway" v="service"/>
  <tag k="service" v="parking_aisle"/>
 </way>
 <way id="227150720" visible="true" version="4" changeset="181522643" timestamp="2026-04-19T04:50:11Z" user="nopeinomicon" uid="21426053">
  <nd ref="2358815529"/>
  <nd ref="13736587288"/>
  <nd ref="2358815498"/>
  <nd ref="13741753634"/>
  <nd ref="2358815503"/>
  <tag k="highway" v="service"/>
  <tag k="service" v="parking_aisle"/>
  <tag k="surface" v="asphalt"/>
 </way>
 <way id="227150721" visible="true" version="3" changeset="184592843" timestamp="2026-06-25T16:05:35Z" user="nopeinomicon" uid="21426053">
  <nd ref="2358815535"/>
  <nd ref="13736608110"/>
  <nd ref="2358815644"/>
  <nd ref="13965483223"/>
  <nd ref="2358815642"/>
  <tag k="highway" v="service"/>
  <tag k="service" v="parking_aisle"/>
 </way>
 <way id="227150722" visible="true" version="1" changeset="16685300" timestamp="2013-06-24T14:38:05Z" user="user_599436" uid="599436">
  <nd ref="2358815602"/>
  <nd ref="2358815637"/>
  <nd ref="2358815639"/>
  <nd ref="2358815609"/>
  <tag k="highway" v="service"/>
  <tag k="service" v="parking_aisle"/>
 </way>
 <way id="227150723" visible="true" version="2" changeset="182057191" timestamp="2026-05-01T04:31:12Z" user="nopeinomicon" uid="21426053">
  <nd ref="2358815447"/>
  <nd ref="13784100827"/>
  <nd ref="2358815445"/>
  <nd ref="2358815440"/>
  <nd ref="13784100826"/>
  <nd ref="2358815443"/>
  <tag k="highway" v="service"/>
  <tag k="service" v="parking_aisle"/>
 </way>
 <way id="227150724" visible="true" version="1" changeset="16685300" timestamp="2013-06-24T14:38:05Z" user="user_599436" uid="599436">
  <nd ref="2358815598"/>
  <nd ref="2358815650"/>
  <nd ref="2358815654"/>
  <nd ref="2358815656"/>
  <nd ref="2358815652"/>
  <nd ref="2358815648"/>
  <nd ref="2358815611"/>
  <tag k="highway" v="service"/>
  <tag k="oneway" v="yes"/>
  <tag k="service" v="parking_aisle"/>
 </way>
 <way id="227150726" visible="true" version="2" changeset="19212869" timestamp="2013-12-01T15:45:30Z" user="user_599436" uid="599436">
  <nd ref="2358815613"/>
  <nd ref="2358815600"/>
  <nd ref="2358815604"/>
  <nd ref="2358815543"/>
  <nd ref="2358815541"/>
  <nd ref="2358815533"/>
  <nd ref="2358815531"/>
  <nd ref="2358815539"/>
  <nd ref="2358815537"/>
  <nd ref="2358815553"/>
  <nd ref="2358815641"/>
  <nd ref="2559983264"/>
  <nd ref="2358815643"/>
  <nd ref="2559983262"/>
  <nd ref="2559983263"/>
  <nd ref="2559983257"/>
  <nd ref="2559983256"/>
  <nd ref="2559983259"/>
  <nd ref="2559983258"/>
  <nd ref="2358815613"/>
  <tag k="amenity" v="parking"/>
  <tag k="parking" v="surface"/>
 </way>
 <way id="227150727" visible="true" version="3" changeset="146876462" timestamp="2024-01-30T19:21:36Z" user="RunningDroid" uid="362108">
  <nd ref="2358815487"/>
  <nd ref="2358815523"/>
  <nd ref="2358815525"/>
  <nd ref="2358815489"/>
  <nd ref="2358815487"/>
  <tag k="access" v="customers"/>
  <tag k="amenity" v="parking"/>
  <tag k="fee" v="no"/>
  <tag k="parking" v="surface"/>
 </way>
 <way id="227150728" visible="true" version="2" changeset="185056473" timestamp="2026-07-03T18:44:38Z" user="nopeinomicon" uid="21426053">
  <nd ref="2358815645"/>
  <nd ref="2358815646"/>
  <nd ref="2358815658"/>
  <nd ref="2358815660"/>
  <nd ref="2358815633"/>
  <nd ref="13986604710"/>
  <nd ref="2358815626"/>
  <nd ref="2358815645"/>
  <tag k="amenity" v="parking"/>
  <tag k="parking" v="surface"/>
 </way>
 <way id="249389653" visible="true" version="1" changeset="19212869" timestamp="2013-12-01T15:45:20Z" user="user_599436" uid="599436">
  <nd ref="2559983245"/>
  <nd ref="2559983246"/>
  <nd ref="2559983251"/>
  <nd ref="2559983252"/>
  <nd ref="2559983253"/>
  <nd ref="2559983254"/>
  <nd ref="2559983250"/>
  <nd ref="2559983249"/>
  <nd ref="2559983248"/>
  <nd ref="2559983247"/>
  <nd ref="2559983243"/>
  <nd ref="2559983244"/>
  <nd ref="2559983241"/>
  <nd ref="1718824591"/>
  <nd ref="2559983245"/>
  <tag k="building" v="yes"/>
 </way>
 <way id="249389656" visible="true" version="3" changeset="55450421" timestamp="2018-01-15T05:27:21Z" user="DTHG" uid="463044">
  <nd ref="2559983240"/>
  <nd ref="2559983239"/>
  <nd ref="2559983241"/>
  <nd ref="2559983244"/>
  <nd ref="2559983250"/>
  <nd ref="2559983254"/>
  <nd ref="2559983255"/>
  <nd ref="2559983242"/>
  <nd ref="5340120121"/>
  <nd ref="2559983240"/>
  <tag k="building" v="yes"/>
 </way>
 <way id="249389673" visible="true" version="3" changeset="184601248" timestamp="2026-06-25T18:43:27Z" user="nopeinomicon" uid="21426053">
  <nd ref="2559983261"/>
  <nd ref="13965851910"/>
  <nd ref="5241827646"/>
  <nd ref="2559983260"/>
  <nd ref="2358815613"/>
  <tag k="highway" v="service"/>
  <tag k="service" v="parking_aisle"/>
 </way>
 <way id="322760202" visible="true" version="1" changeset="28220143" timestamp="2015-01-17T22:32:18Z" user="user_599436" uid="599436">
  <nd ref="3295393789"/>
  <nd ref="3295393788"/>
  <nd ref="3295393792"/>
  <nd ref="3295393793"/>
  <nd ref="3295393794"/>
  <nd ref="3295393795"/>
  <nd ref="3295393796"/>
  <nd ref="3295393789"/>
  <tag k="access" v="customers"/>
  <tag k="amenity" v="parking"/>
  <tag k="parking" v="surface"/>
 </way>
 <way id="322760205" visible="true" version="6" changeset="167010860" timestamp="2025-05-31T12:49:48Z" user="jiojoiph5" uid="22074639">
  <nd ref="3295393787"/>
  <nd ref="3295393784"/>
  <nd ref="3295393783"/>
  <nd ref="3295393785"/>
  <nd ref="3295393786"/>
  <nd ref="3295393787"/>
  <tag k="addr:city" v="Syracuse"/>
  <tag k="addr:housenumber" v="2500"/>
  <tag k="addr:postcode" v="13206"/>
  <tag k="addr:state" v="NY"/>
  <tag k="addr:street" v="James Street"/>
  <tag k="building" v="yes"/>
 </way>
 <way id="322760206" visible="true" version="1" changeset="28220143" timestamp="2015-01-17T22:32:19Z" user="user_599436" uid="599436">
  <nd ref="3295393790"/>
  <nd ref="2358815503"/>
  <tag k="highway" v="unclassified"/>
 </way>
 <way id="322760207" visible="true" version="3" changeset="181522643" timestamp="2026-04-19T04:50:11Z" user="nopeinomicon" uid="21426053">
  <nd ref="3295393797"/>
  <nd ref="13736587285"/>
  <nd ref="3295393791"/>
  <nd ref="13741753650"/>
  <nd ref="3295393790"/>
  <tag k="highway" v="service"/>
  <tag k="service" v="parking_aisle"/>
 </way>
 <way id="323350418" visible="true" version="2" changeset="105648048" timestamp="2021-06-01T00:20:44Z" user="nysgissam_dead10ck" uid="12470629">
  <nd ref="3301491805"/>
  <nd ref="3301491806"/>
  <nd ref="3301491795"/>
  <nd ref="3301491794"/>
  <nd ref="3301491792"/>
  <nd ref="3301491790"/>
  <nd ref="3301491805"/>
  <tag k="addr:city" v="Syracuse"/>
  <tag k="addr:housenumber" v="2510"/>
  <tag k="addr:postcode" v="13206"/>
  <tag k="addr:state" v="NY"/>
  <tag k="addr:street" v="James Street"/>
  <tag k="building" v="yes"/>
  <tag k="nysgissam:nysaddresspointid" v="ONON110099"/>
 </way>
 <way id="323350425" visible="true" version="2" changeset="172987993" timestamp="2025-10-08T06:43:57Z" user="PedestrianMapping_GeoMasker" uid="23065607">
  <nd ref="3301491776"/>
  <nd ref="13202100879"/>
  <nd ref="3301491798"/>
  <tag k="highway" v="service"/>
  <tag k="oneway" v="yes"/>
  <tag k="service" v="drive-through"/>
 </way>
 <way id="478723188" visible="true" version="2" changeset="172987993" timestamp="2025-10-08T06:43:57Z" user="PedestrianMapping_GeoMasker" uid="23065607">
  <nd ref="212947777"/>
  <nd ref="2358815521"/>
  <nd ref="4719390498"/>
  <tag k="alt_name" v="James St"/>
  <tag k="highway" v="primary"/>
  <tag k="lanes" v="3"/>
  <tag k="lanes:backward" v="2"/>
  <tag k="lanes:forward" v="1"/>
  <tag k="maxspeed" v="30 mph"/>
  <tag k="name" v="James Street"/>
  <tag k="oneway" v="no"/>
  <tag k="ref" v="NY 290"/>
  <tag k="sidewalk:both" v="separate"/>
  <tag k="surface" v="paved"/>
  <tag k="tiger:cfcc" v="A41"/>
  <tag k="tiger:county" v="Onondaga, NY"/>
  <tag k="tiger:name_base" v="James"/>
  <tag k="tiger:name_type" v="St"/>
  <tag k="tiger:zip_left" v="13057"/>
  <tag k="tiger:zip_right" v="13057"/>
  <tag k="turn:lanes:backward" v="left|none"/>
 </way>
 <way id="486232542" visible="true" version="2" changeset="52398484" timestamp="2017-09-26T21:55:41Z" user="DTHG" uid="463044">
  <nd ref="4789064165"/>
  <nd ref="4789064164"/>
  <nd ref="4789064163"/>
  <nd ref="4789064162"/>
  <nd ref="5131834062"/>
  <nd ref="4789064161"/>
  <nd ref="5131834065"/>
  <nd ref="5131834064"/>
  <nd ref="5131834063"/>
  <tag k="addr:interpolation" v="odd"/>
 </way>
 <way id="486232543" visible="true" version="2" changeset="52398484" timestamp="2017-09-26T21:55:41Z" user="DTHG" uid="463044">
  <nd ref="4789064168"/>
  <nd ref="4789064167"/>
  <nd ref="4789064166"/>
  <nd ref="5131834068"/>
  <nd ref="5131834069"/>
  <nd ref="5131834071"/>
  <nd ref="5131834070"/>
  <tag k="addr:interpolation" v="even"/>
 </way>
 <way id="539706457" visible="true" version="1" changeset="53674302" timestamp="2017-11-10T18:26:20Z" user="DTHG" uid="463044">
  <nd ref="5222017658"/>
  <nd ref="5222017657"/>
  <nd ref="5222017656"/>
  <nd ref="5222017655"/>
  <nd ref="5222017654"/>
  <nd ref="5222017653"/>
  <nd ref="5222017652"/>
  <nd ref="5222017651"/>
  <nd ref="5222017658"/>
  <tag k="access" v="customers"/>
  <tag k="amenity" v="parking"/>
  <tag k="parking" v="surface"/>
 </way>
 <way id="542158305" visible="true" version="1" changeset="53986718" timestamp="2017-11-21T21:34:19Z" user="DTHG" uid="463044">
  <nd ref="5241827652"/>
  <nd ref="5241827648"/>
  <tag k="addr:interpolation" v="odd"/>
 </way>
 <way id="542158306" visible="true" version="1" changeset="53986718" timestamp="2017-11-21T21:34:19Z" user="DTHG" uid="463044">
  <nd ref="5196536346"/>
  <nd ref="5196536345"/>
  <nd ref="5241827651"/>
  <nd ref="5241827650"/>
  <nd ref="5241827649"/>
  <tag k="addr:interpolation" v="even"/>
 </way>
 <way id="553176449" visible="true" version="1" changeset="55450421" timestamp="2018-01-15T05:27:20Z" user="DTHG" uid="463044">
  <nd ref="5340120123"/>
  <nd ref="5340120122"/>
  <nd ref="5340120129"/>
  <nd ref="5340120130"/>
  <tag k="addr:interpolation" v="even"/>
 </way>
 <way id="553176450" visible="true" version="1" changeset="55450421" timestamp="2018-01-15T05:27:20Z" user="DTHG" uid="463044">
  <nd ref="5340120128"/>
  <nd ref="5340120127"/>
  <nd ref="5340120126"/>
  <nd ref="5340120125"/>
  <nd ref="5340120124"/>
  <tag k="addr:interpolation" v="odd"/>
 </way>
 <way id="630756988" visible="true" version="1" changeset="63208289" timestamp="2018-10-04T19:53:07Z" user="DTHG" uid="463044">
  <nd ref="5955379465"/>
  <nd ref="5955379464"/>
  <nd ref="5955379463"/>
  <nd ref="5955379462"/>
  <tag k="addr:interpolation" v="even"/>
 </way>
 <way id="675049575" visible="true" version="1" changeset="67860744" timestamp="2019-03-06T21:55:23Z" user="njtbusfan" uid="8107451">
  <nd ref="213022855"/>
  <nd ref="212813176"/>
  <tag k="highway" v="residential"/>
  <tag k="name" v="Arnett Street"/>
  <tag k="tiger:cfcc" v="A41"/>
  <tag k="tiger:county" v="Onondaga, NY"/>
  <tag k="tiger:name_base" v="Arnett"/>
  <tag k="tiger:name_type" v="St"/>
  <tag k="tiger:reviewed" v="no"/>
  <tag k="tiger:zip_left" v="13206"/>
  <tag k="tiger:zip_right" v="13206"/>
 </way>
 <way id="1077298904" visible="true" version="1" changeset="123417879" timestamp="2022-07-10T02:22:52Z" user="import_jarnold" uid="12601187">
  <nd ref="9877825046"/>
  <nd ref="9877825045"/>
  <nd ref="9877825044"/>
  <nd ref="9877825043"/>
  <nd ref="9877825042"/>
  <nd ref="9877825041"/>
  <nd ref="9877825046"/>
  <tag k="building" v="yes"/>
 </way>
 <way id="1077299485" visible="true" version="1" changeset="123417879" timestamp="2022-07-10T02:22:52Z" user="import_jarnold" uid="12601187">
  <nd ref="9877830135"/>
  <nd ref="9877830134"/>
  <nd ref="9877830133"/>
  <nd ref="9877830132"/>
  <nd ref="9877830135"/>
  <tag k="building" v="yes"/>
 </way>
 <way id="1077299486" visible="true" version="1" changeset="123417879" timestamp="2022-07-10T02:22:52Z" user="import_jarnold" uid="12601187">
  <nd ref="9877830141"/>
  <nd ref="9877830140"/>
  <nd ref="9877830139"/>
  <nd ref="9877830138"/>
  <nd ref="9877830137"/>
  <nd ref="9877830136"/>
  <nd ref="9877830141"/>
  <tag k="building" v="yes"/>
 </way>
 <way id="1077300045" visible="true" version="1" changeset="123417879" timestamp="2022-07-10T02:22:52Z" user="import_jarnold" uid="12601187">
  <nd ref="9877835369"/>
  <nd ref="9877835368"/>
  <nd ref="9877835367"/>
  <nd ref="9877835366"/>
  <nd ref="9877835369"/>
  <tag k="building" v="yes"/>
 </way>
 <way id="1077301126" visible="true" version="1" changeset="123417879" timestamp="2022-07-10T02:22:52Z" user="import_jarnold" uid="12601187">
  <nd ref="9877845062"/>
  <nd ref="9877845061"/>
  <nd ref="9877845060"/>
  <nd ref="9877845059"/>
  <nd ref="9877845058"/>
  <nd ref="9877845057"/>
  <nd ref="9877845056"/>
  <nd ref="9877845055"/>
  <nd ref="9877845054"/>
  <nd ref="9877845053"/>
  <nd ref="9877845052"/>
  <nd ref="9877845051"/>
  <nd ref="9877845062"/>
  <tag k="building" v="yes"/>
 </way>
 <way id="1077301127" visible="true" version="1" changeset="123417879" timestamp="2022-07-10T02:22:52Z" user="import_jarnold" uid="12601187">
  <nd ref="9877845066"/>
  <nd ref="9877845065"/>
  <nd ref="9877845064"/>
  <nd ref="9877845063"/>
  <nd ref="9877845066"/>
  <tag k="building" v="yes"/>
 </way>
 <way id="1077301128" visible="true" version="1" changeset="123417879" timestamp="2022-07-10T02:22:52Z" user="import_jarnold" uid="12601187">
  <nd ref="9877845070"/>
  <nd ref="9877845069"/>
  <nd ref="9877845068"/>
  <nd ref="9877845067"/>
  <nd ref="9877845070"/>
  <tag k="building" v="yes"/>
 </way>
 <way id="1077301135" visible="true" version="1" changeset="123417879" timestamp="2022-07-10T02:22:52Z" user="import_jarnold" uid="12601187">
  <nd ref="9877845124"/>
  <nd ref="9877845123"/>
  <nd ref="9877845122"/>
  <nd ref="9877845121"/>
  <nd ref="9877845120"/>
  <nd ref="9877845119"/>
  <nd ref="9877845118"/>
  <nd ref="9877845117"/>
  <nd ref="9877845116"/>
  <nd ref="9877845115"/>
  <nd ref="9877845114"/>
  <nd ref="9877845113"/>
  <nd ref="9877845124"/>
  <tag k="building" v="yes"/>
 </way>
 <way id="1077301177" visible="true" version="1" changeset="123417879" timestamp="2022-07-10T02:22:52Z" user="import_jarnold" uid="12601187">
  <nd ref="9877845490"/>
  <nd ref="9877845489"/>
  <nd ref="9877845488"/>
  <nd ref="9877845487"/>
  <nd ref="9877845486"/>
  <nd ref="9877845485"/>
  <nd ref="9877845490"/>
  <tag k="building" v="yes"/>
 </way>
 <way id="1077301918" visible="true" version="1" changeset="123417879" timestamp="2022-07-10T02:22:52Z" user="import_jarnold" uid="12601187">
  <nd ref="9877851754"/>
  <nd ref="9877851753"/>
  <nd ref="9877851752"/>
  <nd ref="9877851751"/>
  <nd ref="9877851750"/>
  <nd ref="9877851749"/>
  <nd ref="9877851748"/>
  <nd ref="9877851747"/>
  <nd ref="9877851746"/>
  <nd ref="9877851745"/>
  <nd ref="9877851754"/>
  <tag k="building" v="yes"/>
 </way>
 <way id="1077302710" visible="true" version="1" changeset="123417879" timestamp="2022-07-10T02:22:52Z" user="import_jarnold" uid="12601187">
  <nd ref="9877858922"/>
  <nd ref="9877858921"/>
  <nd ref="9877858920"/>
  <nd ref="9877858919"/>
  <nd ref="9877858922"/>
  <tag k="building" v="yes"/>
 </way>
 <way id="1077302711" visible="true" version="1" changeset="123417879" timestamp="2022-07-10T02:22:52Z" user="import_jarnold" uid="12601187">
  <nd ref="9877858932"/>
  <nd ref="9877858931"/>
  <nd ref="9877858930"/>
  <nd ref="9877858929"/>
  <nd ref="9877858928"/>
  <nd ref="9877858927"/>
  <nd ref="9877858926"/>
  <nd ref="9877858925"/>
  <nd ref="9877858924"/>
  <nd ref="9877858923"/>
  <nd ref="9877858932"/>
  <tag k="building" v="yes"/>
 </way>
 <way id="1077303631" visible="true" version="1" changeset="123417879" timestamp="2022-07-10T02:22:52Z" user="import_jarnold" uid="12601187">
  <nd ref="9877866967"/>
  <nd ref="9877866966"/>
  <nd ref="9877866965"/>
  <nd ref="9877866964"/>
  <nd ref="9877866967"/>
  <tag k="building" v="yes"/>
 </way>
 <way id="1077303632" visible="true" version="1" changeset="123417879" timestamp="2022-07-10T02:22:52Z" user="import_jarnold" uid="12601187">
  <nd ref="9877866975"/>
  <nd ref="9877866974"/>
  <nd ref="9877866973"/>
  <nd ref="9877866972"/>
  <nd ref="9877866971"/>
  <nd ref="9877866970"/>
  <nd ref="9877866969"/>
  <nd ref="9877866968"/>
  <nd ref="9877866975"/>
  <tag k="building" v="yes"/>
 </way>
 <way id="1077304595" visible="true" version="1" changeset="123417879" timestamp="2022-07-10T02:22:52Z" user="import_jarnold" uid="12601187">
  <nd ref="9877875466"/>
  <nd ref="9877875465"/>
  <nd ref="9877875464"/>
  <nd ref="9877875463"/>
  <nd ref="9877875462"/>
  <nd ref="9877875461"/>
  <nd ref="9877875460"/>
  <nd ref="9877875459"/>
  <nd ref="9877875466"/>
  <tag k="building" v="yes"/>
 </way>
 <way id="1077304596" visible="true" version="1" changeset="123417879" timestamp="2022-07-10T02:22:52Z" user="import_jarnold" uid="12601187">
  <nd ref="9877875470"/>
  <nd ref="9877875469"/>
  <nd ref="9877875468"/>
  <nd ref="9877875467"/>
  <nd ref="9877875470"/>
  <tag k="building" v="yes"/>
 </way>
 <way id="1077305125" visible="true" version="1" changeset="123417879" timestamp="2022-07-10T02:22:52Z" user="import_jarnold" uid="12601187">
  <nd ref="9877879989"/>
  <nd ref="9877879988"/>
  <nd ref="9877879987"/>
  <nd ref="9877879986"/>
  <nd ref="9877879985"/>
  <nd ref="9877879984"/>
  <nd ref="9877879989"/>
  <tag k="building" v="yes"/>
 </way>
 <way id="1077306510" visible="true" version="1" changeset="123417879" timestamp="2022-07-10T02:22:52Z" user="import_jarnold" uid="12601187">
  <nd ref="9877891874"/>
  <nd ref="9877891873"/>
  <nd ref="9877891872"/>
  <nd ref="9877891871"/>
  <nd ref="9877891870"/>
  <nd ref="9877891869"/>
  <nd ref="9877891868"/>
  <nd ref="9877891867"/>
  <nd ref="9877891866"/>
  <nd ref="9877891865"/>
  <nd ref="9877891874"/>
  <tag k="building" v="yes"/>
 </way>
 <way id="1077307104" visible="true" version="1" changeset="123417879" timestamp="2022-07-10T02:22:52Z" user="import_jarnold" uid="12601187">
  <nd ref="9877897034"/>
  <nd ref="9877897033"/>
  <nd ref="9877897032"/>
  <nd ref="9877897031"/>
  <nd ref="9877897030"/>
  <nd ref="9877897029"/>
  <nd ref="9877897034"/>
  <tag k="building" v="yes"/>
 </way>
 <way id="1077307105" visible="true" version="1" changeset="123417879" timestamp="2022-07-10T02:22:52Z" user="import_jarnold" uid="12601187">
  <nd ref="9877897038"/>
  <nd ref="9877897037"/>
  <nd ref="9877897036"/>
  <nd ref="9877897035"/>
  <nd ref="9877897038"/>
  <tag k="building" v="yes"/>
 </way>
 <way id="1077308026" visible="true" version="1" changeset="123417880" timestamp="2022-07-10T02:23:03Z" user="import_jarnold" uid="12601187">
  <nd ref="9877905280"/>
  <nd ref="9877905279"/>
  <nd ref="9877905278"/>
  <nd ref="9877905277"/>
  <nd ref="9877905276"/>
  <nd ref="9877905275"/>
  <nd ref="9877905274"/>
  <nd ref="9877905273"/>
  <nd ref="9877905272"/>
  <nd ref="9877905271"/>
  <nd ref="9877905270"/>
  <nd ref="9877905269"/>
  <nd ref="9877905268"/>
  <nd ref="9877905267"/>
  <nd ref="9877905280"/>
  <tag k="building" v="yes"/>
 </way>
 <way id="1077308027" visible="true" version="1" changeset="123417880" timestamp="2022-07-10T02:23:03Z" user="import_jarnold" uid="12601187">
  <nd ref="9877905284"/>
  <nd ref="9877905283"/>
  <nd ref="9877905282"/>
  <nd ref="9877905281"/>
  <nd ref="9877905284"/>
  <tag k="building" v="yes"/>
 </way>
 <way id="1077310217" visible="true" version="1" changeset="123417880" timestamp="2022-07-10T02:23:03Z" user="import_jarnold" uid="12601187">
  <nd ref="9877924132"/>
  <nd ref="9877924131"/>
  <nd ref="9877924130"/>
  <nd ref="9877924129"/>
  <nd ref="9877924128"/>
  <nd ref="9877924127"/>
  <nd ref="9877924126"/>
  <nd ref="9877924125"/>
  <nd ref="9877924132"/>
  <tag k="building" v="yes"/>
 </way>
 <way id="1077310218" visible="true" version="1" changeset="123417880" timestamp="2022-07-10T02:23:03Z" user="import_jarnold" uid="12601187">
  <nd ref="9877924138"/>
  <nd ref="9877924137"/>
  <nd ref="9877924136"/>
  <nd ref="9877924135"/>
  <nd ref="9877924134"/>
  <nd ref="9877924133"/>
  <nd ref="9877924138"/>
  <tag k="building" v="yes"/>
 </way>
 <way id="1077310277" visible="true" version="1" changeset="123417880" timestamp="2022-07-10T02:23:03Z" user="import_jarnold" uid="12601187">
  <nd ref="9877924603"/>
  <nd ref="9877924602"/>
  <nd ref="9877924601"/>
  <nd ref="9877924600"/>
  <nd ref="9877924599"/>
  <nd ref="9877924598"/>
  <nd ref="9877924597"/>
  <nd ref="9877924596"/>
  <nd ref="9877924595"/>
  <nd ref="9877924594"/>
  <nd ref="9877924593"/>
  <nd ref="9877924592"/>
  <nd ref="9877924591"/>
  <nd ref="9877924590"/>
  <nd ref="9877924603"/>
  <tag k="building" v="yes"/>
 </way>
 <way id="1077310369" visible="true" version="1" changeset="123417880" timestamp="2022-07-10T02:23:03Z" user="import_jarnold" uid="12601187">
  <nd ref="9877925389"/>
  <nd ref="9877925388"/>
  <nd ref="9877925387"/>
  <nd ref="9877925386"/>
  <nd ref="9877925385"/>
  <nd ref="9877925384"/>
  <nd ref="9877925383"/>
  <nd ref="9877925382"/>
  <nd ref="9877925381"/>
  <nd ref="9877925380"/>
  <nd ref="9877925379"/>
  <nd ref="9877925378"/>
  <nd ref="9877925377"/>
  <nd ref="9877925376"/>
  <nd ref="9877925389"/>
  <tag k="building" v="yes"/>
 </way>
 <way id="1077310370" visible="true" version="1" changeset="123417880" timestamp="2022-07-10T02:23:03Z" user="import_jarnold" uid="12601187">
  <nd ref="9877925393"/>
  <nd ref="9877925392"/>
  <nd ref="9877925391"/>
  <nd ref="9877925390"/>
  <nd ref="9877925393"/>
  <tag k="building" v="yes"/>
 </way>
 <way id="1077310992" visible="true" version="1" changeset="123417880" timestamp="2022-07-10T02:23:03Z" user="import_jarnold" uid="12601187">
  <nd ref="9877930793"/>
  <nd ref="9877930792"/>
  <nd ref="9877930791"/>
  <nd ref="9877930790"/>
  <nd ref="9877930793"/>
  <tag k="building" v="yes"/>
 </way>
 <way id="1077310993" visible="true" version="1" changeset="123417880" timestamp="2022-07-10T02:23:03Z" user="import_jarnold" uid="12601187">
  <nd ref="9877930803"/>
  <nd ref="9877930802"/>
  <nd ref="9877930801"/>
  <nd ref="9877930800"/>
  <nd ref="9877930799"/>
  <nd ref="9877930798"/>
  <nd ref="9877930797"/>
  <nd ref="9877930796"/>
  <nd ref="9877930795"/>
  <nd ref="9877930794"/>
  <nd ref="9877930803"/>
  <tag k="building" v="yes"/>
 </way>
 <way id="1077311563" visible="true" version="1" changeset="123417880" timestamp="2022-07-10T02:23:03Z" user="import_jarnold" uid="12601187">
  <nd ref="9877935803"/>
  <nd ref="9877935802"/>
  <nd ref="9877935801"/>
  <nd ref="9877935800"/>
  <nd ref="9877935799"/>
  <nd ref="9877935798"/>
  <nd ref="9877935797"/>
  <nd ref="9877935796"/>
  <nd ref="9877935795"/>
  <nd ref="9877935794"/>
  <nd ref="9877935803"/>
  <tag k="building" v="yes"/>
 </way>
 <way id="1077312238" visible="true" version="1" changeset="123417880" timestamp="2022-07-10T02:23:03Z" user="import_jarnold" uid="12601187">
  <nd ref="9877941624"/>
  <nd ref="9877941623"/>
  <nd ref="9877941622"/>
  <nd ref="9877941621"/>
  <nd ref="9877941624"/>
  <tag k="building" v="yes"/>
 </way>
 <way id="1077312239" visible="true" version="1" changeset="123417880" timestamp="2022-07-10T02:23:03Z" user="import_jarnold" uid="12601187">
  <nd ref="9877941632"/>
  <nd ref="9877941631"/>
  <nd ref="9877941630"/>
  <nd ref="9877941629"/>
  <nd ref="9877941628"/>
  <nd ref="9877941627"/>
  <nd ref="9877941626"/>
  <nd ref="9877941625"/>
  <nd ref="9877941632"/>
  <tag k="building" v="yes"/>
 </way>
 <way id="1077312713" visible="true" version="1" changeset="123417880" timestamp="2022-07-10T02:23:03Z" user="import_jarnold" uid="12601187">
  <nd ref="9877945837"/>
  <nd ref="9877945836"/>
  <nd ref="9877945835"/>
  <nd ref="9877945834"/>
  <nd ref="9877945833"/>
  <nd ref="9877945832"/>
  <nd ref="9877945831"/>
  <nd ref="9877945830"/>
  <nd ref="9877945829"/>
  <nd ref="9877945828"/>
  <nd ref="9877945827"/>
  <nd ref="9877945826"/>
  <nd ref="9877945837"/>
  <tag k="building" v="yes"/>
 </way>
 <way id="1077312714" visible="true" version="1" changeset="123417880" timestamp="2022-07-10T02:23:03Z" user="import_jarnold" uid="12601187">
  <nd ref="9877945841"/>
  <nd ref="9877945840"/>
  <nd ref="9877945839"/>
  <nd ref="9877945838"/>
  <nd ref="9877945841"/>
  <tag k="building" v="yes"/>
 </way>
 <way id="1077312795" visible="true" version="1" changeset="123417880" timestamp="2022-07-10T02:23:03Z" user="import_jarnold" uid="12601187">
  <nd ref="9877946513"/>
  <nd ref="9877946512"/>
  <nd ref="9877946511"/>
  <nd ref="9877946510"/>
  <nd ref="9877946509"/>
  <nd ref="9877946508"/>
  <nd ref="9877946507"/>
  <nd ref="9877946506"/>
  <nd ref="9877946505"/>
  <nd ref="9877946504"/>
  <nd ref="9877946503"/>
  <nd ref="9877946502"/>
  <nd ref="9877946513"/>
  <tag k="building" v="yes"/>
 </way>
 <way id="1077312796" visible="true" version="1" changeset="123417880" timestamp="2022-07-10T02:23:03Z" user="import_jarnold" uid="12601187">
  <nd ref="9877946517"/>
  <nd ref="9877946516"/>
  <nd ref="9877946515"/>
  <nd ref="9877946514"/>
  <nd ref="9877946517"/>
  <tag k="building" v="yes"/>
 </way>
 <way id="1077312956" visible="true" version="1" changeset="123417880" timestamp="2022-07-10T02:23:03Z" user="import_jarnold" uid="12601187">
  <nd ref="9877948044"/>
  <nd ref="9877948043"/>
  <nd ref="9877948042"/>
  <nd ref="9877948041"/>
  <nd ref="9877948040"/>
  <nd ref="9877948039"/>
  <nd ref="9877948038"/>
  <nd ref="9877948037"/>
  <nd ref="9877948044"/>
  <tag k="building" v="yes"/>
 </way>
 <way id="1077314276" visible="true" version="1" changeset="123417880" timestamp="2022-07-10T02:23:03Z" user="import_jarnold" uid="12601187">
  <nd ref="9877959629"/>
  <nd ref="9877959628"/>
  <nd ref="9877959627"/>
  <nd ref="9877959626"/>
  <nd ref="9877959625"/>
  <nd ref="9877959624"/>
  <nd ref="9877959623"/>
  <nd ref="9877959622"/>
  <nd ref="9877959629"/>
  <tag k="building" v="yes"/>
 </way>
 <way id="1077314784" visible="true" version="1" changeset="123417880" timestamp="2022-07-10T02:23:03Z" user="import_jarnold" uid="12601187">
  <nd ref="9877965182"/>
  <nd ref="9877965181"/>
  <nd ref="9877965180"/>
  <nd ref="9877965179"/>
  <nd ref="9877965178"/>
  <nd ref="9877965177"/>
  <nd ref="9877965182"/>
  <tag k="building" v="yes"/>
 </way>
 <way id="1077314785" visible="true" version="1" changeset="123417880" timestamp="2022-07-10T02:23:03Z" user="import_jarnold" uid="12601187">
  <nd ref="9877965196"/>
  <nd ref="9877965195"/>
  <nd ref="9877965194"/>
  <nd ref="9877965193"/>
  <nd ref="9877965192"/>
  <nd ref="9877965191"/>
  <nd ref="9877965190"/>
  <nd ref="9877965189"/>
  <nd ref="9877965188"/>
  <nd ref="9877965187"/>
  <nd ref="9877965186"/>
  <nd ref="9877965185"/>
  <nd ref="9877965184"/>
  <nd ref="9877965183"/>
  <nd ref="9877965196"/>
  <tag k="building" v="yes"/>
 </way>
 <way id="1077315049" visible="true" version="1" changeset="123417880" timestamp="2022-07-10T02:23:03Z" user="import_jarnold" uid="12601187">
  <nd ref="9877967627"/>
  <nd ref="9877967626"/>
  <nd ref="9877967625"/>
  <nd ref="9877967624"/>
  <nd ref="9877967623"/>
  <nd ref="9877967622"/>
  <nd ref="9877967621"/>
  <nd ref="9877967620"/>
  <nd ref="9877967627"/>
  <tag k="building" v="yes"/>
 </way>
 <way id="1077315050" visible="true" version="1" changeset="123417880" timestamp="2022-07-10T02:23:03Z" user="import_jarnold" uid="12601187">
  <nd ref="9877967631"/>
  <nd ref="9877967630"/>
  <nd ref="9877967629"/>
  <nd ref="9877967628"/>
  <nd ref="9877967631"/>
  <tag k="building" v="yes"/>
 </way>
 <way id="1077315190" visible="true" version="1" changeset="123417880" timestamp="2022-07-10T02:23:03Z" user="import_jarnold" uid="12601187">
  <nd ref="9877968817"/>
  <nd ref="9877968816"/>
  <nd ref="9877968815"/>
  <nd ref="9877968814"/>
  <nd ref="9877968813"/>
  <nd ref="9877968812"/>
  <nd ref="9877968811"/>
  <nd ref="9877968810"/>
  <nd ref="9877968809"/>
  <nd ref="9877968808"/>
  <nd ref="9877968817"/>
  <tag k="building" v="yes"/>
 </way>
 <way id="1077315191" visible="true" version="1" changeset="123417880" timestamp="2022-07-10T02:23:03Z" user="import_jarnold" uid="12601187">
  <nd ref="9877968821"/>
  <nd ref="9877968820"/>
  <nd ref="9877968819"/>
  <nd ref="9877968818"/>
  <nd ref="9877968821"/>
  <tag k="building" v="yes"/>
 </way>
 <way id="1077315317" visible="true" version="1" changeset="123417880" timestamp="2022-07-10T02:23:03Z" user="import_jarnold" uid="12601187">
  <nd ref="9877969904"/>
  <nd ref="9877969903"/>
  <nd ref="9877969902"/>
  <nd ref="9877969901"/>
  <nd ref="9877969900"/>
  <nd ref="9877969899"/>
  <nd ref="9877969904"/>
  <tag k="building" v="yes"/>
 </way>
 <way id="1077315318" visible="true" version="1" changeset="123417880" timestamp="2022-07-10T02:23:03Z" user="import_jarnold" uid="12601187">
  <nd ref="9877969908"/>
  <nd ref="9877969907"/>
  <nd ref="9877969906"/>
  <nd ref="9877969905"/>
  <nd ref="9877969908"/>
  <tag k="building" v="yes"/>
 </way>
 <way id="1077315770" visible="true" version="1" changeset="123417880" timestamp="2022-07-10T02:23:03Z" user="import_jarnold" uid="12601187">
  <nd ref="9877973864"/>
  <nd ref="9877973863"/>
  <nd ref="9877973862"/>
  <nd ref="9877973861"/>
  <nd ref="9877973860"/>
  <nd ref="9877973859"/>
  <nd ref="9877973858"/>
  <nd ref="9877973857"/>
  <nd ref="9877973864"/>
  <tag k="building" v="yes"/>
 </way>
 <way id="1077315771" visible="true" version="1" changeset="123417880" timestamp="2022-07-10T02:23:03Z" user="import_jarnold" uid="12601187">
  <nd ref="9877973868"/>
  <nd ref="9877973867"/>
  <nd ref="9877973866"/>
  <nd ref="9877973865"/>
  <nd ref="9877973868"/>
  <tag k="building" v="yes"/>
 </way>
 <way id="1077316235" visible="true" version="1" changeset="123417880" timestamp="2022-07-10T02:23:03Z" user="import_jarnold" uid="12601187">
  <nd ref="9877980867"/>
  <nd ref="9877980866"/>
  <nd ref="9877980865"/>
  <nd ref="9877980864"/>
  <nd ref="9877980867"/>
  <tag k="building" v="yes"/>
 </way>
 <way id="1077316947" visible="true" version="1" changeset="123417880" timestamp="2022-07-10T02:23:03Z" user="import_jarnold" uid="12601187">
  <nd ref="9877987130"/>
  <nd ref="9877987129"/>
  <nd ref="9877987128"/>
  <nd ref="9877987127"/>
  <nd ref="9877987126"/>
  <nd ref="9877987125"/>
  <nd ref="9877987124"/>
  <nd ref="9877987123"/>
  <nd ref="9877987122"/>
  <nd ref="9877987121"/>
  <nd ref="9877987120"/>
  <nd ref="9877987119"/>
  <nd ref="9877987118"/>
  <nd ref="9877987117"/>
  <nd ref="9877987116"/>
  <nd ref="9877987115"/>
  <nd ref="9877987114"/>
  <nd ref="9877987113"/>
  <nd ref="9877987112"/>
  <nd ref="9877987111"/>
  <nd ref="9877987130"/>
  <tag k="building" v="yes"/>
 </way>
 <way id="1077317087" visible="true" version="1" changeset="123417880" timestamp="2022-07-10T02:23:03Z" user="import_jarnold" uid="12601187">
  <nd ref="9877988401"/>
  <nd ref="9877988400"/>
  <nd ref="9877988399"/>
  <nd ref="9877988398"/>
  <nd ref="9877988397"/>
  <nd ref="9877988396"/>
  <nd ref="9877988395"/>
  <nd ref="9877988394"/>
  <nd ref="9877988393"/>
  <nd ref="9877988392"/>
  <nd ref="9877988391"/>
  <nd ref="9877988390"/>
  <nd ref="9877988389"/>
  <nd ref="9877988388"/>
  <nd ref="9877988387"/>
  <nd ref="9877988386"/>
  <nd ref="9877988401"/>
  <tag k="building" v="yes"/>
 </way>
 <way id="1077317478" visible="true" version="1" changeset="123417880" timestamp="2022-07-10T02:23:03Z" user="import_jarnold" uid="12601187">
  <nd ref="9877991849"/>
  <nd ref="9877991848"/>
  <nd ref="9877991847"/>
  <nd ref="9877991846"/>
  <nd ref="9877991849"/>
  <tag k="building" v="yes"/>
 </way>
 <way id="1077317479" visible="true" version="1" changeset="123417880" timestamp="2022-07-10T02:23:03Z" user="import_jarnold" uid="12601187">
  <nd ref="9877991853"/>
  <nd ref="9877991852"/>
  <nd ref="9877991851"/>
  <nd ref="9877991850"/>
  <nd ref="9877991853"/>
  <tag k="building" v="yes"/>
 </way>
 <way id="1077318069" visible="true" version="1" changeset="123417884" timestamp="2022-07-10T02:23:15Z" user="import_jarnold" uid="12601187">
  <nd ref="9877996436"/>
  <nd ref="9877996435"/>
  <nd ref="9877996434"/>
  <nd ref="9877996433"/>
  <nd ref="9877996432"/>
  <nd ref="9877996431"/>
  <nd ref="9877996430"/>
  <nd ref="9877996429"/>
  <nd ref="9877996428"/>
  <nd ref="9877996427"/>
  <nd ref="9877996426"/>
  <nd ref="9877996425"/>
  <nd ref="9877996436"/>
  <tag k="building" v="yes"/>
 </way>
 <way id="1077318567" visible="true" version="1" changeset="123417884" timestamp="2022-07-10T02:23:15Z" user="import_jarnold" uid="12601187">
  <nd ref="9878000786"/>
  <nd ref="9878000785"/>
  <nd ref="9878000784"/>
  <nd ref="9878000783"/>
  <nd ref="9878000782"/>
  <nd ref="9878000781"/>
  <nd ref="9878000780"/>
  <nd ref="9878000779"/>
  <nd ref="9878000778"/>
  <nd ref="9878000777"/>
  <nd ref="9878000776"/>
  <nd ref="9878000775"/>
  <nd ref="9878000774"/>
  <nd ref="9878000773"/>
  <nd ref="9878000772"/>
  <nd ref="9878000771"/>
  <nd ref="9878000770"/>
  <nd ref="9878000769"/>
  <nd ref="9878000768"/>
  <nd ref="9878000767"/>
  <nd ref="9878000786"/>
  <tag k="building" v="yes"/>
 </way>
 <way id="1077318568" visible="true" version="1" changeset="123417884" timestamp="2022-07-10T02:23:15Z" user="import_jarnold" uid="12601187">
  <nd ref="9878000790"/>
  <nd ref="9878000789"/>
  <nd ref="9878000788"/>
  <nd ref="9878000787"/>
  <nd ref="9878000790"/>
  <tag k="building" v="yes"/>
 </way>
 <way id="1077318602" visible="true" version="1" changeset="123417884" timestamp="2022-07-10T02:23:15Z" user="import_jarnold" uid="12601187">
  <nd ref="9878001078"/>
  <nd ref="9878001077"/>
  <nd ref="9878001076"/>
  <nd ref="9878001075"/>
  <nd ref="9878001074"/>
  <nd ref="9878001073"/>
  <nd ref="9878001072"/>
  <nd ref="9878001071"/>
  <nd ref="9878001070"/>
  <nd ref="9878001069"/>
  <nd ref="9878001068"/>
  <nd ref="9878001067"/>
  <nd ref="9878001066"/>
  <nd ref="9878001065"/>
  <nd ref="9878001078"/>
  <tag k="building" v="yes"/>
 </way>
 <way id="1077318603" visible="true" version="1" changeset="123417884" timestamp="2022-07-10T02:23:15Z" user="import_jarnold" uid="12601187">
  <nd ref="9878001082"/>
  <nd ref="9878001081"/>
  <nd ref="9878001080"/>
  <nd ref="9878001079"/>
  <nd ref="9878001082"/>
  <tag k="building" v="yes"/>
 </way>
 <way id="1077320590" visible="true" version="1" changeset="123417884" timestamp="2022-07-10T02:23:15Z" user="import_jarnold" uid="12601187">
  <nd ref="9878018453"/>
  <nd ref="9878018452"/>
  <nd ref="9878018451"/>
  <nd ref="9878018450"/>
  <nd ref="9878018453"/>
  <tag k="building" v="yes"/>
 </way>
 <way id="1077320591" visible="true" version="1" changeset="123417884" timestamp="2022-07-10T02:23:15Z" user="import_jarnold" uid="12601187">
  <nd ref="9878018465"/>
  <nd ref="9878018464"/>
  <nd ref="9878018463"/>
  <nd ref="9878018462"/>
  <nd ref="9878018461"/>
  <nd ref="9878018460"/>
  <nd ref="9878018459"/>
  <nd ref="9878018458"/>
  <nd ref="9878018457"/>
  <nd ref="9878018456"/>
  <nd ref="9878018455"/>
  <nd ref="9878018454"/>
  <nd ref="9878018465"/>
  <tag k="building" v="yes"/>
 </way>
 <way id="1077320620" visible="true" version="1" changeset="123417884" timestamp="2022-07-10T02:23:15Z" user="import_jarnold" uid="12601187">
  <nd ref="9878018729"/>
  <nd ref="9878018728"/>
  <nd ref="9878018727"/>
  <nd ref="9878018726"/>
  <nd ref="9878018725"/>
  <nd ref="9878018724"/>
  <nd ref="9878018723"/>
  <nd ref="9878018722"/>
  <nd ref="9878018729"/>
  <tag k="building" v="yes"/>
 </way>
 <way id="1077320882" visible="true" version="1" changeset="123417884" timestamp="2022-07-10T02:23:15Z" user="import_jarnold" uid="12601187">
  <nd ref="9878020902"/>
  <nd ref="9878020901"/>
  <nd ref="9878020900"/>
  <nd ref="9878020899"/>
  <nd ref="9878020902"/>
  <tag k="building" v="yes"/>
 </way>
 <way id="1077320883" visible="true" version="1" changeset="123417884" timestamp="2022-07-10T02:23:15Z" user="import_jarnold" uid="12601187">
  <nd ref="9878020910"/>
  <nd ref="9878020909"/>
  <nd ref="9878020908"/>
  <nd ref="9878020907"/>
  <nd ref="9878020906"/>
  <nd ref="9878020905"/>
  <nd ref="9878020904"/>
  <nd ref="9878020903"/>
  <nd ref="9878020910"/>
  <tag k="building" v="yes"/>
 </way>
 <way id="1077320967" visible="true" version="1" changeset="123417884" timestamp="2022-07-10T02:23:15Z" user="import_jarnold" uid="12601187">
  <nd ref="9878021677"/>
  <nd ref="9878021676"/>
  <nd ref="9878021675"/>
  <nd ref="9878021674"/>
  <nd ref="9878021673"/>
  <nd ref="9878021672"/>
  <nd ref="9878021671"/>
  <nd ref="9878021670"/>
  <nd ref="9878021669"/>
  <nd ref="9878021668"/>
  <nd ref="9878021667"/>
  <nd ref="9878021666"/>
  <nd ref="9878021665"/>
  <nd ref="9878021664"/>
  <nd ref="9878021663"/>
  <nd ref="9878021662"/>
  <nd ref="9878021661"/>
  <nd ref="9878021660"/>
  <nd ref="9878021659"/>
  <nd ref="9878021658"/>
  <nd ref="9878021657"/>
  <nd ref="9878021656"/>
  <nd ref="9878021655"/>
  <nd ref="9878021654"/>
  <nd ref="9878021653"/>
  <nd ref="9878021652"/>
  <nd ref="9878021651"/>
  <nd ref="9878021650"/>
  <nd ref="9878021677"/>
  <tag k="building" v="yes"/>
 </way>
 <way id="1077321233" visible="true" version="1" changeset="123417884" timestamp="2022-07-10T02:23:15Z" user="import_jarnold" uid="12601187">
  <nd ref="9878024045"/>
  <nd ref="9878024044"/>
  <nd ref="9878024043"/>
  <nd ref="9878024042"/>
  <nd ref="9878024041"/>
  <nd ref="9878024040"/>
  <nd ref="9878024039"/>
  <nd ref="9878024038"/>
  <nd ref="9878024037"/>
  <nd ref="9878024036"/>
  <nd ref="9878024035"/>
  <nd ref="9878024034"/>
  <nd ref="9878024033"/>
  <nd ref="9878024032"/>
  <nd ref="9878024045"/>
  <tag k="building" v="yes"/>
 </way>
 <way id="1077321907" visible="true" version="1" changeset="123417884" timestamp="2022-07-10T02:23:15Z" user="import_jarnold" uid="12601187">
  <nd ref="9878029943"/>
  <nd ref="9878029942"/>
  <nd ref="9878029941"/>
  <nd ref="9878029940"/>
  <nd ref="9878029943"/>
  <tag k="building" v="yes"/>
 </way>
 <way id="1077321908" visible="true" version="1" changeset="123417884" timestamp="2022-07-10T02:23:15Z" user="import_jarnold" uid="12601187">
  <nd ref="9878029947"/>
  <nd ref="9878029946"/>
  <nd ref="9878029945"/>
  <nd ref="9878029944"/>
  <nd ref="9878029947"/>
  <tag k="building" v="yes"/>
 </way>
 <way id="1077322658" visible="true" version="1" changeset="123417884" timestamp="2022-07-10T02:23:15Z" user="import_jarnold" uid="12601187">
  <nd ref="9878036571"/>
  <nd ref="9878036570"/>
  <nd ref="9878036569"/>
  <nd ref="9878036568"/>
  <nd ref="9878036571"/>
  <tag k="building" v="yes"/>
 </way>
 <way id="1077322904" visible="true" version="1" changeset="123417884" timestamp="2022-07-10T02:23:15Z" user="import_jarnold" uid="12601187">
  <nd ref="9878038718"/>
  <nd ref="9878038717"/>
  <nd ref="9878038716"/>
  <nd ref="9878038715"/>
  <nd ref="9878038718"/>
  <tag k="building" v="yes"/>
 </way>
 <way id="1077322905" visible="true" version="1" changeset="123417884" timestamp="2022-07-10T02:23:15Z" user="import_jarnold" uid="12601187">
  <nd ref="9878038728"/>
  <nd ref="9878038727"/>
  <nd ref="9878038726"/>
  <nd ref="9878038725"/>
  <nd ref="9878038724"/>
  <nd ref="9878038723"/>
  <nd ref="9878038722"/>
  <nd ref="9878038721"/>
  <nd ref="9878038720"/>
  <nd ref="9878038719"/>
  <nd ref="9878038728"/>
  <tag k="building" v="yes"/>
 </way>
 <way id="1077323582" visible="true" version="1" changeset="123417884" timestamp="2022-07-10T02:23:15Z" user="import_jarnold" uid="12601187">
  <nd ref="9878044737"/>
  <nd ref="9878044736"/>
  <nd ref="9878044735"/>
  <nd ref="9878044734"/>
  <nd ref="9878044737"/>
  <tag k="building" v="yes"/>
 </way>
 <way id="1077324181" visible="true" version="1" changeset="123417884" timestamp="2022-07-10T02:23:15Z" user="import_jarnold" uid="12601187">
  <nd ref="9878050124"/>
  <nd ref="9878050123"/>
  <nd ref="9878050122"/>
  <nd ref="9878050121"/>
  <nd ref="9878050120"/>
  <nd ref="9878050119"/>
  <nd ref="9878050118"/>
  <nd ref="9878050117"/>
  <nd ref="9878050116"/>
  <nd ref="9878050115"/>
  <nd ref="9878050124"/>
  <tag k="building" v="yes"/>
 </way>
 <way id="1077324182" visible="true" version="1" changeset="123417884" timestamp="2022-07-10T02:23:15Z" user="import_jarnold" uid="12601187">
  <nd ref="9878050128"/>
  <nd ref="9878050127"/>
  <nd ref="9878050126"/>
  <nd ref="9878050125"/>
  <nd ref="9878050128"/>
  <tag k="building" v="yes"/>
 </way>
 <way id="1077325873" visible="true" version="1" changeset="123417884" timestamp="2022-07-10T02:23:15Z" user="import_jarnold" uid="12601187">
  <nd ref="9878064937"/>
  <nd ref="9878064936"/>
  <nd ref="9878064935"/>
  <nd ref="9878064934"/>
  <nd ref="9878064933"/>
  <nd ref="9878064932"/>
  <nd ref="9878064931"/>
  <nd ref="9878064930"/>
  <nd ref="9878064929"/>
  <nd ref="9878064928"/>
  <nd ref="9878064937"/>
  <tag k="building" v="yes"/>
 </way>
 <way id="1077325874" visible="true" version="1" changeset="123417884" timestamp="2022-07-10T02:23:15Z" user="import_jarnold" uid="12601187">
  <nd ref="9878064941"/>
  <nd ref="9878064940"/>
  <nd ref="9878064939"/>
  <nd ref="9878064938"/>
  <nd ref="9878064941"/>
  <tag k="building" v="yes"/>
 </way>
 <way id="1077326275" visible="true" version="1" changeset="123417884" timestamp="2022-07-10T02:23:15Z" user="import_jarnold" uid="12601187">
  <nd ref="9878068523"/>
  <nd ref="9878068522"/>
  <nd ref="9878068521"/>
  <nd ref="9878068520"/>
  <nd ref="9878068519"/>
  <nd ref="9878068518"/>
  <nd ref="9878068517"/>
  <nd ref="9878068516"/>
  <nd ref="9878068515"/>
  <nd ref="9878068514"/>
  <nd ref="9878068513"/>
  <nd ref="9878068512"/>
  <nd ref="9878068511"/>
  <nd ref="9878068510"/>
  <nd ref="9878068509"/>
  <nd ref="9878068508"/>
  <nd ref="9878068507"/>
  <nd ref="9878068506"/>
  <nd ref="9878068505"/>
  <nd ref="9878068504"/>
  <nd ref="9878068503"/>
  <nd ref="9878068523"/>
  <tag k="building" v="yes"/>
 </way>
 <way id="1077326276" visible="true" version="1" changeset="123417884" timestamp="2022-07-10T02:23:15Z" user="import_jarnold" uid="12601187">
  <nd ref="9878068527"/>
  <nd ref="9878068526"/>
  <nd ref="9878068525"/>
  <nd ref="9878068524"/>
  <nd ref="9878068527"/>
  <tag k="building" v="yes"/>
 </way>
 <way id="1077327351" visible="true" version="1" changeset="123417884" timestamp="2022-07-10T02:23:15Z" user="import_jarnold" uid="12601187">
  <nd ref="9878077633"/>
  <nd ref="9878077632"/>
  <nd ref="9878077631"/>
  <nd ref="9878077630"/>
  <nd ref="9878077633"/>
  <tag k="building" v="yes"/>
 </way>
 <way id="1077327352" visible="true" version="1" changeset="123417884" timestamp="2022-07-10T02:23:15Z" user="import_jarnold" uid="12601187">
  <nd ref="9878077647"/>
  <nd ref="9878077646"/>
  <nd ref="9878077645"/>
  <nd ref="9878077644"/>
  <nd ref="9878077643"/>
  <nd ref="9878077642"/>
  <nd ref="9878077641"/>
  <nd ref="9878077640"/>
  <nd ref="9878077639"/>
  <nd ref="9878077638"/>
  <nd ref="9878077637"/>
  <nd ref="9878077636"/>
  <nd ref="9878077635"/>
  <nd ref="9878077634"/>
  <nd ref="9878077647"/>
  <tag k="building" v="yes"/>
 </way>
 <way id="1077327803" visible="true" version="1" changeset="123417885" timestamp="2022-07-10T02:23:26Z" user="import_jarnold" uid="12601187">
  <nd ref="9878081577"/>
  <nd ref="9878081576"/>
  <nd ref="9878081575"/>
  <nd ref="9878081574"/>
  <nd ref="9878081573"/>
  <nd ref="9878081572"/>
  <nd ref="9878081571"/>
  <nd ref="9878081570"/>
  <nd ref="9878081577"/>
  <tag k="building" v="yes"/>
 </way>
 <way id="1077327804" visible="true" version="1" changeset="123417885" timestamp="2022-07-10T02:23:26Z" user="import_jarnold" uid="12601187">
  <nd ref="9878081597"/>
  <nd ref="9878081596"/>
  <nd ref="9878081595"/>
  <nd ref="9878081594"/>
  <nd ref="9878081593"/>
  <nd ref="9878081592"/>
  <nd ref="9878081591"/>
  <nd ref="9878081590"/>
  <nd ref="9878081589"/>
  <nd ref="9878081588"/>
  <nd ref="9878081587"/>
  <nd ref="9878081586"/>
  <nd ref="9878081585"/>
  <nd ref="9878081584"/>
  <nd ref="9878081583"/>
  <nd ref="9878081582"/>
  <nd ref="9878081581"/>
  <nd ref="9878081580"/>
  <nd ref="9878081579"/>
  <nd ref="9878081578"/>
  <nd ref="9878081597"/>
  <tag k="building" v="yes"/>
 </way>
 <way id="1077327906" visible="true" version="1" changeset="123417885" timestamp="2022-07-10T02:23:26Z" user="import_jarnold" uid="12601187">
  <nd ref="9878082400"/>
  <nd ref="9878082399"/>
  <nd ref="9878082398"/>
  <nd ref="9878082397"/>
  <nd ref="9878082396"/>
  <nd ref="9878082395"/>
  <nd ref="9878082394"/>
  <nd ref="9878082393"/>
  <nd ref="9878082400"/>
  <tag k="building" v="yes"/>
 </way>
 <way id="1077330559" visible="true" version="1" changeset="123417885" timestamp="2022-07-10T02:23:26Z" user="import_jarnold" uid="12601187">
  <nd ref="9878105642"/>
  <nd ref="9878105641"/>
  <nd ref="9878105640"/>
  <nd ref="9878105639"/>
  <nd ref="9878105642"/>
  <tag k="building" v="yes"/>
 </way>
 <way id="1077330562" visible="true" version="1" changeset="123417885" timestamp="2022-07-10T02:23:26Z" user="import_jarnold" uid="12601187">
  <nd ref="9878105658"/>
  <nd ref="9878105657"/>
  <nd ref="9878105656"/>
  <nd ref="9878105655"/>
  <nd ref="9878105654"/>
  <nd ref="9878105653"/>
  <nd ref="9878105652"/>
  <nd ref="9878105651"/>
  <nd ref="9878105658"/>
  <tag k="building" v="yes"/>
 </way>
 <way id="1077331721" visible="true" version="1" changeset="123417885" timestamp="2022-07-10T02:23:26Z" user="import_jarnold" uid="12601187">
  <nd ref="9878115902"/>
  <nd ref="9878115901"/>
  <nd ref="9878115900"/>
  <nd ref="9878115899"/>
  <nd ref="9878115902"/>
  <tag k="building" v="yes"/>
 </way>
 <way id="1077331722" visible="true" version="1" changeset="123417885" timestamp="2022-07-10T02:23:26Z" user="import_jarnold" uid="12601187">
  <nd ref="9878115906"/>
  <nd ref="9878115905"/>
  <nd ref="9878115904"/>
  <nd ref="9878115903"/>
  <nd ref="9878115906"/>
  <tag k="building" v="yes"/>
 </way>
 <way id="1077332305" visible="true" version="1" changeset="123417885" timestamp="2022-07-10T02:23:26Z" user="import_jarnold" uid="12601187">
  <nd ref="9878121697"/>
  <nd ref="9878121696"/>
  <nd ref="9878121695"/>
  <nd ref="9878121694"/>
  <nd ref="9878121697"/>
  <tag k="building" v="yes"/>
 </way>
 <way id="1077333019" visible="true" version="1" changeset="123417885" timestamp="2022-07-10T02:23:26Z" user="import_jarnold" uid="12601187">
  <nd ref="9878127943"/>
  <nd ref="9878127942"/>
  <nd ref="9878127941"/>
  <nd ref="9878127940"/>
  <nd ref="9878127939"/>
  <nd ref="9878127938"/>
  <nd ref="9878127937"/>
  <nd ref="9878127936"/>
  <nd ref="9878127943"/>
  <tag k="building" v="yes"/>
 </way>
 <way id="1077333317" visible="true" version="1" changeset="123417885" timestamp="2022-07-10T02:23:26Z" user="import_jarnold" uid="12601187">
  <nd ref="9878130478"/>
  <nd ref="9878130477"/>
  <nd ref="9878130476"/>
  <nd ref="9878130475"/>
  <nd ref="9878130474"/>
  <nd ref="9878130473"/>
  <nd ref="9878130472"/>
  <nd ref="9878130471"/>
  <nd ref="9878130478"/>
  <tag k="building" v="yes"/>
 </way>
 <way id="1077333318" visible="true" version="1" changeset="123417885" timestamp="2022-07-10T02:23:26Z" user="import_jarnold" uid="12601187">
  <nd ref="9878130482"/>
  <nd ref="9878130481"/>
  <nd ref="9878130480"/>
  <nd ref="9878130479"/>
  <nd ref="9878130482"/>
  <tag k="building" v="yes"/>
 </way>
 <way id="1077333362" visible="true" version="1" changeset="123417885" timestamp="2022-07-10T02:23:26Z" user="import_jarnold" uid="12601187">
  <nd ref="9878130860"/>
  <nd ref="9878130859"/>
  <nd ref="9878130858"/>
  <nd ref="9878130857"/>
  <nd ref="9878130860"/>
  <tag k="building" v="yes"/>
 </way>
 <way id="1077333850" visible="true" version="1" changeset="123417885" timestamp="2022-07-10T02:23:26Z" user="import_jarnold" uid="12601187">
  <nd ref="9878135268"/>
  <nd ref="9878135267"/>
  <nd ref="9878135266"/>
  <nd ref="9878135265"/>
  <nd ref="9878135264"/>
  <nd ref="9878135263"/>
  <nd ref="9878135268"/>
  <tag k="building" v="yes"/>
 </way>
 <way id="1077334914" visible="true" version="1" changeset="123417885" timestamp="2022-07-10T02:23:26Z" user="import_jarnold" uid="12601187">
  <nd ref="9878144617"/>
  <nd ref="9878144616"/>
  <nd ref="9878144615"/>
  <nd ref="9878144614"/>
  <nd ref="9878144613"/>
  <nd ref="9878144612"/>
  <nd ref="9878144617"/>
  <tag k="building" v="yes"/>
 </way>
 <way id="1077334915" visible="true" version="1" changeset="123417885" timestamp="2022-07-10T02:23:26Z" user="import_jarnold" uid="12601187">
  <nd ref="9878144625"/>
  <nd ref="9878144624"/>
  <nd ref="9878144623"/>
  <nd ref="9878144622"/>
  <nd ref="9878144621"/>
  <nd ref="9878144620"/>
  <nd ref="9878144619"/>
  <nd ref="9878144618"/>
  <nd ref="9878144625"/>
  <tag k="building" v="yes"/>
 </way>
 <way id="1077334939" visible="true" version="1" changeset="123417885" timestamp="2022-07-10T02:23:26Z" user="import_jarnold" uid="12601187">
  <nd ref="9878144845"/>
  <nd ref="9878144844"/>
  <nd ref="9878144843"/>
  <nd ref="9878144842"/>
  <nd ref="9878144841"/>
  <nd ref="9878144840"/>
  <nd ref="9878144839"/>
  <nd ref="9878144838"/>
  <nd ref="9878144837"/>
  <nd ref="9878144836"/>
  <nd ref="9878144835"/>
  <nd ref="9878144834"/>
  <nd ref="9878144833"/>
  <nd ref="9878144832"/>
  <nd ref="9878144831"/>
  <nd ref="9878144830"/>
  <nd ref="9878144829"/>
  <nd ref="9878144828"/>
  <nd ref="9878144845"/>
  <tag k="building" v="yes"/>
 </way>
 <way id="1077335019" visible="true" version="1" changeset="123417885" timestamp="2022-07-10T02:23:26Z" user="import_jarnold" uid="12601187">
  <nd ref="9878145523"/>
  <nd ref="9878145522"/>
  <nd ref="9878145521"/>
  <nd ref="9878145520"/>
  <nd ref="9878145523"/>
  <tag k="building" v="yes"/>
 </way>
 <way id="1077335620" visible="true" version="1" changeset="123417885" timestamp="2022-07-10T02:23:26Z" user="import_jarnold" uid="12601187">
  <nd ref="9878150714"/>
  <nd ref="9878150713"/>
  <nd ref="9878150712"/>
  <nd ref="9878150711"/>
  <nd ref="9878150714"/>
  <tag k="building" v="yes"/>
 </way>
 <way id="1077335817" visible="true" version="1" changeset="123417885" timestamp="2022-07-10T02:23:26Z" user="import_jarnold" uid="12601187">
  <nd ref="9878152532"/>
  <nd ref="9878152531"/>
  <nd ref="9878152530"/>
  <nd ref="9878152529"/>
  <nd ref="9878152528"/>
  <nd ref="9878152527"/>
  <nd ref="9878152526"/>
  <nd ref="9878152525"/>
  <nd ref="9878152532"/>
  <tag k="building" v="yes"/>
 </way>
 <way id="1077335941" visible="true" version="1" changeset="123417885" timestamp="2022-07-10T02:23:26Z" user="import_jarnold" uid="12601187">
  <nd ref="9878153600"/>
  <nd ref="9878153599"/>
  <nd ref="9878153598"/>
  <nd ref="9878153597"/>
  <nd ref="9878153596"/>
  <nd ref="9878153595"/>
  <nd ref="9878153594"/>
  <nd ref="9878153593"/>
  <nd ref="9878153592"/>
  <nd ref="9878153591"/>
  <nd ref="9878153590"/>
  <nd ref="9878153589"/>
  <nd ref="9878153588"/>
  <nd ref="9878153587"/>
  <nd ref="9878153600"/>
  <tag k="building" v="yes"/>
 </way>
 <way id="1077336528" visible="true" version="1" changeset="123417885" timestamp="2022-07-10T02:23:26Z" user="import_jarnold" uid="12601187">
  <nd ref="9878158694"/>
  <nd ref="9878158693"/>
  <nd ref="9878158692"/>
  <nd ref="9878158691"/>
  <nd ref="9878158694"/>
  <tag k="building" v="yes"/>
 </way>
 <way id="1077336529" visible="true" version="1" changeset="123417885" timestamp="2022-07-10T02:23:26Z" user="import_jarnold" uid="12601187">
  <nd ref="9878158706"/>
  <nd ref="9878158705"/>
  <nd ref="9878158704"/>
  <nd ref="9878158703"/>
  <nd ref="9878158702"/>
  <nd ref="9878158701"/>
  <nd ref="9878158700"/>
  <nd ref="9878158699"/>
  <nd ref="9878158698"/>
  <nd ref="9878158697"/>
  <nd ref="9878158696"/>
  <nd ref="9878158695"/>
  <nd ref="9878158706"/>
  <tag k="building" v="yes"/>
 </way>
 <way id="1077336630" visible="true" version="1" changeset="123417885" timestamp="2022-07-10T02:23:26Z" user="import_jarnold" uid="12601187">
  <nd ref="9878159539"/>
  <nd ref="9878159538"/>
  <nd ref="9878159537"/>
  <nd ref="9878159536"/>
  <nd ref="9878159535"/>
  <nd ref="9878159534"/>
  <nd ref="9878159533"/>
  <nd ref="9878159532"/>
  <nd ref="9878159531"/>
  <nd ref="9878159530"/>
  <nd ref="9878159529"/>
  <nd ref="9878159528"/>
  <nd ref="9878159527"/>
  <nd ref="9878159526"/>
  <nd ref="9878159525"/>
  <nd ref="9878159524"/>
  <nd ref="9878159539"/>
  <tag k="building" v="yes"/>
 </way>
 <way id="1077337005" visible="true" version="1" changeset="123417885" timestamp="2022-07-10T02:23:26Z" user="import_jarnold" uid="12601187">
  <nd ref="9878163031"/>
  <nd ref="9878163030"/>
  <nd ref="9878163029"/>
  <nd ref="9878163028"/>
  <nd ref="9878163027"/>
  <nd ref="9878163026"/>
  <nd ref="9878163025"/>
  <nd ref="9878163024"/>
  <nd ref="9878163031"/>
  <tag k="building" v="yes"/>
 </way>
 <way id="1077337721" visible="true" version="1" changeset="123417885" timestamp="2022-07-10T02:23:26Z" user="import_jarnold" uid="12601187">
  <nd ref="9878169034"/>
  <nd ref="9878169033"/>
  <nd ref="9878169032"/>
  <nd ref="9878169031"/>
  <nd ref="9878169030"/>
  <nd ref="9878169029"/>
  <nd ref="9878169028"/>
  <nd ref="9878169027"/>
  <nd ref="9878169034"/>
  <tag k="building" v="yes"/>
 </way>
 <way id="1414821592" visible="true" version="1" changeset="168948073" timestamp="2025-07-15T07:03:05Z" user="bhartinegi_lyft" uid="23086961">
  <nd ref="13001035144"/>
  <nd ref="13001080009"/>
  <tag k="alt_name" v="James St"/>
  <tag k="highway" v="primary"/>
  <tag k="lanes" v="2"/>
  <tag k="maxspeed" v="30 mph"/>
  <tag k="name" v="James Street"/>
  <tag k="oneway" v="no"/>
  <tag k="ref" v="NY 290"/>
  <tag k="surface" v="paved"/>
  <tag k="tiger:cfcc" v="A41"/>
  <tag k="tiger:county" v="Onondaga, NY"/>
  <tag k="tiger:name_base" v="James"/>
  <tag k="tiger:name_type" v="St"/>
  <tag k="tiger:zip_left" v="13057"/>
  <tag k="tiger:zip_right" v="13057"/>
 </way>
 <way id="1414821593" visible="true" version="1" changeset="168948073" timestamp="2025-07-15T07:03:05Z" user="bhartinegi_lyft" uid="23086961">
  <nd ref="212947782"/>
  <nd ref="212947785"/>
  <nd ref="2358815535"/>
  <nd ref="3295393797"/>
  <nd ref="13001035144"/>
  <tag k="alt_name" v="James St"/>
  <tag k="highway" v="primary"/>
  <tag k="lanes" v="3"/>
  <tag k="lanes:backward" v="2"/>
  <tag k="lanes:forward" v="1"/>
  <tag k="maxspeed" v="30 mph"/>
  <tag k="name" v="James Street"/>
  <tag k="oneway" v="no"/>
  <tag k="ref" v="NY 290"/>
  <tag k="surface" v="paved"/>
  <tag k="tiger:cfcc" v="A41"/>
  <tag k="tiger:county" v="Onondaga, NY"/>
  <tag k="tiger:name_base" v="James"/>
  <tag k="tiger:name_type" v="St"/>
  <tag k="tiger:zip_left" v="13057"/>
  <tag k="tiger:zip_right" v="13057"/>
  <tag k="turn:lanes:backward" v="left|none"/>
 </way>
 <way id="1414844863" visible="true" version="2" changeset="181438219" timestamp="2026-04-17T03:37:40Z" user="nopeinomicon" uid="21426053">
  <nd ref="212947780"/>
  <nd ref="13736608112"/>
  <nd ref="2358815529"/>
  <nd ref="212947782"/>
  <tag k="alt_name" v="James St"/>
  <tag k="highway" v="primary"/>
  <tag k="lanes" v="2"/>
  <tag k="maxspeed" v="30 mph"/>
  <tag k="name" v="James Street"/>
  <tag k="oneway" v="no"/>
  <tag k="ref" v="NY 290"/>
  <tag k="surface" v="paved"/>
  <tag k="tiger:cfcc" v="A41"/>
  <tag k="tiger:county" v="Onondaga, NY"/>
  <tag k="tiger:name_base" v="James"/>
  <tag k="tiger:name_type" v="St"/>
  <tag k="tiger:zip_left" v="13057"/>
  <tag k="tiger:zip_right" v="13057"/>
 </way>
 <way id="1414844864" visible="true" version="3" changeset="178443565" timestamp="2026-02-12T09:06:46Z" user="tkotnala_lyft" uid="21672285">
  <nd ref="13001248319"/>
  <nd ref="13545493508"/>
  <nd ref="212947780"/>
  <tag k="alt_name" v="James St"/>
  <tag k="highway" v="primary"/>
  <tag k="lanes" v="3"/>
  <tag k="lanes:backward" v="1"/>
  <tag k="lanes:forward" v="2"/>
  <tag k="maxspeed" v="30 mph"/>
  <tag k="name" v="James Street"/>
  <tag k="oneway" v="no"/>
  <tag k="ref" v="NY 290"/>
  <tag k="sidewalk:both" v="separate"/>
  <tag k="surface" v="paved"/>
  <tag k="tiger:cfcc" v="A41"/>
  <tag k="tiger:county" v="Onondaga, NY"/>
  <tag k="tiger:name_base" v="James"/>
  <tag k="tiger:name_type" v="St"/>
  <tag k="tiger:zip_left" v="13057"/>
  <tag k="tiger:zip_right" v="13057"/>
  <tag k="turn:lanes:forward" v="left|none"/>
 </way>
 <way id="1436336054" visible="true" version="4" changeset="184592198" timestamp="2026-06-25T15:55:06Z" user="nopeinomicon" uid="21426053">
  <nd ref="13202013316"/>
  <nd ref="13201970408"/>
  <nd ref="13736729053"/>
  <nd ref="13201970407"/>
  <nd ref="13201970404"/>
  <nd ref="13201970406"/>
  <nd ref="13965408929"/>
  <nd ref="13201970405"/>
  <tag k="footway" v="sidewalk"/>
  <tag k="highway" v="footway"/>
 </way>
 <way id="1436354379" visible="true" version="2" changeset="184601248" timestamp="2026-06-25T18:43:27Z" user="nopeinomicon" uid="21426053">
  <nd ref="13965851909"/>
  <nd ref="13202100873"/>
  <nd ref="13202100872"/>
  <tag k="crossing" v="traffic_signals"/>
  <tag k="crossing:markings" v="lines"/>
  <tag k="crossing:signals" v="yes"/>
  <tag k="footway" v="crossing"/>
  <tag k="highway" v="footway"/>
 </way>
 <way id="1436354380" visible="true" version="3" changeset="184601248" timestamp="2026-06-25T18:43:27Z" user="nopeinomicon" uid="21426053">
  <nd ref="13202100872"/>
  <nd ref="13965851912"/>
  <nd ref="13202100874"/>
  <nd ref="13965483213"/>
  <nd ref="13202100875"/>
  <tag k="footway" v="sidewalk"/>
  <tag k="highway" v="footway"/>
 </way>
 <way id="1436354382" visible="true" version="3" changeset="182184981" timestamp="2026-05-04T03:11:51Z" user="nopeinomicon" uid="21426053">
  <nd ref="13202100876"/>
  <nd ref="13792860000"/>
  <nd ref="13202100877"/>
  <nd ref="13202100879"/>
  <nd ref="13784100705"/>
  <nd ref="13202100878"/>
  <tag k="footway" v="sidewalk"/>
  <tag k="highway" v="footway"/>
 </way>
 <way id="1436354383" visible="true" version="1" changeset="172987993" timestamp="2025-10-08T06:43:57Z" user="PedestrianMapping_GeoMasker" uid="23065607">
  <nd ref="13202100878"/>
  <nd ref="13202100882"/>
  <nd ref="13202100880"/>
  <tag k="crossing" v="uncontrolled"/>
  <tag k="crossing:markings" v="lines"/>
  <tag k="crossing:signals" v="no"/>
  <tag k="footway" v="crossing"/>
  <tag k="highway" v="footway"/>
 </way>
 <way id="1436354384" visible="true" version="5" changeset="181438591" timestamp="2026-04-17T03:57:37Z" user="nopeinomicon" uid="21426053">
  <nd ref="13736587291"/>
  <nd ref="13736608113"/>
  <nd ref="13736608115"/>
  <nd ref="13736491256"/>
  <nd ref="13736491257"/>
  <tag k="footway" v="sidewalk"/>
  <tag k="highway" v="footway"/>
 </way>
 <way id="1476769451" visible="true" version="2" changeset="182057191" timestamp="2026-05-01T04:31:12Z" user="nopeinomicon" uid="21426053">
  <nd ref="13545493501"/>
  <nd ref="13784100829"/>
  <nd ref="13545493502"/>
  <nd ref="13545493503"/>
  <nd ref="13784100828"/>
  <nd ref="13545493504"/>
  <tag k="highway" v="service"/>
 </way>
 <way id="1476769452" visible="true" version="1" changeset="178443565" timestamp="2026-02-12T09:06:46Z" user="tkotnala_lyft" uid="21672285">
  <nd ref="13545493503"/>
  <nd ref="13545493505"/>
  <nd ref="13545493515"/>
  <nd ref="13545493517"/>
  <nd ref="13545493519"/>
  <nd ref="13545493506"/>
  <nd ref="13545493521"/>
  <nd ref="13545493520"/>
  <nd ref="13545493512"/>
  <nd ref="13545493507"/>
  <nd ref="13545493508"/>
  <tag k="highway" v="service"/>
 </way>
 <way id="1476769453" visible="true" version="1" changeset="178443565" timestamp="2026-02-12T09:06:46Z" user="tkotnala_lyft" uid="21672285">
  <nd ref="13545493509"/>
  <nd ref="13545493510"/>
  <nd ref="13545493511"/>
  <nd ref="13545493516"/>
  <nd ref="13545493518"/>
  <nd ref="13545493512"/>
  <tag k="highway" v="service"/>
 </way>
 <way id="1476769454" visible="true" version="1" changeset="178443565" timestamp="2026-02-12T09:06:46Z" user="tkotnala_lyft" uid="21672285">
  <nd ref="13545493511"/>
  <nd ref="13545493513"/>
  <nd ref="13545493514"/>
  <nd ref="13545493502"/>
  <tag k="highway" v="service"/>
 </way>
 <way id="1476769455" visible="true" version="1" changeset="178443565" timestamp="2026-02-12T09:06:46Z" user="tkotnala_lyft" uid="21672285">
  <nd ref="13545493527"/>
  <nd ref="13545493526"/>
  <tag k="covered" v="yes"/>
  <tag k="highway" v="service"/>
 </way>
 <way id="1476769456" visible="true" version="1" changeset="178443565" timestamp="2026-02-12T09:06:46Z" user="tkotnala_lyft" uid="21672285">
  <nd ref="13545493524"/>
  <nd ref="13545493525"/>
  <tag k="covered" v="yes"/>
  <tag k="highway" v="service"/>
 </way>
 <way id="1476769457" visible="true" version="1" changeset="178443565" timestamp="2026-02-12T09:06:46Z" user="tkotnala_lyft" uid="21672285">
  <nd ref="13545493523"/>
  <nd ref="13545493522"/>
  <tag k="covered" v="yes"/>
  <tag k="highway" v="service"/>
 </way>
 <way id="1476769458" visible="true" version="1" changeset="178443565" timestamp="2026-02-12T09:06:46Z" user="tkotnala_lyft" uid="21672285">
  <nd ref="13545493522"/>
  <nd ref="13545493519"/>
  <tag k="highway" v="service"/>
 </way>
 <way id="1476769459" visible="true" version="1" changeset="178443565" timestamp="2026-02-12T09:06:46Z" user="tkotnala_lyft" uid="21672285">
  <nd ref="13545493518"/>
  <nd ref="13545493523"/>
  <tag k="highway" v="service"/>
 </way>
 <way id="1476769460" visible="true" version="1" changeset="178443565" timestamp="2026-02-12T09:06:46Z" user="tkotnala_lyft" uid="21672285">
  <nd ref="13545493516"/>
  <nd ref="13545493524"/>
  <tag k="highway" v="service"/>
 </way>
 <way id="1476769461" visible="true" version="1" changeset="178443565" timestamp="2026-02-12T09:06:46Z" user="tkotnala_lyft" uid="21672285">
  <nd ref="13545493525"/>
  <nd ref="13545493517"/>
  <tag k="highway" v="service"/>
 </way>
 <way id="1476769462" visible="true" version="1" changeset="178443565" timestamp="2026-02-12T09:06:46Z" user="tkotnala_lyft" uid="21672285">
  <nd ref="13545493526"/>
  <nd ref="13545493515"/>
  <tag k="highway" v="service"/>
 </way>
 <way id="1476769463" visible="true" version="1" changeset="178443565" timestamp="2026-02-12T09:06:46Z" user="tkotnala_lyft" uid="21672285">
  <nd ref="13545493511"/>
  <nd ref="13545493527"/>
  <tag k="highway" v="service"/>
 </way>
 <way id="1500133052" visible="true" version="2" changeset="181438591" timestamp="2026-04-17T03:57:37Z" user="nopeinomicon" uid="21426053">
  <nd ref="13202100875"/>
  <nd ref="13736608111"/>
  <nd ref="13736563189"/>
  <tag k="crossing" v="traffic_signals"/>
  <tag k="crossing:markings" v="lines"/>
  <tag k="footway" v="crossing"/>
  <tag k="highway" v="footway"/>
 </way>
 <way id="1500133053" visible="true" version="2" changeset="181438591" timestamp="2026-04-17T03:57:37Z" user="nopeinomicon" uid="21426053">
  <nd ref="13736563189"/>
  <nd ref="13736563190"/>
  <nd ref="13736563191"/>
  <tag k="footway" v="sidewalk"/>
  <tag k="highway" v="footway"/>
 </way>
 <way id="1500133054" visible="true" version="2" changeset="181438591" timestamp="2026-04-17T03:57:37Z" user="nopeinomicon" uid="21426053">
  <nd ref="13736587284"/>
  <nd ref="13736563192"/>
  <nd ref="13736563193"/>
  <tag k="footway" v="sidewalk"/>
  <tag k="highway" v="footway"/>
 </way>
 <way id="1500133066" visible="true" version="2" changeset="181438591" timestamp="2026-04-17T03:57:37Z" user="nopeinomicon" uid="21426053">
  <nd ref="13736563189"/>
  <nd ref="13736608112"/>
  <nd ref="13202100881"/>
  <tag k="crossing" v="traffic_signals"/>
  <tag k="crossing:markings" v="lines"/>
  <tag k="footway" v="crossing"/>
  <tag k="highway" v="footway"/>
 </way>
 <way id="1500135692" visible="true" version="1" changeset="181438591" timestamp="2026-04-17T03:57:37Z" user="nopeinomicon" uid="21426053">
  <nd ref="13736563191"/>
  <nd ref="13736608110"/>
  <nd ref="13736587284"/>
  <tag k="crossing" v="unmarked"/>
  <tag k="crossing:markings" v="no"/>
  <tag k="footway" v="crossing"/>
  <tag k="highway" v="footway"/>
 </way>
 <way id="1500135693" visible="true" version="2" changeset="182057191" timestamp="2026-05-01T04:31:12Z" user="nopeinomicon" uid="21426053">
  <nd ref="13202100880"/>
  <nd ref="13784036900"/>
  <nd ref="13545493510"/>
  <nd ref="13545493507"/>
  <nd ref="13202100881"/>
  <nd ref="13736587289"/>
  <tag k="footway" v="sidewalk"/>
  <tag k="highway" v="footway"/>
 </way>
 <way id="1500135694" visible="true" version="1" changeset="181438591" timestamp="2026-04-17T03:57:37Z" user="nopeinomicon" uid="21426053">
  <nd ref="13736587289"/>
  <nd ref="13736587288"/>
  <nd ref="13736587290"/>
  <tag k="crossing" v="unmarked"/>
  <tag k="crossing:markings" v="no"/>
  <tag k="footway" v="crossing"/>
  <tag k="highway" v="footway"/>
 </way>
 <way id="1500135695" visible="true" version="2" changeset="181522643" timestamp="2026-04-19T04:50:11Z" user="nopeinomicon" uid="21426053">
  <nd ref="13736587290"/>
  <nd ref="13741753619"/>
  <nd ref="13736491254"/>
  <tag k="footway" v="sidewalk"/>
  <tag k="highway" v="footway"/>
 </way>
 <way id="1500135696" visible="true" version="1" changeset="181438591" timestamp="2026-04-17T03:57:37Z" user="nopeinomicon" uid="21426053">
  <nd ref="13736491254"/>
  <nd ref="13736587287"/>
  <nd ref="13736587286"/>
  <nd ref="13736491255"/>
  <tag k="crossing" v="uncontrolled"/>
  <tag k="crossing:markings" v="lines"/>
  <tag k="footway" v="crossing"/>
  <tag k="highway" v="footway"/>
 </way>
 <way id="1500135697" visible="true" version="2" changeset="181522643" timestamp="2026-04-19T04:50:11Z" user="nopeinomicon" uid="21426053">
  <nd ref="13736491255"/>
  <nd ref="13741753621"/>
  <nd ref="13736587292"/>
  <tag k="footway" v="sidewalk"/>
  <tag k="highway" v="footway"/>
 </way>
 <way id="1500135698" visible="true" version="1" changeset="181438591" timestamp="2026-04-17T03:57:37Z" user="nopeinomicon" uid="21426053">
  <nd ref="13736587292"/>
  <nd ref="13736587285"/>
  <nd ref="13736587291"/>
  <tag k="crossing" v="unmarked"/>
  <tag k="crossing:markings" v="no"/>
  <tag k="footway" v="crossing"/>
  <tag k="highway" v="footway"/>
 </way>
 <way id="1500958376" visible="true" version="1" changeset="181522425" timestamp="2026-04-19T04:31:09Z" user="nopeinomicon" uid="21426053">
  <nd ref="13741738028"/>
  <nd ref="13741738029"/>
  <nd ref="13741738030"/>
  <nd ref="13741738031"/>
  <nd ref="13741738032"/>
  <nd ref="13741738033"/>
  <nd ref="13741738034"/>
  <nd ref="13741738035"/>
  <nd ref="13741738036"/>
  <nd ref="13741738037"/>
  <nd ref="13741738028"/>
  <tag k="landuse" v="grass"/>
  <tag k="surface" v="grass"/>
 </way>
 <way id="1500958377" visible="true" version="1" changeset="181522425" timestamp="2026-04-19T04:31:09Z" user="nopeinomicon" uid="21426053">
  <nd ref="13741738038"/>
  <nd ref="13741738039"/>
  <nd ref="13741738040"/>
  <nd ref="13741738041"/>
  <nd ref="13741738042"/>
  <nd ref="13741738043"/>
  <nd ref="13741738044"/>
  <nd ref="13741738045"/>
  <nd ref="13741738046"/>
  <nd ref="13741738047"/>
  <nd ref="13741738038"/>
  <tag k="landuse" v="grass"/>
  <tag k="surface" v="grass"/>
 </way>
 <way id="1500959249" visible="true" version="1" changeset="181522643" timestamp="2026-04-19T04:50:11Z" user="nopeinomicon" uid="21426053">
  <nd ref="13741753619"/>
  <nd ref="13741753620"/>
  <tag k="footway" v="sidewalk"/>
  <tag k="highway" v="footway"/>
 </way>
 <way id="1500959250" visible="true" version="1" changeset="181522643" timestamp="2026-04-19T04:50:11Z" user="nopeinomicon" uid="21426053">
  <nd ref="13741753621"/>
  <nd ref="13741753622"/>
  <tag k="footway" v="sidewalk"/>
  <tag k="highway" v="footway"/>
 </way>
 <way id="1500959251" visible="true" version="1" changeset="181522643" timestamp="2026-04-19T04:50:11Z" user="nopeinomicon" uid="21426053">
  <nd ref="13741753620"/>
  <nd ref="13741753634"/>
  <nd ref="13741753623"/>
  <tag k="footway" v="sidewalk"/>
  <tag k="highway" v="footway"/>
 </way>
 <way id="1500959261" visible="true" version="1" changeset="181522643" timestamp="2026-04-19T04:50:11Z" user="nopeinomicon" uid="21426053">
  <nd ref="13741753622"/>
  <nd ref="13741753650"/>
  <nd ref="13741753635"/>
  <tag k="footway" v="sidewalk"/>
  <tag k="highway" v="footway"/>
 </way>
 <way id="1507387548" visible="true" version="1" changeset="182057191" timestamp="2026-05-01T04:31:12Z" user="nopeinomicon" uid="21426053">
  <nd ref="13784036900"/>
  <nd ref="13784100829"/>
  <nd ref="13784100828"/>
  <nd ref="13784100711"/>
  <nd ref="13784100701"/>
  <tag k="footway" v="sidewalk"/>
  <tag k="highway" v="footway"/>
 </way>
 <way id="1507387551" visible="true" version="1" changeset="182057191" timestamp="2026-05-01T04:31:12Z" user="nopeinomicon" uid="21426053">
  <nd ref="13784100705"/>
  <nd ref="13784100827"/>
  <nd ref="13784100826"/>
  <nd ref="13784100706"/>
  <nd ref="13784100707"/>
  <nd ref="13784100708"/>
  <tag k="footway" v="sidewalk"/>
  <tag k="highway" v="footway"/>
 </way>
 <way id="1508694776" visible="true" version="1" changeset="182184981" timestamp="2026-05-04T03:11:51Z" user="nopeinomicon" uid="21426053">
  <nd ref="13792860000"/>
  <nd ref="13792880906"/>
  <nd ref="13792880940"/>
  <nd ref="13792880901"/>
  <tag k="footway" v="sidewalk"/>
  <tag k="highway" v="footway"/>
 </way>
 <way id="1532343933" visible="true" version="1" changeset="184592843" timestamp="2026-06-25T16:05:35Z" user="nopeinomicon" uid="21426053">
  <nd ref="13965483213"/>
  <nd ref="13965483216"/>
  <nd ref="13965483214"/>
  <tag k="footway" v="sidewalk"/>
  <tag k="highway" v="footway"/>
 </way>
 <way id="1532343934" visible="true" version="1" changeset="184592843" timestamp="2026-06-25T16:05:35Z" user="nopeinomicon" uid="21426053">
  <nd ref="13965483214"/>
  <nd ref="13965483215"/>
  <tag k="footway" v="sidewalk"/>
  <tag k="highway" v="footway"/>
 </way>
 <way id="1532343935" visible="true" version="2" changeset="184858566" timestamp="2026-06-30T14:43:33Z" user="nopeinomicon" uid="21426053">
  <nd ref="13736563189"/>
  <nd ref="13965483222"/>
  <nd ref="13965483223"/>
  <nd ref="13965483217"/>
  <nd ref="13965483218"/>
  <nd ref="13978061823"/>
  <nd ref="13965483219"/>
  <tag k="footway" v="sidewalk"/>
  <tag k="highway" v="footway"/>
 </way>
 <way id="1532343936" visible="true" version="1" changeset="184592843" timestamp="2026-06-25T16:05:35Z" user="nopeinomicon" uid="21426053">
  <nd ref="13965483214"/>
  <nd ref="13965483220"/>
  <tag k="footway" v="sidewalk"/>
  <tag k="highway" v="footway"/>
 </way>
 <way id="1532343937" visible="true" version="1" changeset="184592843" timestamp="2026-06-25T16:05:35Z" user="nopeinomicon" uid="21426053">
  <nd ref="13965483217"/>
  <nd ref="13965483221"/>
  <tag k="footway" v="sidewalk"/>
  <tag k="highway" v="footway"/>
 </way>
 <way id="1532343938" visible="true" version="1" changeset="184592843" timestamp="2026-06-25T16:05:35Z" user="nopeinomicon" uid="21426053">
  <nd ref="13965483220"/>
  <nd ref="13965483224"/>
  <nd ref="13965483221"/>
  <tag k="crossing" v="unmarked"/>
  <tag k="crossing:markings" v="no"/>
  <tag k="footway" v="crossing"/>
  <tag k="highway" v="footway"/>
 </way>
 <way id="1532384599" visible="true" version="1" changeset="184601248" timestamp="2026-06-25T18:43:27Z" user="nopeinomicon" uid="21426053">
  <nd ref="13202013316"/>
  <nd ref="13965851910"/>
  <nd ref="13965851911"/>
  <nd ref="13965851908"/>
  <tag k="footway" v="sidewalk"/>
  <tag k="highway" v="footway"/>
 </way>
 <way id="1532384600" visible="true" version="1" changeset="184601248" timestamp="2026-06-25T18:43:27Z" user="nopeinomicon" uid="21426053">
  <nd ref="13965851909"/>
  <nd ref="13202013316"/>
  <tag k="footway" v="sidewalk"/>
  <tag k="highway" v="footway"/>
 </way>
 <way id="1532384601" visible="true" version="1" changeset="184601248" timestamp="2026-06-25T18:43:27Z" user="nopeinomicon" uid="21426053">
  <nd ref="13965851912"/>
  <nd ref="13965856503"/>
  <nd ref="13965851913"/>
  <tag k="footway" v="sidewalk"/>
  <tag k="highway" v="footway"/>
 </way>
 <way id="1532384602" visible="true" version="1" changeset="184601248" timestamp="2026-06-25T18:43:27Z" user="nopeinomicon" uid="21426053">
  <nd ref="13965851908"/>
  <nd ref="13965851915"/>
  <nd ref="13965851914"/>
  <tag k="crossing" v="unmarked"/>
  <tag k="crossing:markings" v="no"/>
  <tag k="footway" v="crossing"/>
  <tag k="highway" v="footway"/>
 </way>
 <way id="1532384603" visible="true" version="1" changeset="184601248" timestamp="2026-06-25T18:43:27Z" user="nopeinomicon" uid="21426053">
  <nd ref="13965851913"/>
  <nd ref="13965851917"/>
  <nd ref="13965851916"/>
  <tag k="crossing" v="unmarked"/>
  <tag k="crossing:markings" v="no"/>
  <tag k="footway" v="crossing"/>
  <tag k="highway" v="footway"/>
 </way>
 <way id="1532384604" visible="true" version="1" changeset="184601248" timestamp="2026-06-25T18:43:27Z" user="nopeinomicon" uid="21426053">
  <nd ref="13965851914"/>
  <nd ref="13965851919"/>
  <nd ref="13965851927"/>
  <nd ref="13965851926"/>
  <nd ref="13965851920"/>
  <nd ref="13965851918"/>
  <tag k="footway" v="sidewalk"/>
  <tag k="highway" v="footway"/>
 </way>
 <way id="1532384605" visible="true" version="1" changeset="184601248" timestamp="2026-06-25T18:43:27Z" user="nopeinomicon" uid="21426053">
  <nd ref="13965851916"/>
  <nd ref="13965851922"/>
  <nd ref="13965851923"/>
  <nd ref="13965851921"/>
  <tag k="footway" v="sidewalk"/>
  <tag k="highway" v="footway"/>
 </way>
 <way id="1532384609" visible="true" version="1" changeset="184601248" timestamp="2026-06-25T18:43:27Z" user="nopeinomicon" uid="21426053">
  <nd ref="13965851921"/>
  <nd ref="13965851938"/>
  <nd ref="13965851939"/>
  <tag k="footway" v="sidewalk"/>
  <tag k="highway" v="footway"/>
 </way>
 <way id="1532384610" visible="true" version="1" changeset="184601248" timestamp="2026-06-25T18:43:27Z" user="nopeinomicon" uid="21426053">
  <nd ref="13965851946"/>
  <nd ref="13965851947"/>
  <nd ref="13965851940"/>
  <nd ref="13965851948"/>
  <tag k="footway" v="sidewalk"/>
  <tag k="highway" v="footway"/>
 </way>
 <way id="1532384614" visible="true" version="1" changeset="184601248" timestamp="2026-06-25T18:43:27Z" user="nopeinomicon" uid="21426053">
  <nd ref="13965483219"/>
  <nd ref="13965851953"/>
  <nd ref="13965851952"/>
  <tag k="crossing" v="unmarked"/>
  <tag k="crossing:markings" v="no"/>
  <tag k="footway" v="crossing"/>
  <tag k="highway" v="footway"/>
 </way>
 <way id="1532384615" visible="true" version="1" changeset="184601248" timestamp="2026-06-25T18:43:27Z" user="nopeinomicon" uid="21426053">
  <nd ref="13965851952"/>
  <nd ref="13965851947"/>
  <tag k="footway" v="sidewalk"/>
  <tag k="highway" v="footway"/>
 </way>
 <way id="1532384616" visible="true" version="1" changeset="184601248" timestamp="2026-06-25T18:43:27Z" user="nopeinomicon" uid="21426053">
  <nd ref="13965851952"/>
  <nd ref="13965851956"/>
  <nd ref="13965851954"/>
  <tag k="crossing" v="unmarked"/>
  <tag k="crossing:markings" v="no"/>
  <tag k="footway" v="crossing"/>
  <tag k="highway" v="footway"/>
 </way>
 <way id="1532384617" visible="true" version="1" changeset="184601248" timestamp="2026-06-25T18:43:27Z" user="nopeinomicon" uid="21426053">
  <nd ref="13965851954"/>
  <nd ref="13965851955"/>
  <tag k="footway" v="sidewalk"/>
  <tag k="highway" v="footway"/>
 </way>
 <way id="1532384618" visible="true" version="1" changeset="184601248" timestamp="2026-06-25T18:43:27Z" user="nopeinomicon" uid="21426053">
  <nd ref="13965851955"/>
  <nd ref="13965851957"/>
  <tag k="footway" v="sidewalk"/>
  <tag k="highway" v="footway"/>
 </way>
 <way id="1533951664" visible="true" version="1" changeset="184858566" timestamp="2026-06-30T14:43:33Z" user="nopeinomicon" uid="21426053">
  <nd ref="13978061823"/>
  <nd ref="13978061824"/>
  <nd ref="13978061825"/>
  <nd ref="13978061826"/>
  <nd ref="13978061827"/>
  <nd ref="13978061828"/>
  <nd ref="13978061829"/>
  <nd ref="13978061830"/>
  <tag k="footway" v="sidewalk"/>
  <tag k="highway" v="footway"/>
 </way>
 <way id="1533951666" visible="true" version="1" changeset="184858566" timestamp="2026-06-30T14:43:33Z" user="nopeinomicon" uid="21426053">
  <nd ref="13965851955"/>
  <nd ref="13978061832"/>
  <tag k="footway" v="sidewalk"/>
  <tag k="highway" v="footway"/>
 </way>
 <way id="1535026468" visible="true" version="1" changeset="185056473" timestamp="2026-07-03T18:44:38Z" user="nopeinomicon" uid="21426053">
  <nd ref="13986604705"/>
  <nd ref="9878082396"/>
  <nd ref="9878082395"/>
  <nd ref="13986604706"/>
  <nd ref="13986604707"/>
  <nd ref="2358815575"/>
  <nd ref="13986604708"/>
  <nd ref="13986604705"/>
  <tag k="amenity" v="parking"/>
 </way>
 <relation id="1876989" visible="true" version="48" changeset="188641748" timestamp="2026-09-06T22:11:29Z" user="nopeinomicon" uid="21426053">
  <member type="way" ref="139456721" role=""/>
  <member type="way" ref="345634920" role=""/>
  <member type="way" ref="345634919" role=""/>
  <member type="way" ref="20142684" role=""/>
  <member type="way" ref="83904934" role=""/>
  <member type="way" ref="83904933" role=""/>
  <member type="way" ref="421289391" role=""/>
  <member type="way" ref="421289385" role=""/>
  <member type="way" ref="164822311" role=""/>
  <member type="way" ref="164822309" role=""/>
  <member type="way" ref="220583823" role=""/>
  <member type="way" ref="421289383" role=""/>
  <member type="way" ref="421289388" role=""/>
  <member type="way" ref="675049540" role=""/>
  <member type="way" ref="194096100" role=""/>
  <member type="way" ref="421289387" role=""/>
  <member type="way" ref="421289392" role=""/>
  <member type="way" ref="421289389" role=""/>
  <member type="way" ref="421289386" role=""/>
  <member type="way" ref="421289384" role=""/>
  <member type="way" ref="421289390" role=""/>
  <member type="way" ref="216265392" role=""/>
  <member type="way" ref="1432250358" role=""/>
  <member type="way" ref="1432250357" role=""/>
  <member type="way" ref="1432208539" role=""/>
  <member type="way" ref="1432208538" role=""/>
  <member type="way" ref="1431656918" role=""/>
  <member type="way" ref="1431656917" role=""/>
  <member type="way" ref="216265393" role=""/>
  <member type="way" ref="675049508" role=""/>
  <member type="way" ref="1430804277" role=""/>
  <member type="way" ref="1430211118" role=""/>
  <member type="way" ref="1430211119" role=""/>
  <member type="way" ref="1430282562" role=""/>
  <member type="way" ref="1430282563" role=""/>
  <member type="way" ref="194096099" role=""/>
  <member type="way" ref="1426825677" role=""/>
  <member type="way" ref="1426825676" role=""/>
  <member type="way" ref="1426657542" role=""/>
  <member type="way" ref="248460351" role=""/>
  <member type="way" ref="1424935757" role=""/>
  <member type="way" ref="108822883" role=""/>
  <member type="way" ref="20137951" role="forward"/>
  <member type="way" ref="295266072" role="forward"/>
  <member type="way" ref="295266071" role="forward"/>
  <member type="way" ref="248460354" role="forward"/>
  <member type="way" ref="139456761" role="forward"/>
  <member type="way" ref="20122221" role="forward"/>
  <member type="way" ref="295266069" role="forward"/>
  <member type="way" ref="295266073" role="forward"/>
  <member type="way" ref="295266070" role="forward"/>
  <member type="way" ref="295266068" role="forward"/>
  <member type="way" ref="20137954" role="forward"/>
  <member type="way" ref="306247977" role="forward"/>
  <member type="way" ref="139456688" role="forward"/>
  <member type="way" ref="306247978" role=""/>
  <member type="way" ref="306247980" role=""/>
  <member type="way" ref="139456687" role=""/>
  <member type="way" ref="306247981" role=""/>
  <member type="way" ref="54184948" role=""/>
  <member type="way" ref="54184952" role=""/>
  <member type="way" ref="20130001" role="forward"/>
  <member type="way" ref="139456713" role="forward"/>
  <member type="way" ref="1302099463" role="forward"/>
  <member type="way" ref="20118926" role="forward"/>
  <member type="way" ref="675049522" role="forward"/>
  <member type="way" ref="139456712" role=""/>
  <member type="way" ref="1302099467" role=""/>
  <member type="way" ref="675049546" role=""/>
  <member type="way" ref="20123451" role=""/>
  <member type="way" ref="183486345" role="forward"/>
  <member type="way" ref="421283226" role="forward"/>
  <member type="way" ref="183486346" role="forward"/>
  <member type="way" ref="183486342" role=""/>
  <member type="way" ref="139456727" role=""/>
  <member type="way" ref="1372533056" role=""/>
  <member type="way" ref="183486340" role=""/>
  <member type="way" ref="183486343" role=""/>
  <member type="way" ref="139456729" role=""/>
  <member type="way" ref="675049662" role=""/>
  <member type="way" ref="49664427" role=""/>
  <member type="way" ref="183486344" role=""/>
  <member type="way" ref="183486341" role=""/>
  <member type="way" ref="1254352999" role=""/>
  <member type="way" ref="675049623" role=""/>
  <member type="way" ref="1254353000" role=""/>
  <member type="way" ref="308210260" role=""/>
  <member type="way" ref="1556662811" role=""/>
  <member type="way" ref="1254353001" role=""/>
  <member type="way" ref="675049627" role=""/>
  <member type="way" ref="1556662810" role=""/>
  <member type="way" ref="308210258" role=""/>
  <member type="way" ref="308210259" role=""/>
  <member type="way" ref="425659691" role=""/>
  <member type="way" ref="425659687" role=""/>
  <member type="way" ref="425659688" role=""/>
  <member type="way" ref="425659692" role=""/>
  <member type="way" ref="425659690" role=""/>
  <member type="way" ref="425659689" role=""/>
  <member type="way" ref="1414820669" role=""/>
  <member type="way" ref="1414820670" role=""/>
  <member type="way" ref="1414821592" role=""/>
  <member type="way" ref="1414821593" role=""/>
  <member type="way" ref="1414844863" role=""/>
  <member type="way" ref="1414844864" role=""/>
  <member type="way" ref="223849437" role=""/>
  <member type="way" ref="478723188" role=""/>
  <member type="way" ref="478723189" role=""/>
  <member type="way" ref="196591471" role=""/>
  <member type="way" ref="196591472" role=""/>
  <member type="way" ref="326464529" role=""/>
  <member type="way" ref="1537369377" role=""/>
  <member type="way" ref="326464528" role=""/>
  <member type="way" ref="326464527" role=""/>
  <member type="way" ref="1537369376" role=""/>
  <member type="way" ref="198706377" role=""/>
  <member type="way" ref="1537179614" role=""/>
  <member type="way" ref="675049621" role=""/>
  <member type="way" ref="1078377450" role=""/>
  <member type="way" ref="1078377449" role=""/>
  <member type="way" ref="198706376" role=""/>
  <member type="way" ref="198706375" role=""/>
  <member type="way" ref="397174251" role=""/>
  <member type="way" ref="627649777" role=""/>
  <member type="way" ref="196591470" role=""/>
  <member type="way" ref="323574766" role=""/>
  <member type="way" ref="675049501" role=""/>
  <member type="way" ref="139456736" role=""/>
  <tag k="description" v="NY 290"/>
  <tag k="network" v="US:NY"/>
  <tag k="ref" v="290"/>
  <tag k="route" v="road"/>
  <tag k="symbol" v="http://en.wikipedia.org/wiki/File:NY-290.svg"/>
  <tag k="type" v="route"/>
  <tag k="url" v="http://en.wikipedia.org/wiki/New_York_State_Route_290"/>
  <tag k="wikidata" v="Q2486588"/>
  <tag k="wikipedia" v="en:New York State Route 290"/>
 </relation>
 <relation id="9377454" visible="true" version="22" changeset="188641748" timestamp="2026-09-06T22:11:29Z" user="nopeinomicon" uid="21426053">
  <member type="node" ref="6315270797" role="stop"/>
  <member type="way" ref="674746348" role="forward"/>
  <member type="way" ref="674338762" role="backward"/>
  <member type="way" ref="322874313" role="backward"/>
  <member type="way" ref="249488973" role="forward"/>
  <member type="way" ref="469983182" role="forward"/>
  <member type="way" ref="954209526" role="forward"/>
  <member type="way" ref="674338745" role="backward"/>
  <member type="way" ref="1388154786" role="backward"/>
  <member type="way" ref="20125607" role="backward"/>
  <member type="way" ref="20125746" role="backward"/>
  <member type="way" ref="20138806" role="forward"/>
  <member type="way" ref="675747287" role="forward"/>
  <member type="way" ref="157188885" role="forward"/>
  <member type="way" ref="1175231304" role="forward"/>
  <member type="way" ref="319110231" role="forward"/>
  <member type="way" ref="139456736" role="backward"/>
  <member type="way" ref="675049501" role="backward"/>
  <member type="way" ref="323574766" role="forward"/>
  <member type="way" ref="196591470" role="forward"/>
  <member type="way" ref="627649777" role="forward"/>
  <member type="way" ref="397174251" role="forward"/>
  <member type="way" ref="198706375" role="forward"/>
  <member type="way" ref="198706376" role="forward"/>
  <member type="way" ref="1078377449" role="forward"/>
  <member type="way" ref="1078377450" role="forward"/>
  <member type="way" ref="675049621" role="forward"/>
  <member type="way" ref="1537179614" role="forward"/>
  <member type="way" ref="198706377" role="forward"/>
  <member type="way" ref="1537369376" role="forward"/>
  <member type="way" ref="326464527" role="forward"/>
  <member type="way" ref="326464528" role="forward"/>
  <member type="way" ref="1537369377" role="forward"/>
  <member type="way" ref="326464529" role="forward"/>
  <member type="way" ref="196591472" role="forward"/>
  <member type="way" ref="196591471" role="forward"/>
  <member type="way" ref="478723189" role="forward"/>
  <member type="way" ref="478723188" role="forward"/>
  <member type="way" ref="223849437" role="forward"/>
  <member type="way" ref="1414844864" role="forward"/>
  <member type="way" ref="1414844863" role="forward"/>
  <member type="way" ref="1414821593" role="forward"/>
  <member type="way" ref="1414821592" role="forward"/>
  <member type="way" ref="1414820670" role="forward"/>
  <member type="way" ref="1414820669" role="forward"/>
  <member type="way" ref="425659689" role="forward"/>
  <member type="way" ref="425659690" role="forward"/>
  <member type="way" ref="425659692" role="forward"/>
  <member type="way" ref="425659688" role="forward"/>
  <member type="way" ref="425659687" role="forward"/>
  <member type="way" ref="425659691" role="forward"/>
  <member type="way" ref="308210259" role="forward"/>
  <member type="way" ref="308210258" role="forward"/>
  <member type="way" ref="1556662810" role="forward"/>
  <member type="way" ref="675049627" role="forward"/>
  <member type="way" ref="1254353001" role="forward"/>
  <member type="way" ref="1556662811" role="forward"/>
  <member type="way" ref="308210260" role="forward"/>
  <member type="way" ref="1254353000" role="forward"/>
  <member type="way" ref="675049623" role="forward"/>
  <member type="way" ref="1254352999" role="forward"/>
  <member type="way" ref="183486341" role="forward"/>
  <member type="way" ref="183486344" role="forward"/>
  <member type="way" ref="49664427" role="forward"/>
  <member type="way" ref="675049662" role="forward"/>
  <member type="way" ref="49664429" role="forward"/>
  <member type="way" ref="325753453" role="forward"/>
  <member type="way" ref="325753452" role="forward"/>
  <member type="way" ref="325753449" role="forward"/>
  <member type="way" ref="325753451" role="forward"/>
  <member type="way" ref="325753450" role="forward"/>
  <member type="way" ref="220365213" role="forward"/>
  <member type="way" ref="1414847691" role="forward"/>
  <member type="way" ref="1414847690" role="forward"/>
  <member type="way" ref="220365211" role="forward"/>
  <member type="way" ref="220365216" role="forward"/>
  <member type="way" ref="1414850095" role="forward"/>
  <member type="way" ref="1414850096" role="forward"/>
  <member type="way" ref="220365214" role="forward"/>
  <member type="way" ref="20121510" role="forward"/>
  <member type="way" ref="352696642" role="forward"/>
  <member type="way" ref="220341584" role="forward"/>
  <member type="way" ref="20151213" role="forward"/>
  <member type="way" ref="20148469" role="forward"/>
  <member type="way" ref="675049567" role="forward"/>
  <member type="way" ref="248031126" role="forward"/>
  <member type="way" ref="1453535467" role="forward"/>
  <member type="way" ref="344612560" role="forward"/>
  <member type="way" ref="220341585" role="forward"/>
  <member type="way" ref="344571650" role="forward"/>
  <member type="way" ref="1122582908" role="forward"/>
  <member type="way" ref="344571651" role="forward"/>
  <member type="way" ref="249389681" role="forward"/>
  <member type="way" ref="249614166" role="forward"/>
  <member type="way" ref="191077752" role="forward"/>
  <member type="way" ref="20149706" role="forward"/>
  <member type="way" ref="139456751" role="backward"/>
  <member type="way" ref="344612558" role="backward"/>
  <member type="way" ref="344612557" role="backward"/>
  <member type="way" ref="20120299" role="forward"/>
  <member type="way" ref="675049564" role="forward"/>
  <member type="way" ref="675049561" role="forward"/>
  <member type="way" ref="20147154" role="forward"/>
  <member type="way" ref="317463903" role="forward"/>
  <member type="way" ref="317463902" role="forward"/>
  <member type="way" ref="317463890" role="forward"/>
  <member type="way" ref="317463888" role="forward"/>
  <member type="way" ref="317463891" role="forward"/>
  <member type="way" ref="246148621" role="forward"/>
  <member type="way" ref="246148625" role="forward"/>
  <member type="way" ref="317463895" role="forward"/>
  <member type="way" ref="675049556" role="forward"/>
  <member type="way" ref="675049555" role="forward"/>
  <member type="way" ref="20136329" role="forward"/>
  <member type="way" ref="317463895" role="backward"/>
  <member type="way" ref="246148625" role="backward"/>
  <member type="way" ref="246148621" role="backward"/>
  <member type="way" ref="317463891" role="backward"/>
  <member type="way" ref="317463888" role="backward"/>
  <member type="way" ref="317463890" role="backward"/>
  <member type="way" ref="317463885" role="forward"/>
  <member type="way" ref="317463892" role="forward"/>
  <member type="way" ref="317463893" role="forward"/>
  <member type="way" ref="317463887" role="forward"/>
  <member type="way" ref="317463894" role="forward"/>
  <member type="way" ref="317463886" role="forward"/>
  <member type="way" ref="317463884" role="forward"/>
  <member type="way" ref="1476340634" role="forward"/>
  <member type="way" ref="1476340633" role="forward"/>
  <member type="way" ref="271051464" role="forward"/>
  <member type="way" ref="317463889" role="forward"/>
  <member type="way" ref="20138485" role="forward"/>
  <member type="way" ref="20139657" role="forward"/>
  <member type="way" ref="675049547" role="forward"/>
  <member type="way" ref="675049553" role="forward"/>
  <member type="way" ref="675049550" role="forward"/>
  <member type="way" ref="675049548" role="forward"/>
  <member type="way" ref="675049547" role="forward"/>
  <member type="way" ref="675049554" role="forward"/>
  <member type="way" ref="20148974" role="forward"/>
  <member type="way" ref="675049526" role="forward"/>
  <member type="way" ref="306247984" role="forward"/>
  <member type="way" ref="306247983" role="forward"/>
  <member type="way" ref="111725809" role="forward"/>
  <member type="way" ref="675049522" role="forward"/>
  <member type="way" ref="54184952" role="forward"/>
  <member type="way" ref="54184948" role="forward"/>
  <member type="way" ref="306247981" role="forward"/>
  <member type="way" ref="139456687" role="forward"/>
  <member type="way" ref="306247980" role="forward"/>
  <member type="way" ref="306247978" role="forward"/>
  <member type="way" ref="139456688" role="forward"/>
  <member type="way" ref="306247977" role="forward"/>
  <member type="way" ref="139456686" role="forward"/>
  <member type="way" ref="295266047" role="forward"/>
  <member type="way" ref="364365417" role="forward"/>
  <member type="way" ref="675049544" role="forward"/>
  <member type="way" ref="675049543" role="forward"/>
  <member type="way" ref="163715857" role="forward"/>
  <member type="way" ref="675049542" role="forward"/>
  <member type="way" ref="103912850" role="forward"/>
  <member type="way" ref="344612555" role="forward"/>
  <member type="way" ref="20125170" role="forward"/>
  <member type="way" ref="675049557" role="forward"/>
  <member type="way" ref="20119748" role="forward"/>
  <member type="way" ref="675049569" role="forward"/>
  <member type="way" ref="193891605" role="forward"/>
  <member type="way" ref="295587192" role="forward"/>
  <member type="way" ref="139456702" role="forward"/>
  <member type="way" ref="20125895" role="forward"/>
  <member type="way" ref="295587197" role="forward"/>
  <member type="way" ref="295587194" role="forward"/>
  <member type="way" ref="139456813" role="forward"/>
  <member type="way" ref="20135496" role="forward"/>
  <member type="way" ref="319153972" role="forward"/>
  <member type="way" ref="675049514" role="forward"/>
  <member type="way" ref="675049512" role="forward"/>
  <member type="way" ref="388354530" role="forward"/>
  <member type="way" ref="675049517" role="forward"/>
  <member type="way" ref="675049515" role="forward"/>
  <member type="way" ref="319153972" role="backward"/>
  <member type="way" ref="20135496" role="backward"/>
  <member type="way" ref="20135523" role="forward"/>
  <member type="way" ref="295587193" role="forward"/>
  <member type="way" ref="139456701" role="forward"/>
  <member type="way" ref="139456700" role="forward"/>
  <member type="way" ref="295587195" role="forward"/>
  <member type="way" ref="295587192" role="forward"/>
  <member type="way" ref="20144145" role="forward"/>
  <tag k="name" v="Centro 122 James Street-Route 298-Fly Road"/>
  <tag k="network" v="Centro Syracuse"/>
  <tag k="network:wikidata" v="Q130302372"/>
  <tag k="operator" v="Central New York Regional Transportation Authority"/>
  <tag k="operator:short" v="Centro"/>
  <tag k="operator:wikidata" v="Q5061513"/>
  <tag k="public_transport:version" v="1"/>
  <tag k="ref" v="122"/>
  <tag k="route" v="bus"/>
  <tag k="type" v="route"/>
 </relation>
 <relation id="9377455" visible="true" version="23" changeset="188641748" timestamp="2026-09-06T22:11:29Z" user="nopeinomicon" uid="21426053">
  <member type="node" ref="6315270797" role="stop"/>
  <member type="node" ref="6315270793" role="stop"/>
  <member type="node" ref="6315270799" role="stop"/>
  <member type="node" ref="6315270786" role="stop"/>
  <member type="way" ref="20136329" role="forward"/>
  <member type="way" ref="675049555" role="forward"/>
  <member type="way" ref="675049556" role="forward"/>
  <member type="way" ref="317463895" role=""/>
  <member type="way" ref="246148625" role=""/>
  <member type="way" ref="246148621" role=""/>
  <member type="way" ref="317463891" role=""/>
  <member type="way" ref="20122618" role="forward"/>
  <member type="way" ref="317463888" role="forward"/>
  <member type="way" ref="317463890" role="forward"/>
  <member type="way" ref="317463902" role="forward"/>
  <member type="way" ref="317463903" role=""/>
  <member type="way" ref="20147154" role=""/>
  <member type="way" ref="675049561" role=""/>
  <member type="way" ref="675049564" role=""/>
  <member type="way" ref="20125170" role=""/>
  <member type="way" ref="220341587" role="forward"/>
  <member type="way" ref="344612557" role="forward"/>
  <member type="way" ref="344612558" role="forward"/>
  <member type="way" ref="139456751" role="forward"/>
  <member type="way" ref="320853126" role="forward"/>
  <member type="way" ref="220341585" role="forward"/>
  <member type="way" ref="344571650" role="forward"/>
  <member type="way" ref="1122582908" role="forward"/>
  <member type="way" ref="344571651" role="forward"/>
  <member type="way" ref="249389681" role="forward"/>
  <member type="way" ref="249614166" role="forward"/>
  <member type="way" ref="191077752" role="forward"/>
  <member type="way" ref="249531633" role="forward"/>
  <member type="way" ref="344612560" role="backward"/>
  <member type="way" ref="248031126" role="backward"/>
  <member type="way" ref="1453535467" role="backward"/>
  <member type="way" ref="344612555" role="forward"/>
  <member type="way" ref="103912850" role="forward"/>
  <member type="way" ref="675049567" role=""/>
  <member type="way" ref="20148469" role=""/>
  <member type="way" ref="20151213" role=""/>
  <member type="way" ref="220341584" role=""/>
  <member type="way" ref="220341586" role="forward"/>
  <member type="way" ref="20125895" role="forward"/>
  <member type="way" ref="295587197" role="forward"/>
  <member type="way" ref="295587194" role="forward"/>
  <member type="way" ref="295587196" role="forward"/>
  <member type="way" ref="295587193" role="forward"/>
  <member type="way" ref="139456701" role="forward"/>
  <member type="way" ref="139456700" role="forward"/>
  <member type="way" ref="43249100" role="forward"/>
  <member type="way" ref="350643023" role="forward"/>
  <member type="way" ref="193891602" role="forward"/>
  <member type="way" ref="352696642" role="forward"/>
  <member type="way" ref="20121510" role="forward"/>
  <member type="way" ref="220365214" role="forward"/>
  <member type="way" ref="1414850096" role="forward"/>
  <member type="way" ref="1414850095" role=""/>
  <member type="way" ref="220365216" role=""/>
  <member type="way" ref="220365211" role=""/>
  <member type="way" ref="1414847690" role=""/>
  <member type="way" ref="1414847691" role=""/>
  <member type="way" ref="220365213" role=""/>
  <member type="way" ref="325753450" role=""/>
  <member type="way" ref="325753451" role=""/>
  <member type="way" ref="325753449" role=""/>
  <member type="way" ref="325753452" role=""/>
  <member type="way" ref="325753453" role=""/>
  <member type="way" ref="49664429" role=""/>
  <member type="way" ref="675049662" role=""/>
  <member type="way" ref="49664427" role=""/>
  <member type="way" ref="183486344" role=""/>
  <member type="way" ref="183486341" role=""/>
  <member type="way" ref="1254352999" role=""/>
  <member type="way" ref="675049623" role=""/>
  <member type="way" ref="1254353000" role=""/>
  <member type="way" ref="308210260" role=""/>
  <member type="way" ref="1556662811" role=""/>
  <member type="way" ref="1254353001" role=""/>
  <member type="way" ref="675049627" role=""/>
  <member type="way" ref="1556662810" role=""/>
  <member type="way" ref="308210258" role=""/>
  <member type="way" ref="308210259" role=""/>
  <member type="way" ref="425659691" role=""/>
  <member type="way" ref="425659687" role=""/>
  <member type="way" ref="425659688" role=""/>
  <member type="way" ref="425659692" role=""/>
  <member type="way" ref="425659690" role=""/>
  <member type="way" ref="425659689" role=""/>
  <member type="way" ref="1414820669" role=""/>
  <member type="way" ref="1414820670" role=""/>
  <member type="way" ref="1414821592" role=""/>
  <member type="way" ref="1414821593" role=""/>
  <member type="way" ref="1414844863" role=""/>
  <member type="way" ref="1414844864" role=""/>
  <member type="way" ref="223849437" role=""/>
  <member type="way" ref="478723188" role=""/>
  <member type="way" ref="478723189" role=""/>
  <member type="way" ref="196591471" role=""/>
  <member type="way" ref="196591472" role=""/>
  <member type="way" ref="326464529" role=""/>
  <member type="way" ref="1537369377" role=""/>
  <member type="way" ref="326464528" role=""/>
  <member type="way" ref="326464527" role=""/>
  <member type="way" ref="1537369376" role=""/>
  <member type="way" ref="198706377" role=""/>
  <member type="way" ref="1537179614" role=""/>
  <member type="way" ref="675049621" role=""/>
  <member type="way" ref="1078377450" role=""/>
  <member type="way" ref="1078377449" role=""/>
  <member type="way" ref="198706376" role=""/>
  <member type="way" ref="198706375" role=""/>
  <member type="way" ref="397174251" role=""/>
  <member type="way" ref="627649777" role=""/>
  <member type="way" ref="196591470" role=""/>
  <member type="way" ref="323574766" role=""/>
  <member type="way" ref="675049501" role=""/>
  <member type="way" ref="139456736" role=""/>
  <member type="way" ref="45738910" role="forward"/>
  <member type="way" ref="319237801" role="forward"/>
  <member type="way" ref="564443348" role="forward"/>
  <member type="way" ref="20148947" role="forward"/>
  <member type="way" ref="675747286" role="forward"/>
  <member type="way" ref="373861334" role="forward"/>
  <member type="way" ref="1254352987" role="forward"/>
  <member type="way" ref="20138806" role="forward"/>
  <member type="way" ref="675747287" role="forward"/>
  <member type="way" ref="157188885" role="forward"/>
  <member type="way" ref="1175231304" role="forward"/>
  <member type="way" ref="319110231" role="forward"/>
  <member type="way" ref="20125746" role=""/>
  <member type="way" ref="20125607" role=""/>
  <member type="way" ref="1388154786" role=""/>
  <member type="way" ref="674338745" role=""/>
  <member type="way" ref="954209526" role=""/>
  <member type="way" ref="469983182" role=""/>
  <member type="way" ref="249488973" role=""/>
  <member type="way" ref="322874313" role=""/>
  <member type="way" ref="674338762" role=""/>
  <member type="way" ref="674746348" role=""/>
  <member type="way" ref="675049587" role="backward"/>
  <member type="way" ref="675049578" role="backward"/>
  <member type="way" ref="674338763" role="forward"/>
  <member type="way" ref="675890209" role="forward"/>
  <member type="way" ref="674746347" role="forward"/>
  <member type="way" ref="675049572" role="forward"/>
  <member type="way" ref="675049571" role="forward"/>
  <member type="way" ref="675049570" role="forward"/>
  <member type="way" ref="139456813" role="forward"/>
  <member type="way" ref="20135496" role="forward"/>
  <member type="way" ref="319153972" role="forward"/>
  <member type="way" ref="675049514" role="forward"/>
  <member type="way" ref="675049512" role="forward"/>
  <member type="way" ref="388354530" role="forward"/>
  <member type="way" ref="675049517" role="forward"/>
  <member type="way" ref="675049515" role="forward"/>
  <member type="way" ref="319153972" role="backward"/>
  <member type="way" ref="20135496" role="backward"/>
  <member type="way" ref="20135523" role="forward"/>
  <member type="way" ref="675049557" role="forward"/>
  <member type="way" ref="675049666" role="forward"/>
  <member type="way" ref="295408600" role="forward"/>
  <member type="way" ref="220365212" role="forward"/>
  <member type="way" ref="220365215" role="forward"/>
  <member type="way" ref="1369928431" role="forward"/>
  <member type="way" ref="1369928430" role="forward"/>
  <member type="way" ref="295408606" role="forward"/>
  <member type="way" ref="295408598" role="forward"/>
  <member type="way" ref="295408599" role="forward"/>
  <member type="way" ref="295408604" role="forward"/>
  <member type="way" ref="193891603" role="forward"/>
  <member type="way" ref="111654478" role="forward"/>
  <member type="way" ref="111654468" role="forward"/>
  <member type="way" ref="20117760" role="forward"/>
  <member type="way" ref="193891607" role="forward"/>
  <member type="way" ref="43249117" role="forward"/>
  <member type="way" ref="111654477" role="forward"/>
  <member type="way" ref="43249116" role="forward"/>
  <member type="way" ref="321721646" role="forward"/>
  <member type="way" ref="321721637" role="forward"/>
  <member type="way" ref="43249114" role="forward"/>
  <member type="way" ref="43249125" role="forward"/>
  <member type="way" ref="321721647" role="forward"/>
  <member type="way" ref="43249127" role="forward"/>
  <member type="way" ref="43249121" role="forward"/>
  <member type="way" ref="43249133" role="forward"/>
  <member type="way" ref="1001205354" role="forward"/>
  <member type="way" ref="43249132" role="forward"/>
  <member type="way" ref="43249131" role="forward"/>
  <member type="way" ref="43249130" role="forward"/>
  <member type="way" ref="192762527" role="forward"/>
  <member type="way" ref="43249142" role="forward"/>
  <member type="way" ref="43249143" role="forward"/>
  <member type="way" ref="321713517" role="forward"/>
  <member type="way" ref="20118390" role="forward"/>
  <member type="way" ref="43249151" role="forward"/>
  <member type="way" ref="43249148" role="forward"/>
  <member type="way" ref="43249146" role="forward"/>
  <member type="way" ref="221666420" role="forward"/>
  <member type="way" ref="43249149" role="forward"/>
  <member type="way" ref="157859542" role="forward"/>
  <member type="way" ref="654562491" role="forward"/>
  <tag k="name" v="Centro 22 James Street-Route 298"/>
  <tag k="network" v="Centro Syracuse"/>
  <tag k="network:wikidata" v="Q130302372"/>
  <tag k="operator" v="Central New York Regional Transportation Authority"/>
  <tag k="operator:short" v="Centro"/>
  <tag k="operator:wikidata" v="Q5061513"/>
  <tag k="public_transport:version" v="1"/>
  <tag k="ref" v="22"/>
  <tag k="route" v="bus"/>
  <tag k="type" v="route"/>
 </relation>
 <relation id="9377456" visible="true" version="25" changeset="188641748" timestamp="2026-09-06T22:11:29Z" user="nopeinomicon" uid="21426053">
  <member type="node" ref="6315270797" role="stop"/>
  <member type="node" ref="6315270793" role="stop"/>
  <member type="way" ref="675049519" role="forward"/>
  <member type="way" ref="675049521" role="forward"/>
  <member type="way" ref="320372864" role="forward"/>
  <member type="way" ref="320372862" role="forward"/>
  <member type="way" ref="156549256" role="forward"/>
  <member type="way" ref="675049520" role="forward"/>
  <member type="way" ref="317827521" role=""/>
  <member type="way" ref="20135823" role=""/>
  <member type="way" ref="317463911" role=""/>
  <member type="way" ref="317463913" role=""/>
  <member type="way" ref="317463912" role=""/>
  <member type="way" ref="192383414" role=""/>
  <member type="way" ref="192383413" role=""/>
  <member type="way" ref="317463910" role=""/>
  <member type="way" ref="317463914" role=""/>
  <member type="way" ref="415074783" role=""/>
  <member type="way" ref="306963559" role=""/>
  <member type="way" ref="220328000" role=""/>
  <member type="way" ref="220328001" role="forward"/>
  <member type="way" ref="295266052" role="forward"/>
  <member type="way" ref="139601698" role="forward"/>
  <member type="way" ref="295266050" role="forward"/>
  <member type="way" ref="295266048" role="forward"/>
  <member type="way" ref="328867154" role="forward"/>
  <member type="way" ref="295266049" role="forward"/>
  <member type="way" ref="295266053" role="forward"/>
  <member type="way" ref="139456686" role="forward"/>
  <member type="way" ref="295266047" role="forward"/>
  <member type="way" ref="364365417" role="forward"/>
  <member type="way" ref="326472870" role="forward"/>
  <member type="way" ref="328867156" role="forward"/>
  <member type="way" ref="1545634978" role="forward"/>
  <member type="way" ref="139601707" role="forward"/>
  <member type="way" ref="328867155" role="forward"/>
  <member type="way" ref="324339726" role="forward"/>
  <member type="way" ref="295266054" role="forward"/>
  <member type="way" ref="295266051" role="forward"/>
  <member type="way" ref="20130010" role="forward"/>
  <member type="way" ref="295266067" role="forward"/>
  <member type="way" ref="139456761" role="forward"/>
  <member type="way" ref="248460354" role="forward"/>
  <member type="way" ref="295266071" role="forward"/>
  <member type="way" ref="20127824" role="forward"/>
  <member type="way" ref="306247973" role="forward"/>
  <member type="way" ref="306247972" role="forward"/>
  <member type="way" ref="675049544" role=""/>
  <member type="way" ref="675049543" role="forward"/>
  <member type="way" ref="163715857" role="forward"/>
  <member type="way" ref="675049542" role="forward"/>
  <member type="way" ref="675049518" role="forward"/>
  <member type="way" ref="675049525" role="forward"/>
  <member type="way" ref="163715860" role="forward"/>
  <member type="way" ref="675049545" role="forward"/>
  <member type="way" ref="675049545" role="forward"/>
  <member type="way" ref="163715860" role="forward"/>
  <member type="way" ref="675049525" role="forward"/>
  <member type="way" ref="675049518" role="forward"/>
  <member type="way" ref="675049542" role="forward"/>
  <member type="way" ref="163715857" role="forward"/>
  <member type="way" ref="675049543" role="forward"/>
  <member type="way" ref="675049544" role=""/>
  <member type="way" ref="306247972" role="forward"/>
  <member type="way" ref="306247973" role="forward"/>
  <member type="way" ref="20127824" role="forward"/>
  <member type="way" ref="295266071" role="forward"/>
  <member type="way" ref="248460354" role="forward"/>
  <member type="way" ref="139456761" role="forward"/>
  <member type="way" ref="20122221" role="forward"/>
  <member type="way" ref="364365417" role="forward"/>
  <member type="way" ref="295266047" role="forward"/>
  <member type="way" ref="139456686" role="forward"/>
  <member type="way" ref="306247977" role="forward"/>
  <member type="way" ref="139456688" role="forward"/>
  <member type="way" ref="306247978" role=""/>
  <member type="way" ref="306247980" role=""/>
  <member type="way" ref="139456687" role=""/>
  <member type="way" ref="306247981" role=""/>
  <member type="way" ref="54184948" role=""/>
  <member type="way" ref="54184952" role=""/>
  <member type="way" ref="20121045" role="forward"/>
  <member type="way" ref="675049522" role="forward"/>
  <member type="way" ref="111725809" role="forward"/>
  <member type="way" ref="306247983" role="forward"/>
  <member type="way" ref="306247984" role=""/>
  <member type="way" ref="675049526" role=""/>
  <member type="way" ref="675049551" role="forward"/>
  <member type="way" ref="675049550" role="forward"/>
  <member type="way" ref="675049548" role="forward"/>
  <member type="way" ref="20148974" role="forward"/>
  <member type="way" ref="675049554" role="forward"/>
  <member type="way" ref="675049547" role="forward"/>
  <member type="way" ref="20151224" role=""/>
  <member type="way" ref="20144148" role=""/>
  <member type="way" ref="675049523" role="forward"/>
  <member type="way" ref="675049524" role="forward"/>
  <member type="way" ref="675049524" role="forward"/>
  <member type="way" ref="675049523" role="forward"/>
  <member type="way" ref="20144148" role=""/>
  <member type="way" ref="20151224" role=""/>
  <member type="way" ref="675049547" role="forward"/>
  <member type="way" ref="675049554" role="forward"/>
  <member type="way" ref="20148974" role="forward"/>
  <member type="way" ref="675049548" role="forward"/>
  <member type="way" ref="675049550" role="forward"/>
  <member type="way" ref="675049551" role="forward"/>
  <member type="way" ref="675049526" role=""/>
  <member type="way" ref="306247984" role=""/>
  <member type="way" ref="306247983" role=""/>
  <member type="way" ref="139456713" role=""/>
  <member type="way" ref="1302099463" role=""/>
  <member type="way" ref="139456712" role=""/>
  <member type="way" ref="1302099467" role=""/>
  <member type="way" ref="675049546" role=""/>
  <member type="way" ref="20149700" role=""/>
  <member type="way" ref="194280663" role=""/>
  <member type="way" ref="139456726" role=""/>
  <member type="way" ref="421283226" role=""/>
  <member type="way" ref="183486342" role=""/>
  <member type="way" ref="139456727" role=""/>
  <member type="way" ref="1372533056" role=""/>
  <member type="way" ref="183486340" role=""/>
  <member type="way" ref="183486343" role=""/>
  <member type="way" ref="139456729" role=""/>
  <member type="way" ref="675049662" role=""/>
  <member type="way" ref="49664427" role=""/>
  <member type="way" ref="183486344" role=""/>
  <member type="way" ref="183486341" role=""/>
  <member type="way" ref="1254352999" role=""/>
  <member type="way" ref="675049623" role=""/>
  <member type="way" ref="1254353000" role=""/>
  <member type="way" ref="308210260" role=""/>
  <member type="way" ref="1556662811" role=""/>
  <member type="way" ref="1254353001" role=""/>
  <member type="way" ref="675049627" role=""/>
  <member type="way" ref="1556662810" role=""/>
  <member type="way" ref="308210258" role=""/>
  <member type="way" ref="308210259" role=""/>
  <member type="way" ref="425659691" role=""/>
  <member type="way" ref="425659687" role=""/>
  <member type="way" ref="425659688" role=""/>
  <member type="way" ref="425659692" role=""/>
  <member type="way" ref="425659690" role=""/>
  <member type="way" ref="425659689" role=""/>
  <member type="way" ref="1414820669" role=""/>
  <member type="way" ref="1414820670" role=""/>
  <member type="way" ref="1414821592" role=""/>
  <member type="way" ref="1414821593" role=""/>
  <member type="way" ref="1414844863" role=""/>
  <member type="way" ref="1414844864" role=""/>
  <member type="way" ref="223849437" role=""/>
  <member type="way" ref="478723188" role=""/>
  <member type="way" ref="478723189" role=""/>
  <member type="way" ref="196591471" role=""/>
  <member type="way" ref="196591472" role=""/>
  <member type="way" ref="326464529" role=""/>
  <member type="way" ref="1537369377" role=""/>
  <member type="way" ref="326464528" role=""/>
  <member type="way" ref="326464527" role=""/>
  <member type="way" ref="1537369376" role=""/>
  <member type="way" ref="198706377" role=""/>
  <member type="way" ref="1537179614" role=""/>
  <member type="way" ref="675049621" role=""/>
  <member type="way" ref="1078377450" role=""/>
  <member type="way" ref="1078377449" role=""/>
  <member type="way" ref="198706376" role=""/>
  <member type="way" ref="198706375" role=""/>
  <member type="way" ref="397174251" role=""/>
  <member type="way" ref="627649777" role=""/>
  <member type="way" ref="196591470" role=""/>
  <member type="way" ref="323574766" role=""/>
  <member type="way" ref="675049501" role=""/>
  <member type="way" ref="139456736" role=""/>
  <member type="way" ref="45738910" role="forward"/>
  <member type="way" ref="319237801" role="forward"/>
  <member type="way" ref="564443348" role="forward"/>
  <member type="way" ref="20148947" role="forward"/>
  <member type="way" ref="675747286" role="forward"/>
  <member type="way" ref="373861334" role="forward"/>
  <member type="way" ref="1254352987" role="forward"/>
  <member type="way" ref="20138806" role="forward"/>
  <member type="way" ref="675747287" role="forward"/>
  <member type="way" ref="319110231" role="forward"/>
  <member type="way" ref="157188885" role="forward"/>
  <member type="way" ref="1175231304" role="forward"/>
  <member type="way" ref="20125746" role=""/>
  <member type="way" ref="20125607" role=""/>
  <member type="way" ref="1388154786" role=""/>
  <member type="way" ref="674338745" role=""/>
  <member type="way" ref="954209526" role=""/>
  <member type="way" ref="469983182" role=""/>
  <member type="way" ref="249488973" role=""/>
  <member type="way" ref="322874313" role=""/>
  <member type="way" ref="674338762" role=""/>
  <member type="way" ref="674338763" role="forward"/>
  <member type="way" ref="675890209" role="forward"/>
  <member type="way" ref="674746347" role="forward"/>
  <member type="way" ref="675049572" role="forward"/>
  <member type="way" ref="675049571" role="forward"/>
  <member type="way" ref="675049570" role="forward"/>
  <member type="way" ref="674746348" role="forward"/>
  <member type="way" ref="20118926" role="forward"/>
  <member type="way" ref="20130001" role="forward"/>
  <member type="way" ref="20147317" role="forward"/>
  <member type="way" ref="675049511" role="forward"/>
  <member type="way" ref="675049510" role="forward"/>
  <member type="way" ref="43202254" role="forward"/>
  <member type="way" ref="43202253" role="forward"/>
  <member type="way" ref="20123800" role="forward"/>
  <member type="way" ref="829995313" role="forward"/>
  <member type="way" ref="829995314" role="forward"/>
  <member type="way" ref="675049508" role="forward"/>
  <member type="way" ref="216265393" role="forward"/>
  <member type="way" ref="1431656917" role="forward"/>
  <member type="way" ref="1431656918" role="forward"/>
  <member type="way" ref="1432208538" role="forward"/>
  <member type="way" ref="1432208539" role="forward"/>
  <member type="way" ref="1432250357" role="forward"/>
  <member type="way" ref="1432250358" role="forward"/>
  <member type="way" ref="216265392" role="forward"/>
  <member type="way" ref="421289390" role="forward"/>
  <member type="way" ref="421289384" role="forward"/>
  <member type="way" ref="421289386" role="forward"/>
  <member type="way" ref="421289389" role="forward"/>
  <member type="way" ref="421289392" role="forward"/>
  <member type="way" ref="421289382" role="forward"/>
  <member type="way" ref="675049538" role="forward"/>
  <member type="way" ref="20143499" role="forward"/>
  <member type="way" ref="54178748" role="forward"/>
  <member type="way" ref="54178722" role="forward"/>
  <member type="way" ref="139631918" role="forward"/>
  <member type="way" ref="675049537" role="forward"/>
  <member type="way" ref="20148327" role="forward"/>
  <member type="way" ref="20138557" role="forward"/>
  <member type="way" ref="20133105" role="forward"/>
  <member type="way" ref="54178751" role="forward"/>
  <member type="way" ref="54178750" role="forward"/>
  <member type="way" ref="675049530" role="forward"/>
  <member type="way" ref="675049529" role="forward"/>
  <member type="way" ref="675049527" role="forward"/>
  <tag k="name" v="Centro 223 James Street-East Syracuse-ShoppingTown Mall"/>
  <tag k="network" v="Centro Syracuse"/>
  <tag k="network:wikidata" v="Q130302372"/>
  <tag k="operator" v="Central New York Regional Transportation Authority"/>
  <tag k="operator:short" v="Centro"/>
  <tag k="operator:wikidata" v="Q5061513"/>
  <tag k="public_transport:version" v="1"/>
  <tag k="ref" v="223"/>
  <tag k="route" v="bus"/>
  <tag k="type" v="route"/>
 </relation>
 <relation id="9377457" visible="true" version="18" changeset="188641748" timestamp="2026-09-06T22:11:29Z" user="nopeinomicon" uid="21426053">
  <member type="node" ref="6315270797" role="stop"/>
  <member type="node" ref="6315270793" role="stop"/>
  <member type="node" ref="6315270786" role="stop"/>
  <member type="way" ref="675049545" role="forward"/>
  <member type="way" ref="163715860" role="forward"/>
  <member type="way" ref="675049525" role="forward"/>
  <member type="way" ref="675049518" role="forward"/>
  <member type="way" ref="675049542" role="forward"/>
  <member type="way" ref="163715857" role="forward"/>
  <member type="way" ref="675049543" role="forward"/>
  <member type="way" ref="675049544" role=""/>
  <member type="way" ref="306247972" role="forward"/>
  <member type="way" ref="306247973" role="forward"/>
  <member type="way" ref="20127824" role="forward"/>
  <member type="way" ref="295266071" role="forward"/>
  <member type="way" ref="248460354" role="forward"/>
  <member type="way" ref="139456761" role="forward"/>
  <member type="way" ref="20122221" role="forward"/>
  <member type="way" ref="364365417" role="forward"/>
  <member type="way" ref="295266047" role="forward"/>
  <member type="way" ref="139456686" role="forward"/>
  <member type="way" ref="306247977" role="forward"/>
  <member type="way" ref="139456688" role="forward"/>
  <member type="way" ref="306247978" role=""/>
  <member type="way" ref="306247980" role=""/>
  <member type="way" ref="139456687" role=""/>
  <member type="way" ref="306247981" role=""/>
  <member type="way" ref="54184948" role=""/>
  <member type="way" ref="54184952" role=""/>
  <member type="way" ref="20130001" role="forward"/>
  <member type="way" ref="139456713" role="forward"/>
  <member type="way" ref="1302099463" role="forward"/>
  <member type="way" ref="20118926" role="forward"/>
  <member type="way" ref="675049522" role="forward"/>
  <member type="way" ref="139456712" role=""/>
  <member type="way" ref="1302099467" role=""/>
  <member type="way" ref="675049546" role=""/>
  <member type="way" ref="20149700" role=""/>
  <member type="way" ref="194280663" role=""/>
  <member type="way" ref="139456726" role=""/>
  <member type="way" ref="421283226" role=""/>
  <member type="way" ref="183486342" role=""/>
  <member type="way" ref="139456727" role=""/>
  <member type="way" ref="1372533056" role=""/>
  <member type="way" ref="183486340" role=""/>
  <member type="way" ref="183486343" role=""/>
  <member type="way" ref="139456729" role=""/>
  <member type="way" ref="675049662" role=""/>
  <member type="way" ref="49664427" role=""/>
  <member type="way" ref="183486344" role=""/>
  <member type="way" ref="183486341" role=""/>
  <member type="way" ref="1254352999" role=""/>
  <member type="way" ref="675049623" role=""/>
  <member type="way" ref="1254353000" role=""/>
  <member type="way" ref="308210260" role=""/>
  <member type="way" ref="1556662811" role=""/>
  <member type="way" ref="1254353001" role=""/>
  <member type="way" ref="675049627" role=""/>
  <member type="way" ref="1556662810" role=""/>
  <member type="way" ref="308210258" role=""/>
  <member type="way" ref="308210259" role=""/>
  <member type="way" ref="425659691" role=""/>
  <member type="way" ref="425659687" role=""/>
  <member type="way" ref="425659688" role=""/>
  <member type="way" ref="425659692" role=""/>
  <member type="way" ref="425659690" role=""/>
  <member type="way" ref="425659689" role=""/>
  <member type="way" ref="1414820669" role=""/>
  <member type="way" ref="1414820670" role=""/>
  <member type="way" ref="1414821592" role=""/>
  <member type="way" ref="1414821593" role=""/>
  <member type="way" ref="1414844863" role=""/>
  <member type="way" ref="1414844864" role=""/>
  <member type="way" ref="223849437" role=""/>
  <member type="way" ref="478723188" role=""/>
  <member type="way" ref="478723189" role=""/>
  <member type="way" ref="196591471" role=""/>
  <member type="way" ref="196591472" role=""/>
  <member type="way" ref="326464529" role=""/>
  <member type="way" ref="1537369377" role=""/>
  <member type="way" ref="326464528" role=""/>
  <member type="way" ref="326464527" role=""/>
  <member type="way" ref="1537369376" role=""/>
  <member type="way" ref="198706377" role=""/>
  <member type="way" ref="1537179614" role=""/>
  <member type="way" ref="675049621" role=""/>
  <member type="way" ref="1078377450" role=""/>
  <member type="way" ref="1078377449" role=""/>
  <member type="way" ref="198706376" role=""/>
  <member type="way" ref="198706375" role=""/>
  <member type="way" ref="397174251" role=""/>
  <member type="way" ref="627649777" role=""/>
  <member type="way" ref="196591470" role=""/>
  <member type="way" ref="323574766" role=""/>
  <member type="way" ref="675049501" role=""/>
  <member type="way" ref="139456736" role=""/>
  <member type="way" ref="45738910" role="forward"/>
  <member type="way" ref="319237801" role="forward"/>
  <member type="way" ref="564443348" role="forward"/>
  <member type="way" ref="20148947" role="forward"/>
  <member type="way" ref="675747286" role="forward"/>
  <member type="way" ref="373861334" role="forward"/>
  <member type="way" ref="1254352987" role="forward"/>
  <member type="way" ref="20138806" role="forward"/>
  <member type="way" ref="675747287" role="forward"/>
  <member type="way" ref="319110231" role="forward"/>
  <member type="way" ref="157188885" role="forward"/>
  <member type="way" ref="1175231304" role="forward"/>
  <member type="way" ref="20125746" role=""/>
  <member type="way" ref="20125607" role=""/>
  <member type="way" ref="1388154786" role=""/>
  <member type="way" ref="674338745" role=""/>
  <member type="way" ref="954209526" role=""/>
  <member type="way" ref="469983182" role=""/>
  <member type="way" ref="249488973" role=""/>
  <member type="way" ref="322874313" role=""/>
  <member type="way" ref="674338762" role=""/>
  <member type="way" ref="674746348" role=""/>
  <member type="way" ref="675049587" role="backward"/>
  <member type="way" ref="675049578" role="backward"/>
  <member type="way" ref="674338763" role="forward"/>
  <member type="way" ref="675890209" role="forward"/>
  <member type="way" ref="674746347" role="forward"/>
  <member type="way" ref="675049572" role="forward"/>
  <member type="way" ref="675049571" role="forward"/>
  <member type="way" ref="675049570" role="forward"/>
  <tag k="name" v="Centro 123 James Street-East Syracuse-Walmart"/>
  <tag k="network" v="Centro Syracuse"/>
  <tag k="network:wikidata" v="Q130302372"/>
  <tag k="operator" v="Central New York Regional Transportation Authority"/>
  <tag k="operator:short" v="Centro"/>
  <tag k="operator:wikidata" v="Q5061513"/>
  <tag k="public_transport:version" v="1"/>
  <tag k="ref" v="123"/>
  <tag k="route" v="bus"/>
  <tag k="type" v="route"/>
 </relation>
 <relation id="9377458" visible="true" version="18" changeset="188641748" timestamp="2026-09-06T22:11:29Z" user="nopeinomicon" uid="21426053">
  <member type="node" ref="6315270797" role="stop"/>
  <member type="node" ref="6315270793" role="stop"/>
  <member type="way" ref="20148974" role="forward"/>
  <member type="way" ref="675049554" role="forward"/>
  <member type="way" ref="675049547" role="forward"/>
  <member type="way" ref="675049548" role="forward"/>
  <member type="way" ref="675049550" role="forward"/>
  <member type="way" ref="675049551" role="forward"/>
  <member type="way" ref="675049526" role=""/>
  <member type="way" ref="306247984" role=""/>
  <member type="way" ref="306247983" role=""/>
  <member type="way" ref="139456713" role=""/>
  <member type="way" ref="1302099463" role=""/>
  <member type="way" ref="139456712" role=""/>
  <member type="way" ref="1302099467" role=""/>
  <member type="way" ref="675049546" role=""/>
  <member type="way" ref="20149700" role=""/>
  <member type="way" ref="194280663" role=""/>
  <member type="way" ref="139456726" role=""/>
  <member type="way" ref="421283226" role=""/>
  <member type="way" ref="183486342" role=""/>
  <member type="way" ref="139456727" role=""/>
  <member type="way" ref="1372533056" role=""/>
  <member type="way" ref="183486340" role=""/>
  <member type="way" ref="183486343" role=""/>
  <member type="way" ref="139456729" role=""/>
  <member type="way" ref="675049662" role=""/>
  <member type="way" ref="49664427" role=""/>
  <member type="way" ref="183486344" role=""/>
  <member type="way" ref="183486341" role=""/>
  <member type="way" ref="1254352999" role=""/>
  <member type="way" ref="675049623" role=""/>
  <member type="way" ref="1254353000" role=""/>
  <member type="way" ref="308210260" role=""/>
  <member type="way" ref="1556662811" role=""/>
  <member type="way" ref="1254353001" role=""/>
  <member type="way" ref="675049627" role=""/>
  <member type="way" ref="1556662810" role=""/>
  <member type="way" ref="308210258" role=""/>
  <member type="way" ref="308210259" role=""/>
  <member type="way" ref="425659691" role=""/>
  <member type="way" ref="425659687" role=""/>
  <member type="way" ref="425659688" role=""/>
  <member type="way" ref="425659692" role=""/>
  <member type="way" ref="425659690" role=""/>
  <member type="way" ref="425659689" role=""/>
  <member type="way" ref="1414820669" role=""/>
  <member type="way" ref="1414820670" role=""/>
  <member type="way" ref="1414821592" role=""/>
  <member type="way" ref="1414821593" role=""/>
  <member type="way" ref="1414844863" role=""/>
  <member type="way" ref="1414844864" role=""/>
  <member type="way" ref="223849437" role=""/>
  <member type="way" ref="478723188" role=""/>
  <member type="way" ref="478723189" role=""/>
  <member type="way" ref="196591471" role=""/>
  <member type="way" ref="196591472" role=""/>
  <member type="way" ref="326464529" role=""/>
  <member type="way" ref="1537369377" role=""/>
  <member type="way" ref="326464528" role=""/>
  <member type="way" ref="326464527" role=""/>
  <member type="way" ref="1537369376" role=""/>
  <member type="way" ref="198706377" role=""/>
  <member type="way" ref="1537179614" role=""/>
  <member type="way" ref="675049621" role=""/>
  <member type="way" ref="1078377450" role=""/>
  <member type="way" ref="1078377449" role=""/>
  <member type="way" ref="198706376" role=""/>
  <member type="way" ref="198706375" role=""/>
  <member type="way" ref="397174251" role=""/>
  <member type="way" ref="627649777" role=""/>
  <member type="way" ref="196591470" role=""/>
  <member type="way" ref="323574766" role=""/>
  <member type="way" ref="675049501" role=""/>
  <member type="way" ref="139456736" role=""/>
  <member type="way" ref="45738910" role="forward"/>
  <member type="way" ref="319237801" role="forward"/>
  <member type="way" ref="564443348" role="forward"/>
  <member type="way" ref="20148947" role="forward"/>
  <member type="way" ref="675747286" role="forward"/>
  <member type="way" ref="373861334" role="forward"/>
  <member type="way" ref="1254352987" role="forward"/>
  <member type="way" ref="20138806" role="forward"/>
  <member type="way" ref="675747287" role="forward"/>
  <member type="way" ref="319110231" role="forward"/>
  <member type="way" ref="157188885" role="forward"/>
  <member type="way" ref="1175231304" role="forward"/>
  <member type="way" ref="20125746" role=""/>
  <member type="way" ref="20125607" role=""/>
  <member type="way" ref="1388154786" role=""/>
  <member type="way" ref="674338745" role=""/>
  <member type="way" ref="954209526" role=""/>
  <member type="way" ref="469983182" role=""/>
  <member type="way" ref="249488973" role=""/>
  <member type="way" ref="322874313" role=""/>
  <member type="way" ref="674338762" role=""/>
  <member type="way" ref="674338763" role="forward"/>
  <member type="way" ref="675890209" role="forward"/>
  <member type="way" ref="674746347" role="forward"/>
  <member type="way" ref="675049572" role="forward"/>
  <member type="way" ref="675049571" role="forward"/>
  <member type="way" ref="675049570" role="forward"/>
  <member type="way" ref="674746348" role="forward"/>
  <member type="way" ref="20151224" role="forward"/>
  <member type="way" ref="20144148" role="forward"/>
  <member type="way" ref="675049523" role="forward"/>
  <tag k="name" v="Centro 23 James Street-East Syracuse"/>
  <tag k="network" v="Centro Syracuse"/>
  <tag k="network:wikidata" v="Q130302372"/>
  <tag k="operator" v="Central New York Regional Transportation Authority"/>
  <tag k="operator:short" v="Centro"/>
  <tag k="operator:wikidata" v="Q5061513"/>
  <tag k="public_transport:version" v="1"/>
  <tag k="ref" v="23"/>
  <tag k="route" v="bus"/>
  <tag k="type" v="route"/>
 </relation>
 <relation id="9377459" visible="true" version="28" changeset="188641748" timestamp="2026-09-06T22:11:29Z" user="nopeinomicon" uid="21426053">
  <member type="node" ref="6315270797" role="stop"/>
  <member type="node" ref="6315270793" role="stop"/>
  <member type="way" ref="675049527" role=""/>
  <member type="way" ref="675049529" role=""/>
  <member type="way" ref="675049530" role=""/>
  <member type="way" ref="54178750" role=""/>
  <member type="way" ref="54178751" role=""/>
  <member type="way" ref="20138556" role=""/>
  <member type="way" ref="20149896" role=""/>
  <member type="way" ref="675049533" role=""/>
  <member type="way" ref="20148376" role=""/>
  <member type="way" ref="20129321" role=""/>
  <member type="way" ref="139631918" role=""/>
  <member type="way" ref="54178722" role=""/>
  <member type="way" ref="54178748" role=""/>
  <member type="way" ref="20143499" role=""/>
  <member type="way" ref="675049539" role=""/>
  <member type="way" ref="20135978" role=""/>
  <member type="way" ref="194096100" role=""/>
  <member type="way" ref="421289387" role=""/>
  <member type="way" ref="421289392" role=""/>
  <member type="way" ref="421289389" role=""/>
  <member type="way" ref="421289386" role=""/>
  <member type="way" ref="421289384" role=""/>
  <member type="way" ref="421289390" role=""/>
  <member type="way" ref="216265392" role=""/>
  <member type="way" ref="1432250358" role=""/>
  <member type="way" ref="1432250357" role=""/>
  <member type="way" ref="1432208539" role=""/>
  <member type="way" ref="1432208538" role=""/>
  <member type="way" ref="1431656918" role=""/>
  <member type="way" ref="1431656917" role=""/>
  <member type="way" ref="216265393" role=""/>
  <member type="way" ref="675049508" role=""/>
  <member type="way" ref="1430804277" role=""/>
  <member type="way" ref="1430211118" role=""/>
  <member type="way" ref="1430211119" role=""/>
  <member type="way" ref="1430282562" role=""/>
  <member type="way" ref="1430282563" role=""/>
  <member type="way" ref="194096099" role=""/>
  <member type="way" ref="1426825677" role=""/>
  <member type="way" ref="1426825676" role=""/>
  <member type="way" ref="1426657542" role=""/>
  <member type="way" ref="248460351" role=""/>
  <member type="way" ref="1424935757" role=""/>
  <member type="way" ref="108822883" role=""/>
  <member type="way" ref="20137951" role="forward"/>
  <member type="way" ref="295266072" role="forward"/>
  <member type="way" ref="295266071" role="forward"/>
  <member type="way" ref="248460354" role="forward"/>
  <member type="way" ref="139456761" role="forward"/>
  <member type="way" ref="20122221" role="forward"/>
  <member type="way" ref="295266069" role="forward"/>
  <member type="way" ref="295266073" role="forward"/>
  <member type="way" ref="295266070" role="forward"/>
  <member type="way" ref="295266068" role="forward"/>
  <member type="way" ref="20137954" role="forward"/>
  <member type="way" ref="306247977" role="forward"/>
  <member type="way" ref="139456688" role="forward"/>
  <member type="way" ref="306247978" role=""/>
  <member type="way" ref="306247980" role=""/>
  <member type="way" ref="139456687" role=""/>
  <member type="way" ref="306247981" role=""/>
  <member type="way" ref="54184948" role=""/>
  <member type="way" ref="54184952" role=""/>
  <member type="way" ref="20130001" role="forward"/>
  <member type="way" ref="139456713" role="forward"/>
  <member type="way" ref="1302099463" role="forward"/>
  <member type="way" ref="20118926" role="forward"/>
  <member type="way" ref="675049522" role="forward"/>
  <member type="way" ref="139456712" role=""/>
  <member type="way" ref="1302099467" role=""/>
  <member type="way" ref="675049546" role=""/>
  <member type="way" ref="20149700" role=""/>
  <member type="way" ref="194280663" role=""/>
  <member type="way" ref="139456726" role=""/>
  <member type="way" ref="421283226" role=""/>
  <member type="way" ref="183486342" role=""/>
  <member type="way" ref="139456727" role=""/>
  <member type="way" ref="1372533056" role=""/>
  <member type="way" ref="183486340" role=""/>
  <member type="way" ref="183486343" role=""/>
  <member type="way" ref="139456729" role=""/>
  <member type="way" ref="675049662" role=""/>
  <member type="way" ref="49664427" role=""/>
  <member type="way" ref="183486344" role=""/>
  <member type="way" ref="183486341" role=""/>
  <member type="way" ref="1254352999" role=""/>
  <member type="way" ref="675049623" role=""/>
  <member type="way" ref="1254353000" role=""/>
  <member type="way" ref="308210260" role=""/>
  <member type="way" ref="1556662811" role=""/>
  <member type="way" ref="1254353001" role=""/>
  <member type="way" ref="675049627" role=""/>
  <member type="way" ref="1556662810" role=""/>
  <member type="way" ref="308210258" role=""/>
  <member type="way" ref="308210259" role=""/>
  <member type="way" ref="425659691" role=""/>
  <member type="way" ref="425659687" role=""/>
  <member type="way" ref="425659688" role=""/>
  <member type="way" ref="425659692" role=""/>
  <member type="way" ref="425659690" role=""/>
  <member type="way" ref="425659689" role=""/>
  <member type="way" ref="1414820669" role=""/>
  <member type="way" ref="1414820670" role=""/>
  <member type="way" ref="1414821592" role=""/>
  <member type="way" ref="1414821593" role=""/>
  <member type="way" ref="1414844863" role=""/>
  <member type="way" ref="1414844864" role=""/>
  <member type="way" ref="223849437" role=""/>
  <member type="way" ref="478723188" role=""/>
  <member type="way" ref="478723189" role=""/>
  <member type="way" ref="196591471" role=""/>
  <member type="way" ref="196591472" role=""/>
  <member type="way" ref="326464529" role=""/>
  <member type="way" ref="1537369377" role=""/>
  <member type="way" ref="326464528" role=""/>
  <member type="way" ref="326464527" role=""/>
  <member type="way" ref="1537369376" role=""/>
  <member type="way" ref="198706377" role=""/>
  <member type="way" ref="1537179614" role=""/>
  <member type="way" ref="675049621" role=""/>
  <member type="way" ref="1078377450" role=""/>
  <member type="way" ref="1078377449" role=""/>
  <member type="way" ref="198706376" role=""/>
  <member type="way" ref="198706375" role=""/>
  <member type="way" ref="397174251" role=""/>
  <member type="way" ref="627649777" role=""/>
  <member type="way" ref="196591470" role=""/>
  <member type="way" ref="323574766" role=""/>
  <member type="way" ref="675049501" role=""/>
  <member type="way" ref="139456736" role=""/>
  <member type="way" ref="45738910" role="forward"/>
  <member type="way" ref="319237801" role="forward"/>
  <member type="way" ref="564443348" role="forward"/>
  <member type="way" ref="20148947" role="forward"/>
  <member type="way" ref="675747286" role="forward"/>
  <member type="way" ref="373861334" role="forward"/>
  <member type="way" ref="1254352987" role="forward"/>
  <member type="way" ref="20138806" role="forward"/>
  <member type="way" ref="675747287" role="forward"/>
  <member type="way" ref="319110231" role="forward"/>
  <member type="way" ref="157188885" role="forward"/>
  <member type="way" ref="1175231304" role="forward"/>
  <member type="way" ref="20125746" role=""/>
  <member type="way" ref="20125607" role=""/>
  <member type="way" ref="1388154786" role=""/>
  <member type="way" ref="674338745" role=""/>
  <member type="way" ref="954209526" role=""/>
  <member type="way" ref="469983182" role=""/>
  <member type="way" ref="249488973" role=""/>
  <member type="way" ref="322874313" role=""/>
  <member type="way" ref="674338762" role=""/>
  <member type="way" ref="674338763" role="forward"/>
  <member type="way" ref="675890209" role="forward"/>
  <member type="way" ref="674746347" role="forward"/>
  <member type="way" ref="675049572" role="forward"/>
  <member type="way" ref="675049571" role="forward"/>
  <member type="way" ref="675049570" role="forward"/>
  <member type="way" ref="674746348" role="forward"/>
  <tag k="fixme" v="verify route at east end"/>
  <tag k="name" v="Centro 323 James Street-Minoa"/>
  <tag k="network" v="Centro Syracuse"/>
  <tag k="network:wikidata" v="Q130302372"/>
  <tag k="operator" v="Central New York Regional Transportation Authority"/>
  <tag k="operator:short" v="Centro"/>
  <tag k="operator:wikidata" v="Q5061513"/>
  <tag k="public_transport:version" v="1"/>
  <tag k="ref" v="323"/>
  <tag k="route" v="bus"/>
  <tag k="type" v="route"/>
 </relation>
 <relation id="9377460" visible="true" version="12" changeset="166505836" timestamp="2025-05-20T05:36:59Z" user="amitshrivastava_lyft" uid="21019370">
  <member type="node" ref="6315270791" role="stop"/>
  <member type="node" ref="6315270788" role="stop"/>
  <member type="node" ref="6315270796" role="stop"/>
  <member type="way" ref="236896631" role="forward"/>
  <member type="way" ref="237054936" role="forward"/>
  <member type="way" ref="20141991" role="forward"/>
  <member type="way" ref="20150883" role="forward"/>
  <member type="way" ref="20127207" role="forward"/>
  <member type="way" ref="20142272" role="forward"/>
  <member type="way" ref="675049644" role="forward"/>
  <member type="way" ref="675049640" role="forward"/>
  <member type="way" ref="675049637" role="forward"/>
  <member type="way" ref="20133709" role="forward"/>
  <member type="way" ref="675323077" role="forward"/>
  <member type="way" ref="675049581" role="forward"/>
  <member type="way" ref="172391716" role="forward"/>
  <member type="way" ref="675049577" role="forward"/>
  <member type="way" ref="20148358" role="forward"/>
  <member type="way" ref="675049583" role=""/>
  <member type="way" ref="317569535" role=""/>
  <member type="way" ref="317569534" role=""/>
  <member type="way" ref="317569537" role=""/>
  <member type="way" ref="317569536" role=""/>
  <member type="way" ref="317569538" role=""/>
  <member type="way" ref="20149750" role="forward"/>
  <member type="way" ref="319148446" role="forward"/>
  <member type="way" ref="226009115" role="forward"/>
  <member type="way" ref="226009116" role=""/>
  <member type="way" ref="20123709" role=""/>
  <member type="way" ref="194280665" role=""/>
  <member type="way" ref="198706375" role=""/>
  <member type="way" ref="397174251" role=""/>
  <member type="way" ref="627649777" role=""/>
  <member type="way" ref="196591470" role=""/>
  <member type="way" ref="323574766" role=""/>
  <member type="way" ref="675049501" role=""/>
  <member type="way" ref="139456736" role=""/>
  <member type="way" ref="45738910" role="forward"/>
  <member type="way" ref="319237801" role="forward"/>
  <member type="way" ref="564443348" role="forward"/>
  <member type="way" ref="20148947" role="forward"/>
  <member type="way" ref="675747286" role="forward"/>
  <member type="way" ref="373861334" role="forward"/>
  <member type="way" ref="1254352987" role="forward"/>
  <member type="way" ref="20138806" role="forward"/>
  <member type="way" ref="675747287" role="forward"/>
  <member type="way" ref="319110231" role="forward"/>
  <member type="way" ref="157188885" role="forward"/>
  <member type="way" ref="1175231304" role="forward"/>
  <member type="way" ref="20125746" role=""/>
  <member type="way" ref="20125607" role=""/>
  <member type="way" ref="1388154786" role=""/>
  <member type="way" ref="674338745" role=""/>
  <member type="way" ref="954209526" role=""/>
  <member type="way" ref="469983182" role=""/>
  <member type="way" ref="249488973" role=""/>
  <member type="way" ref="322874313" role=""/>
  <member type="way" ref="674338762" role=""/>
  <member type="way" ref="674746348" role=""/>
  <member type="way" ref="675049587" role=""/>
  <member type="way" ref="675049578" role="backward"/>
  <member type="way" ref="675331850" role="backward"/>
  <member type="way" ref="675323035" role="backward"/>
  <member type="way" ref="675323034" role="backward"/>
  <member type="way" ref="675049573" role="backward"/>
  <member type="way" ref="674338763" role="forward"/>
  <member type="way" ref="675890209" role="forward"/>
  <member type="way" ref="674746347" role="forward"/>
  <member type="way" ref="675049572" role="forward"/>
  <tag k="name" v="Centro 180 Grant Boulevard-Taft Avenue"/>
  <tag k="network" v="Centro Syracuse"/>
  <tag k="network:wikidata" v="Q130302372"/>
  <tag k="operator" v="Central New York Regional Transportation Authority"/>
  <tag k="operator:short" v="Centro"/>
  <tag k="operator:wikidata" v="Q5061513"/>
  <tag k="public_transport:version" v="1"/>
  <tag k="ref" v="180"/>
  <tag k="route" v="bus"/>
  <tag k="type" v="route"/>
 </relation>
 <relation id="9377464" visible="true" version="18" changeset="185514784" timestamp="2026-07-11T02:52:37Z" user="nopeinomicon" uid="21426053">
  <member type="node" ref="6315270797" role="stop"/>
  <member type="node" ref="6315270792" role="stop"/>
  <member type="node" ref="6315270799" role="stop"/>
  <member type="node" ref="6315270788" role="stop"/>
  <member type="way" ref="20135024" role="forward"/>
  <member type="way" ref="675049656" role="forward"/>
  <member type="way" ref="249630418" role="forward"/>
  <member type="way" ref="319126647" role="forward"/>
  <member type="way" ref="139456707" role="forward"/>
  <member type="way" ref="20150011" role="forward"/>
  <member type="way" ref="911234889" role="forward"/>
  <member type="way" ref="261468496" role="forward"/>
  <member type="way" ref="675049649" role="forward"/>
  <member type="way" ref="675049640" role="forward"/>
  <member type="way" ref="675049637" role="forward"/>
  <member type="way" ref="675323078" role="forward"/>
  <member type="way" ref="675049636" role="forward"/>
  <member type="way" ref="675049633" role="forward"/>
  <member type="way" ref="249488970" role=""/>
  <member type="way" ref="524815141" role=""/>
  <member type="way" ref="308210263" role=""/>
  <member type="way" ref="20130724" role=""/>
  <member type="way" ref="308210259" role=""/>
  <member type="way" ref="425659691" role=""/>
  <member type="way" ref="425659687" role=""/>
  <member type="way" ref="425659688" role=""/>
  <member type="way" ref="425659692" role=""/>
  <member type="way" ref="425659690" role=""/>
  <member type="way" ref="425659689" role=""/>
  <member type="way" ref="1414820669" role=""/>
  <member type="way" ref="1414820670" role=""/>
  <member type="way" ref="1414821592" role=""/>
  <member type="way" ref="1414821593" role=""/>
  <member type="way" ref="1414844863" role=""/>
  <member type="way" ref="1414844864" role=""/>
  <member type="way" ref="223849437" role=""/>
  <member type="way" ref="478723188" role=""/>
  <member type="way" ref="478723189" role=""/>
  <member type="way" ref="196591471" role=""/>
  <member type="way" ref="196591472" role=""/>
  <member type="way" ref="326464529" role=""/>
  <member type="way" ref="1537369377" role=""/>
  <member type="way" ref="326464528" role=""/>
  <member type="way" ref="326464527" role=""/>
  <member type="way" ref="1537369376" role=""/>
  <member type="way" ref="198706377" role=""/>
  <member type="way" ref="1537179614" role=""/>
  <member type="way" ref="675049621" role=""/>
  <member type="way" ref="1078377450" role=""/>
  <member type="way" ref="1078377449" role=""/>
  <member type="way" ref="198706376" role=""/>
  <member type="way" ref="198706375" role=""/>
  <member type="way" ref="397174251" role=""/>
  <member type="way" ref="627649777" role=""/>
  <member type="way" ref="196591470" role=""/>
  <member type="way" ref="323574766" role=""/>
  <member type="way" ref="675049501" role=""/>
  <member type="way" ref="139456736" role=""/>
  <member type="way" ref="45738910" role="forward"/>
  <member type="way" ref="319237801" role="forward"/>
  <member type="way" ref="564443348" role="forward"/>
  <member type="way" ref="20148947" role="forward"/>
  <member type="way" ref="675747286" role="forward"/>
  <member type="way" ref="373861334" role="forward"/>
  <member type="way" ref="1254352987" role="forward"/>
  <member type="way" ref="20138806" role="forward"/>
  <member type="way" ref="675747287" role="forward"/>
  <member type="way" ref="319110231" role="forward"/>
  <member type="way" ref="157188885" role="forward"/>
  <member type="way" ref="1175231304" role="forward"/>
  <member type="way" ref="20125746" role=""/>
  <member type="way" ref="20125607" role=""/>
  <member type="way" ref="1388154786" role=""/>
  <member type="way" ref="674338745" role=""/>
  <member type="way" ref="954209526" role=""/>
  <member type="way" ref="469983182" role=""/>
  <member type="way" ref="249488973" role=""/>
  <member type="way" ref="322874313" role=""/>
  <member type="way" ref="674338762" role=""/>
  <member type="way" ref="674746348" role=""/>
  <member type="way" ref="675049587" role="backward"/>
  <member type="way" ref="675049578" role="backward"/>
  <member type="way" ref="675331850" role="backward"/>
  <member type="way" ref="675323035" role="backward"/>
  <member type="way" ref="675323034" role="backward"/>
  <member type="way" ref="675049573" role="backward"/>
  <member type="way" ref="674338763" role="forward"/>
  <member type="way" ref="675890209" role="forward"/>
  <member type="way" ref="674746347" role="forward"/>
  <member type="way" ref="675049572" role="forward"/>
  <member type="way" ref="675049571" role="forward"/>
  <tag k="name" v="Centro 120 James Street-Midler Avenue"/>
  <tag k="network" v="Centro Syracuse"/>
  <tag k="network:wikidata" v="Q130302372"/>
  <tag k="operator" v="Central New York Regional Transportation Authority"/>
  <tag k="operator:short" v="Centro"/>
  <tag k="operator:wikidata" v="Q5061513"/>
  <tag k="public_transport:version" v="1"/>
  <tag k="ref" v="120"/>
  <tag k="route" v="bus"/>
  <tag k="type" v="route"/>
 </relation>
 <relation id="9377465" visible="true" version="16" changeset="188641748" timestamp="2026-09-06T22:11:29Z" user="nopeinomicon" uid="21426053">
  <member type="node" ref="6315270797" role="stop"/>
  <member type="node" ref="6315270793" role="stop"/>
  <member type="node" ref="6315270786" role="stop"/>
  <member type="node" ref="6315270799" role="stop"/>
  <member type="way" ref="675049624" role="forward"/>
  <member type="way" ref="20139864" role="forward"/>
  <member type="way" ref="20123278" role="forward"/>
  <member type="way" ref="1254353000" role="forward"/>
  <member type="way" ref="308210260" role="forward"/>
  <member type="way" ref="1556662811" role=""/>
  <member type="way" ref="1254353001" role=""/>
  <member type="way" ref="675049627" role=""/>
  <member type="way" ref="1556662810" role=""/>
  <member type="way" ref="308210258" role=""/>
  <member type="way" ref="308210259" role=""/>
  <member type="way" ref="425659691" role=""/>
  <member type="way" ref="425659687" role=""/>
  <member type="way" ref="425659688" role=""/>
  <member type="way" ref="425659692" role=""/>
  <member type="way" ref="425659690" role=""/>
  <member type="way" ref="425659689" role=""/>
  <member type="way" ref="1414820669" role=""/>
  <member type="way" ref="1414820670" role=""/>
  <member type="way" ref="1414821592" role=""/>
  <member type="way" ref="1414821593" role=""/>
  <member type="way" ref="1414844863" role=""/>
  <member type="way" ref="1414844864" role=""/>
  <member type="way" ref="223849437" role=""/>
  <member type="way" ref="478723188" role=""/>
  <member type="way" ref="478723189" role=""/>
  <member type="way" ref="196591471" role=""/>
  <member type="way" ref="196591472" role=""/>
  <member type="way" ref="326464529" role=""/>
  <member type="way" ref="1537369377" role=""/>
  <member type="way" ref="326464528" role=""/>
  <member type="way" ref="326464527" role=""/>
  <member type="way" ref="1537369376" role=""/>
  <member type="way" ref="198706377" role=""/>
  <member type="way" ref="1537179614" role=""/>
  <member type="way" ref="675049621" role=""/>
  <member type="way" ref="1078377450" role=""/>
  <member type="way" ref="1078377449" role=""/>
  <member type="way" ref="198706376" role=""/>
  <member type="way" ref="198706375" role=""/>
  <member type="way" ref="397174251" role=""/>
  <member type="way" ref="627649777" role=""/>
  <member type="way" ref="196591470" role=""/>
  <member type="way" ref="323574766" role=""/>
  <member type="way" ref="675049501" role=""/>
  <member type="way" ref="139456736" role=""/>
  <member type="way" ref="45738910" role="forward"/>
  <member type="way" ref="319237801" role="forward"/>
  <member type="way" ref="564443348" role="forward"/>
  <member type="way" ref="20148947" role="forward"/>
  <member type="way" ref="675747286" role="forward"/>
  <member type="way" ref="373861334" role="forward"/>
  <member type="way" ref="1254352987" role="forward"/>
  <member type="way" ref="20138806" role="forward"/>
  <member type="way" ref="675747287" role="forward"/>
  <member type="way" ref="319110231" role="forward"/>
  <member type="way" ref="157188885" role="forward"/>
  <member type="way" ref="1175231304" role="forward"/>
  <member type="way" ref="20125746" role=""/>
  <member type="way" ref="20125607" role=""/>
  <member type="way" ref="1388154786" role=""/>
  <member type="way" ref="674338745" role=""/>
  <member type="way" ref="954209526" role=""/>
  <member type="way" ref="469983182" role=""/>
  <member type="way" ref="249488973" role=""/>
  <member type="way" ref="322874313" role=""/>
  <member type="way" ref="674338762" role=""/>
  <member type="way" ref="674746348" role=""/>
  <member type="way" ref="675049587" role="backward"/>
  <member type="way" ref="675049578" role="backward"/>
  <member type="way" ref="674338763" role="forward"/>
  <member type="way" ref="675890209" role="forward"/>
  <member type="way" ref="674746347" role="forward"/>
  <member type="way" ref="675049572" role="forward"/>
  <member type="way" ref="675049571" role="forward"/>
  <member type="way" ref="675049570" role="forward"/>
  <tag k="name" v="Centro 20 James Street-Lamson Street"/>
  <tag k="network" v="Centro Syracuse"/>
  <tag k="network:wikidata" v="Q130302372"/>
  <tag k="operator" v="Central New York Regional Transportation Authority"/>
  <tag k="operator:short" v="Centro"/>
  <tag k="operator:wikidata" v="Q5061513"/>
  <tag k="public_transport:version" v="1"/>
  <tag k="ref" v="20"/>
  <tag k="route" v="bus"/>
  <tag k="type" v="route"/>
 </relation>
</osm>
